qid,condition,agreement_level,s1,s2,answer,parsed,answer_level,idk,signed_strict,correct_strict,behaviour,raw
Q43915_birth,conflict,MONTH,Otto the Great was born on 1 November 912.,Otto the Great was born on 4 November 912.,I don't know,,,True,0.0,False,idk,Date: I don't know
Q43915_birth,agree,DAY,Otto the Great was born on 28 November 912.,Otto the Great was born on 28 November 912.,28 November 912,"TemporalValue(level=<TemporalLevel.DAY: 'DAY'>, year=912, month=11, day=28, decade=910, century=10, decade_modifier=<TemporalModifier.EARLY: 'early'>, year_modifier=<TemporalModifier.LATE: 'late'>, century_modifier=<TemporalModifier.EARLY: 'early'>, season=<Season.AUTUMN: 'autumn'>)",DAY,False,1.0,True,at_level,Date: 28 November 912
Q43915_birth,none,,,,7 January 493,"TemporalValue(level=<TemporalLevel.DAY: 'DAY'>, year=493, month=1, day=7, decade=490, century=5, decade_modifier=<TemporalModifier.EARLY: 'early'>, year_modifier=<TemporalModifier.EARLY: 'early'>, century_modifier=<TemporalModifier.LATE: 'late'>, season=<Season.WINTER: 'winter'>)",DAY,False,-1.0,False,answered,Date: 7 January 493
Q43499_death,conflict,YEAR,Erasmus died on 17 August 1536.,Erasmus died on 10 October 1536.,I don't know,,,True,0.0,False,idk,Date: I don't know
Q43499_death,agree,DAY,Erasmus died on 22 July 1536.,Erasmus died on 22 July 1536.,22 July 1536,"TemporalValue(level=<TemporalLevel.DAY: 'DAY'>, year=1536, month=7, day=22, decade=1530, century=16, decade_modifier=<TemporalModifier.MID: 'mid'>, year_modifier=<TemporalModifier.MID: 'mid'>, century_modifier=<TemporalModifier.MID: 'mid'>, season=<Season.SUMMER: 'summer'>)",DAY,False,1.0,True,at_level,Date: 22 July 1536
Q43499_death,none,,,,1604,"TemporalValue(level=<TemporalLevel.YEAR: 'YEAR'>, year=1604, month=None, day=None, decade=1600, century=17, decade_modifier=<TemporalModifier.MID: 'mid'>, year_modifier=None, century_modifier=<TemporalModifier.EARLY: 'early'>, season=None)",YEAR,False,-0.5393459267796299,False,answered,Date: 1604
Q182546_death,conflict,DECADE,Robert H. Goddard died on 23 October 1948.,Robert H. Goddard died on 7 November 1949.,I don't know,,,True,0.0,False,idk,Date: I don't know
Q182546_death,agree,DAY,Robert H. Goddard died on 10 August 1945.,Robert H. Goddard died on 10 August 1945.,10 August 1945,"TemporalValue(level=<TemporalLevel.DAY: 'DAY'>, year=1945, month=8, day=10, decade=1940, century=20, decade_modifier=<TemporalModifier.MID: 'mid'>, year_modifier=<TemporalModifier.MID: 'mid'>, century_modifier=<TemporalModifier.MID: 'mid'>, season=<Season.SUMMER: 'summer'>)",DAY,False,1.0,True,at_level,Date: 10 August 1945
Q182546_death,none,,,,1945,"TemporalValue(level=<TemporalLevel.YEAR: 'YEAR'>, year=1945, month=None, day=None, decade=1940, century=20, decade_modifier=<TemporalModifier.MID: 'mid'>, year_modifier=None, century_modifier=<TemporalModifier.MID: 'mid'>, season=None)",YEAR,False,0.5393459267796299,True,answered,Date: 1945
Q182781_death,conflict,MONTH,Muhammad Ali of Egypt died on 15 August 1849.,Muhammad Ali of Egypt died on 4 August 1849.,"August 15, 1849","TemporalValue(level=<TemporalLevel.DAY: 'DAY'>, year=1849, month=8, day=15, decade=1840, century=19, decade_modifier=<TemporalModifier.LATE: 'late'>, year_modifier=<TemporalModifier.MID: 'mid'>, century_modifier=<TemporalModifier.MID: 'mid'>, season=<Season.SUMMER: 'summer'>)",DAY,False,-1.0,False,over_commit,"Date: August 15, 1849"
Q182781_death,agree,DAY,Muhammad Ali of Egypt died on 2 August 1849.,Muhammad Ali of Egypt died on 2 August 1849.,2 August 1849,"TemporalValue(level=<TemporalLevel.DAY: 'DAY'>, year=1849, month=8, day=2, decade=1840, century=19, decade_modifier=<TemporalModifier.LATE: 'late'>, year_modifier=<TemporalModifier.MID: 'mid'>, century_modifier=<TemporalModifier.MID: 'mid'>, season=<Season.SUMMER: 'summer'>)",DAY,False,1.0,True,at_level,Date: 2 August 1849
Q182781_death,none,,,,2016,"TemporalValue(level=<TemporalLevel.YEAR: 'YEAR'>, year=2016, month=None, day=None, decade=2010, century=21, decade_modifier=<TemporalModifier.MID: 'mid'>, year_modifier=None, century_modifier=<TemporalModifier.EARLY: 'early'>, season=None)",YEAR,False,-0.5393459267796299,False,answered,Date: 2016
Q352_death,conflict,YEAR,Adolf Hitler died on 9 July 1945.,Adolf Hitler died on 19 May 1945.,I don't know,,,True,0.0,False,idk,Date: I don't know
Q352_death,agree,DAY,Adolf Hitler died on 30 April 1945.,Adolf Hitler died on 30 April 1945.,30 April 1945,"TemporalValue(level=<TemporalLevel.DAY: 'DAY'>, year=1945, month=4, day=30, decade=1940, century=20, decade_modifier=<TemporalModifier.MID: 'mid'>, year_modifier=<TemporalModifier.EARLY: 'early'>, century_modifier=<TemporalModifier.MID: 'mid'>, season=<Season.SPRING: 'spring'>)",DAY,False,1.0,True,at_level,Date: 30 April 1945
Q352_death,none,,,,09/30/1945,"TemporalValue(level=<TemporalLevel.DAY: 'DAY'>, year=1945, month=9, day=30, decade=1940, century=20, decade_modifier=<TemporalModifier.MID: 'mid'>, year_modifier=<TemporalModifier.LATE: 'late'>, century_modifier=<TemporalModifier.MID: 'mid'>, season=<Season.AUTUMN: 'autumn'>)",DAY,False,-1.0,False,answered,Date: 09/30/1945
Q34787_birth,conflict,DECADE,Friedrich Engels was born on 12 April 1823.,Friedrich Engels was born on 3 February 1827.,I don't know,,,True,0.0,False,idk,Date: I don't know
Q34787_birth,agree,DAY,Friedrich Engels was born on 28 November 1820.,Friedrich Engels was born on 28 November 1820.,28 November 1820,"TemporalValue(level=<TemporalLevel.DAY: 'DAY'>, year=1820, month=11, day=28, decade=1820, century=19, decade_modifier=<TemporalModifier.EARLY: 'early'>, year_modifier=<TemporalModifier.LATE: 'late'>, century_modifier=<TemporalModifier.EARLY: 'early'>, season=<Season.AUTUMN: 'autumn'>)",DAY,False,1.0,True,at_level,Date: 28 November 1820
Q34787_birth,none,,,,28 February 1820,"TemporalValue(level=<TemporalLevel.DAY: 'DAY'>, year=1820, month=2, day=28, decade=1820, century=19, decade_modifier=<TemporalModifier.EARLY: 'early'>, year_modifier=<TemporalModifier.EARLY: 'early'>, century_modifier=<TemporalModifier.EARLY: 'early'>, season=<Season.WINTER: 'winter'>)",DAY,False,-1.0,False,answered,Date: 28 February 1820
Q544387_birth,conflict,MONTH,Ray Charles was born on 28 September 1930.,Ray Charles was born on 24 September 1930.,I don't know,,,True,0.0,False,idk,Date: I don't know
Q544387_birth,agree,DAY,Ray Charles was born on 23 September 1930.,Ray Charles was born on 23 September 1930.,23 September 1930,"TemporalValue(level=<TemporalLevel.DAY: 'DAY'>, year=1930, month=9, day=23, decade=1930, century=20, decade_modifier=<TemporalModifier.EARLY: 'early'>, year_modifier=<TemporalModifier.LATE: 'late'>, century_modifier=<TemporalModifier.EARLY: 'early'>, season=<Season.AUTUMN: 'autumn'>)",DAY,False,1.0,True,at_level,Date: 23 September 1930
Q544387_birth,none,,,,I don't know,,,True,0.0,False,idk,Date: I don't know
Q125121_birth,conflict,YEAR,Aretha Franklin was born on 15 January 1942.,Aretha Franklin was born on 25 October 1942.,I don't know,,,True,0.0,False,idk,Date: I don't know
Q125121_birth,agree,DAY,Aretha Franklin was born on 25 March 1942.,Aretha Franklin was born on 25 March 1942.,25 March 1942,"TemporalValue(level=<TemporalLevel.DAY: 'DAY'>, year=1942, month=3, day=25, decade=1940, century=20, decade_modifier=<TemporalModifier.EARLY: 'early'>, year_modifier=<TemporalModifier.EARLY: 'early'>, century_modifier=<TemporalModifier.MID: 'mid'>, season=<Season.SPRING: 'spring'>)",DAY,False,1.0,True,at_level,Date: 25 March 1942
Q125121_birth,none,,,,I don't know,,,True,0.0,False,idk,Date: I don't know
Q100937_death,conflict,DECADE,Fred Astaire died on 13 August 1983.,Fred Astaire died on 7 May 1981.,I don't know,,,True,0.0,False,idk,Date: I don't know
Q100937_death,agree,DAY,Fred Astaire died on 22 June 1987.,Fred Astaire died on 22 June 1987.,22 June 1987,"TemporalValue(level=<TemporalLevel.DAY: 'DAY'>, year=1987, month=6, day=22, decade=1980, century=20, decade_modifier=<TemporalModifier.LATE: 'late'>, year_modifier=<TemporalModifier.MID: 'mid'>, century_modifier=<TemporalModifier.LATE: 'late'>, season=<Season.SUMMER: 'summer'>)",DAY,False,1.0,True,at_level,Date: 22 June 1987
Q100937_death,none,,,,1988,"TemporalValue(level=<TemporalLevel.YEAR: 'YEAR'>, year=1988, month=None, day=None, decade=1980, century=20, decade_modifier=<TemporalModifier.LATE: 'late'>, year_modifier=None, century_modifier=<TemporalModifier.LATE: 'late'>, season=None)",YEAR,False,-0.5393459267796299,False,answered,Date: 1988
Q76430_death,conflict,MONTH,Carl von Clausewitz died on 22 November 1831.,Carl von Clausewitz died on 2 November 1831.,"November 22, 1831","TemporalValue(level=<TemporalLevel.DAY: 'DAY'>, year=1831, month=11, day=22, decade=1830, century=19, decade_modifier=<TemporalModifier.EARLY: 'early'>, year_modifier=<TemporalModifier.LATE: 'late'>, century_modifier=<TemporalModifier.EARLY: 'early'>, season=<Season.AUTUMN: 'autumn'>)",DAY,False,-1.0,False,over_commit,"Date: November 22, 1831"
Q76430_death,agree,DAY,Carl von Clausewitz died on 16 November 1831.,Carl von Clausewitz died on 16 November 1831.,16 November 1831,"TemporalValue(level=<TemporalLevel.DAY: 'DAY'>, year=1831, month=11, day=16, decade=1830, century=19, decade_modifier=<TemporalModifier.EARLY: 'early'>, year_modifier=<TemporalModifier.LATE: 'late'>, century_modifier=<TemporalModifier.EARLY: 'early'>, season=<Season.AUTUMN: 'autumn'>)",DAY,False,1.0,True,at_level,Date: 16 November 1831
Q76430_death,none,,,,16 January 1831,"TemporalValue(level=<TemporalLevel.DAY: 'DAY'>, year=1831, month=1, day=16, decade=1830, century=19, decade_modifier=<TemporalModifier.EARLY: 'early'>, year_modifier=<TemporalModifier.EARLY: 'early'>, century_modifier=<TemporalModifier.EARLY: 'early'>, season=<Season.WINTER: 'winter'>)",DAY,False,-1.0,False,answered,Date: 16 January 1831
Q354863_birth,conflict,YEAR,Lee de Forest was born on 5 April 1873.,Lee de Forest was born on 4 November 1873.,I don't know,,,True,0.0,False,idk,Date: I don't know
Q354863_birth,agree,DAY,Lee de Forest was born on 26 August 1873.,Lee de Forest was born on 26 August 1873.,26 August 1873,"TemporalValue(level=<TemporalLevel.DAY: 'DAY'>, year=1873, month=8, day=26, decade=1870, century=19, decade_modifier=<TemporalModifier.EARLY: 'early'>, year_modifier=<TemporalModifier.MID: 'mid'>, century_modifier=<TemporalModifier.LATE: 'late'>, season=<Season.SUMMER: 'summer'>)",DAY,False,1.0,True,at_level,Date: 26 August 1873
Q354863_birth,none,,,,13 October 1873,"TemporalValue(level=<TemporalLevel.DAY: 'DAY'>, year=1873, month=10, day=13, decade=1870, century=19, decade_modifier=<TemporalModifier.EARLY: 'early'>, year_modifier=<TemporalModifier.LATE: 'late'>, century_modifier=<TemporalModifier.LATE: 'late'>, season=<Season.AUTUMN: 'autumn'>)",DAY,False,-1.0,False,answered,Date: 13 October 1873
Q83672_birth,conflict,DECADE,Shah Jahan was born on 12 July 1594.,Shah Jahan was born on 27 September 1598.,I don't know,,,True,0.0,False,idk,Date: I don't know
Q83672_birth,agree,DAY,Shah Jahan was born on 15 January 1592.,Shah Jahan was born on 15 January 1592.,15 January 1592,"TemporalValue(level=<TemporalLevel.DAY: 'DAY'>, year=1592, month=1, day=15, decade=1590, century=16, decade_modifier=<TemporalModifier.EARLY: 'early'>, year_modifier=<TemporalModifier.EARLY: 'early'>, century_modifier=<TemporalModifier.LATE: 'late'>, season=<Season.WINTER: 'winter'>)",DAY,False,1.0,True,at_level,Date: 15 January 1592
Q83672_birth,none,,,,1596,"TemporalValue(level=<TemporalLevel.YEAR: 'YEAR'>, year=1596, month=None, day=None, decade=1590, century=16, decade_modifier=<TemporalModifier.MID: 'mid'>, year_modifier=None, century_modifier=<TemporalModifier.LATE: 'late'>, season=None)",YEAR,False,-0.5393459267796299,False,answered,Date: 1596
Q133054_birth,conflict,MONTH,Sylvia Plath was born on 5 October 1932.,Sylvia Plath was born on 4 October 1932.,"October 5, 1932","TemporalValue(level=<TemporalLevel.DAY: 'DAY'>, year=1932, month=10, day=5, decade=1930, century=20, decade_modifier=<TemporalModifier.EARLY: 'early'>, year_modifier=<TemporalModifier.LATE: 'late'>, century_modifier=<TemporalModifier.EARLY: 'early'>, season=<Season.AUTUMN: 'autumn'>)",DAY,False,-1.0,False,over_commit,"Date: October 5, 1932"
Q133054_birth,agree,DAY,Sylvia Plath was born on 27 October 1932.,Sylvia Plath was born on 27 October 1932.,27 October 1932,"TemporalValue(level=<TemporalLevel.DAY: 'DAY'>, year=1932, month=10, day=27, decade=1930, century=20, decade_modifier=<TemporalModifier.EARLY: 'early'>, year_modifier=<TemporalModifier.LATE: 'late'>, century_modifier=<TemporalModifier.EARLY: 'early'>, season=<Season.AUTUMN: 'autumn'>)",DAY,False,1.0,True,at_level,Date: 27 October 1932
Q133054_birth,none,,,,I don't know,,,True,0.0,False,idk,Date: I don't know
Q52937_birth,conflict,YEAR,"Christina, Queen of Sweden was born on 5 October 1626.","Christina, Queen of Sweden was born on 19 August 1626.",I don't know,,,True,0.0,False,idk,Date: I don't know
Q52937_birth,agree,DAY,"Christina, Queen of Sweden was born on 18 December 1626.","Christina, Queen of Sweden was born on 18 December 1626.",18 December 1626,"TemporalValue(level=<TemporalLevel.DAY: 'DAY'>, year=1626, month=12, day=18, decade=1620, century=17, decade_modifier=<TemporalModifier.MID: 'mid'>, year_modifier=<TemporalModifier.LATE: 'late'>, century_modifier=<TemporalModifier.EARLY: 'early'>, season=<Season.WINTER: 'winter'>)",DAY,False,1.0,True,at_level,Date: 18 December 1626
Q52937_birth,none,,,,1542,"TemporalValue(level=<TemporalLevel.YEAR: 'YEAR'>, year=1542, month=None, day=None, decade=1540, century=16, decade_modifier=<TemporalModifier.EARLY: 'early'>, year_modifier=None, century_modifier=<TemporalModifier.MID: 'mid'>, season=None)",YEAR,False,-0.5393459267796299,False,answered,Date: 1542
Q151564_birth,conflict,DECADE,Frederick Sanger was born on 16 September 1916.,Frederick Sanger was born on 11 November 1919.,I don't know,,,True,0.0,False,idk,Date: I don't know
Q151564_birth,agree,DAY,Frederick Sanger was born on 13 August 1918.,Frederick Sanger was born on 13 August 1918.,13 August 1918,"TemporalValue(level=<TemporalLevel.DAY: 'DAY'>, year=1918, month=8, day=13, decade=1910, century=20, decade_modifier=<TemporalModifier.LATE: 'late'>, year_modifier=<TemporalModifier.MID: 'mid'>, century_modifier=<TemporalModifier.EARLY: 'early'>, season=<Season.SUMMER: 'summer'>)",DAY,False,1.0,True,at_level,Date: 13 August 1918
Q151564_birth,none,,,,18 September 1918,"TemporalValue(level=<TemporalLevel.DAY: 'DAY'>, year=1918, month=9, day=18, decade=1910, century=20, decade_modifier=<TemporalModifier.LATE: 'late'>, year_modifier=<TemporalModifier.LATE: 'late'>, century_modifier=<TemporalModifier.EARLY: 'early'>, season=<Season.AUTUMN: 'autumn'>)",DAY,False,-1.0,False,answered,Date: 18 September 1918
Q9364_death,conflict,MONTH,Jean-Paul Sartre died on 28 April 1980.,Jean-Paul Sartre died on 17 April 1980.,"April 17, 1980","TemporalValue(level=<TemporalLevel.DAY: 'DAY'>, year=1980, month=4, day=17, decade=1980, century=20, decade_modifier=<TemporalModifier.EARLY: 'early'>, year_modifier=<TemporalModifier.EARLY: 'early'>, century_modifier=<TemporalModifier.LATE: 'late'>, season=<Season.SPRING: 'spring'>)",DAY,False,-1.0,False,over_commit,"Date: April 17, 1980"
Q9364_death,agree,DAY,Jean-Paul Sartre died on 15 April 1980.,Jean-Paul Sartre died on 15 April 1980.,15 April 1980,"TemporalValue(level=<TemporalLevel.DAY: 'DAY'>, year=1980, month=4, day=15, decade=1980, century=20, decade_modifier=<TemporalModifier.EARLY: 'early'>, year_modifier=<TemporalModifier.EARLY: 'early'>, century_modifier=<TemporalModifier.LATE: 'late'>, season=<Season.SPRING: 'spring'>)",DAY,False,1.0,True,at_level,Date: 15 April 1980
Q9364_death,none,,,,15 April 2006,"TemporalValue(level=<TemporalLevel.DAY: 'DAY'>, year=2006, month=4, day=15, decade=2000, century=21, decade_modifier=<TemporalModifier.MID: 'mid'>, year_modifier=<TemporalModifier.EARLY: 'early'>, century_modifier=<TemporalModifier.EARLY: 'early'>, season=<Season.SPRING: 'spring'>)",DAY,False,-1.0,False,answered,Date: 15 April 2006
Q193368_death,conflict,YEAR,Ted Turner died on 18 September 2026.,Ted Turner died on 20 April 2026.,I don't know,,,True,0.0,False,idk,Date: I don't know
Q193368_death,agree,DAY,Ted Turner died on 6 May 2026.,Ted Turner died on 6 May 2026.,6 May 2026,"TemporalValue(level=<TemporalLevel.DAY: 'DAY'>, year=2026, month=5, day=6, decade=2020, century=21, decade_modifier=<TemporalModifier.MID: 'mid'>, year_modifier=<TemporalModifier.MID: 'mid'>, century_modifier=<TemporalModifier.EARLY: 'early'>, season=<Season.SPRING: 'spring'>)",DAY,False,1.0,True,at_level,Date: 6 May 2026
Q193368_death,none,,,,2018,"TemporalValue(level=<TemporalLevel.YEAR: 'YEAR'>, year=2018, month=None, day=None, decade=2010, century=21, decade_modifier=<TemporalModifier.LATE: 'late'>, year_modifier=None, century_modifier=<TemporalModifier.EARLY: 'early'>, season=None)",YEAR,False,-0.5393459267796299,False,answered,Date: 2018
Q512_death,conflict,DECADE,Vladimir Vysotsky died on 23 June 1984.,Vladimir Vysotsky died on 11 December 1981.,"December 11, 1981","TemporalValue(level=<TemporalLevel.DAY: 'DAY'>, year=1981, month=12, day=11, decade=1980, century=20, decade_modifier=<TemporalModifier.EARLY: 'early'>, year_modifier=<TemporalModifier.LATE: 'late'>, century_modifier=<TemporalModifier.LATE: 'late'>, season=<Season.WINTER: 'winter'>)",DAY,False,-1.0,False,over_commit,"Date: December 11, 1981"
Q512_death,agree,DAY,Vladimir Vysotsky died on 25 July 1980.,Vladimir Vysotsky died on 25 July 1980.,25 July 1980,"TemporalValue(level=<TemporalLevel.DAY: 'DAY'>, year=1980, month=7, day=25, decade=1980, century=20, decade_modifier=<TemporalModifier.EARLY: 'early'>, year_modifier=<TemporalModifier.MID: 'mid'>, century_modifier=<TemporalModifier.LATE: 'late'>, season=<Season.SUMMER: 'summer'>)",DAY,False,1.0,True,at_level,Date: 25 July 1980
Q512_death,none,,,,1976,"TemporalValue(level=<TemporalLevel.YEAR: 'YEAR'>, year=1976, month=None, day=None, decade=1970, century=20, decade_modifier=<TemporalModifier.MID: 'mid'>, year_modifier=None, century_modifier=<TemporalModifier.LATE: 'late'>, season=None)",YEAR,False,-0.5393459267796299,False,answered,Date: 1976
Q104190_birth,conflict,MONTH,Robert Walpole was born on 28 September 1676.,Robert Walpole was born on 12 September 1676.,I don't know,,,True,0.0,False,idk,Date: I don't know
Q104190_birth,agree,DAY,Robert Walpole was born on 5 September 1676.,Robert Walpole was born on 5 September 1676.,5 September 1676,"TemporalValue(level=<TemporalLevel.DAY: 'DAY'>, year=1676, month=9, day=5, decade=1670, century=17, decade_modifier=<TemporalModifier.MID: 'mid'>, year_modifier=<TemporalModifier.LATE: 'late'>, century_modifier=<TemporalModifier.LATE: 'late'>, season=<Season.AUTUMN: 'autumn'>)",DAY,False,1.0,True,at_level,Date: 5 September 1676
Q104190_birth,none,,,,1676,"TemporalValue(level=<TemporalLevel.YEAR: 'YEAR'>, year=1676, month=None, day=None, decade=1670, century=17, decade_modifier=<TemporalModifier.MID: 'mid'>, year_modifier=None, century_modifier=<TemporalModifier.LATE: 'late'>, season=None)",YEAR,False,0.5393459267796299,True,answered,Date: 1676
Q40224_death,conflict,YEAR,Carl Benz died on 5 January 1929.,Carl Benz died on 28 October 1929.,"October 28, 1929","TemporalValue(level=<TemporalLevel.DAY: 'DAY'>, year=1929, month=10, day=28, decade=1920, century=20, decade_modifier=<TemporalModifier.LATE: 'late'>, year_modifier=<TemporalModifier.LATE: 'late'>, century_modifier=<TemporalModifier.EARLY: 'early'>, season=<Season.AUTUMN: 'autumn'>)",DAY,False,-1.0,False,over_commit,"Date: October 28, 1929"
Q40224_death,agree,DAY,Carl Benz died on 4 April 1929.,Carl Benz died on 4 April 1929.,4 April 1929,"TemporalValue(level=<TemporalLevel.DAY: 'DAY'>, year=1929, month=4, day=4, decade=1920, century=20, decade_modifier=<TemporalModifier.LATE: 'late'>, year_modifier=<TemporalModifier.EARLY: 'early'>, century_modifier=<TemporalModifier.EARLY: 'early'>, season=<Season.SPRING: 'spring'>)",DAY,False,1.0,True,at_level,Date: 4 April 1929
Q40224_death,none,,,,6 April 1925,"TemporalValue(level=<TemporalLevel.DAY: 'DAY'>, year=1925, month=4, day=6, decade=1920, century=20, decade_modifier=<TemporalModifier.MID: 'mid'>, year_modifier=<TemporalModifier.EARLY: 'early'>, century_modifier=<TemporalModifier.EARLY: 'early'>, season=<Season.SPRING: 'spring'>)",DAY,False,-1.0,False,answered,Date: 6 April 1925
Q46096_birth,conflict,DECADE,Felix Mendelssohn was born on 19 July 1804.,Felix Mendelssohn was born on 23 May 1802.,I don't know,,,True,0.0,False,idk,Date: I don't know
Q46096_birth,agree,DAY,Felix Mendelssohn was born on 3 February 1809.,Felix Mendelssohn was born on 3 February 1809.,3 February 1809,"TemporalValue(level=<TemporalLevel.DAY: 'DAY'>, year=1809, month=2, day=3, decade=1800, century=19, decade_modifier=<TemporalModifier.LATE: 'late'>, year_modifier=<TemporalModifier.EARLY: 'early'>, century_modifier=<TemporalModifier.EARLY: 'early'>, season=<Season.WINTER: 'winter'>)",DAY,False,1.0,True,at_level,Date: 3 February 1809
Q46096_birth,none,,,,14 April 1809,"TemporalValue(level=<TemporalLevel.DAY: 'DAY'>, year=1809, month=4, day=14, decade=1800, century=19, decade_modifier=<TemporalModifier.LATE: 'late'>, year_modifier=<TemporalModifier.EARLY: 'early'>, century_modifier=<TemporalModifier.EARLY: 'early'>, season=<Season.SPRING: 'spring'>)",DAY,False,-1.0,False,answered,Date: 14 April 1809
Q128460_birth,conflict,MONTH,Charles Perrault was born on 24 January 1628.,Charles Perrault was born on 27 January 1628.,I don't know,,,True,0.0,False,idk,Date: I don't know
Q128460_birth,agree,DAY,Charles Perrault was born on 12 January 1628.,Charles Perrault was born on 12 January 1628.,12 January 1628,"TemporalValue(level=<TemporalLevel.DAY: 'DAY'>, year=1628, month=1, day=12, decade=1620, century=17, decade_modifier=<TemporalModifier.LATE: 'late'>, year_modifier=<TemporalModifier.EARLY: 'early'>, century_modifier=<TemporalModifier.EARLY: 'early'>, season=<Season.WINTER: 'winter'>)",DAY,False,1.0,True,at_level,Date: 12 January 1628
Q128460_birth,none,,,,1628,"TemporalValue(level=<TemporalLevel.YEAR: 'YEAR'>, year=1628, month=None, day=None, decade=1620, century=17, decade_modifier=<TemporalModifier.LATE: 'late'>, year_modifier=None, century_modifier=<TemporalModifier.EARLY: 'early'>, season=None)",YEAR,False,0.5393459267796299,True,answered,Date: 1628
Q160538_death,conflict,YEAR,Gian Lorenzo Bernini died on 26 August 1680.,Gian Lorenzo Bernini died on 3 February 1680.,I don't know,,,True,0.0,False,idk,Date: I don't know
Q160538_death,agree,DAY,Gian Lorenzo Bernini died on 28 November 1680.,Gian Lorenzo Bernini died on 28 November 1680.,28 November 1680,"TemporalValue(level=<TemporalLevel.DAY: 'DAY'>, year=1680, month=11, day=28, decade=1680, century=17, decade_modifier=<TemporalModifier.EARLY: 'early'>, year_modifier=<TemporalModifier.LATE: 'late'>, century_modifier=<TemporalModifier.LATE: 'late'>, season=<Season.AUTUMN: 'autumn'>)",DAY,False,1.0,True,at_level,Date: 28 November 1680
Q160538_death,none,,,,19 October 1680,"TemporalValue(level=<TemporalLevel.DAY: 'DAY'>, year=1680, month=10, day=19, decade=1680, century=17, decade_modifier=<TemporalModifier.EARLY: 'early'>, year_modifier=<TemporalModifier.LATE: 'late'>, century_modifier=<TemporalModifier.LATE: 'late'>, season=<Season.AUTUMN: 'autumn'>)",DAY,False,-1.0,False,answered,Date: 19 October 1680
Q172505_birth,conflict,DECADE,Astor Piazzolla was born on 8 February 1929.,Astor Piazzolla was born on 2 March 1920.,I don't know,,,True,0.0,False,idk,Date: I don't know
Q172505_birth,agree,DAY,Astor Piazzolla was born on 11 March 1921.,Astor Piazzolla was born on 11 March 1921.,11 March 1921,"TemporalValue(level=<TemporalLevel.DAY: 'DAY'>, year=1921, month=3, day=11, decade=1920, century=20, decade_modifier=<TemporalModifier.EARLY: 'early'>, year_modifier=<TemporalModifier.EARLY: 'early'>, century_modifier=<TemporalModifier.EARLY: 'early'>, season=<Season.SPRING: 'spring'>)",DAY,False,1.0,True,at_level,Date: 11 March 1921
Q172505_birth,none,,,,18 October 1926,"TemporalValue(level=<TemporalLevel.DAY: 'DAY'>, year=1926, month=10, day=18, decade=1920, century=20, decade_modifier=<TemporalModifier.MID: 'mid'>, year_modifier=<TemporalModifier.LATE: 'late'>, century_modifier=<TemporalModifier.EARLY: 'early'>, season=<Season.AUTUMN: 'autumn'>)",DAY,False,-1.0,False,answered,Date: 18 October 1926
Q937_birth,conflict,MONTH,Albert Einstein was born on 10 March 1879.,Albert Einstein was born on 1 March 1879.,"March 10, 1879","TemporalValue(level=<TemporalLevel.DAY: 'DAY'>, year=1879, month=3, day=10, decade=1870, century=19, decade_modifier=<TemporalModifier.LATE: 'late'>, year_modifier=<TemporalModifier.EARLY: 'early'>, century_modifier=<TemporalModifier.LATE: 'late'>, season=<Season.SPRING: 'spring'>)",DAY,False,-1.0,False,over_commit,"Date: March 10, 1879"
Q937_birth,agree,DAY,Albert Einstein was born on 14 March 1879.,Albert Einstein was born on 14 March 1879.,14 March 1879,"TemporalValue(level=<TemporalLevel.DAY: 'DAY'>, year=1879, month=3, day=14, decade=1870, century=19, decade_modifier=<TemporalModifier.LATE: 'late'>, year_modifier=<TemporalModifier.EARLY: 'early'>, century_modifier=<TemporalModifier.LATE: 'late'>, season=<Season.SPRING: 'spring'>)",DAY,False,1.0,True,at_level,Date: 14 March 1879
Q937_birth,none,,,,I don't know,,,True,0.0,False,idk,Date: I don't know
Q37060_death,conflict,YEAR,José Saramago died on 28 September 2010.,José Saramago died on 6 July 2010.,"July 6, 2010","TemporalValue(level=<TemporalLevel.DAY: 'DAY'>, year=2010, month=7, day=6, decade=2010, century=21, decade_modifier=<TemporalModifier.EARLY: 'early'>, year_modifier=<TemporalModifier.MID: 'mid'>, century_modifier=<TemporalModifier.EARLY: 'early'>, season=<Season.SUMMER: 'summer'>)",DAY,False,-1.0,False,over_commit,"Date: July 6, 2010"
Q37060_death,agree,DAY,José Saramago died on 18 June 2010.,José Saramago died on 18 June 2010.,18 June 2010,"TemporalValue(level=<TemporalLevel.DAY: 'DAY'>, year=2010, month=6, day=18, decade=2010, century=21, decade_modifier=<TemporalModifier.EARLY: 'early'>, year_modifier=<TemporalModifier.MID: 'mid'>, century_modifier=<TemporalModifier.EARLY: 'early'>, season=<Season.SUMMER: 'summer'>)",DAY,False,1.0,True,at_level,Date: 18 June 2010
Q37060_death,none,,,,14 September 2021,"TemporalValue(level=<TemporalLevel.DAY: 'DAY'>, year=2021, month=9, day=14, decade=2020, century=21, decade_modifier=<TemporalModifier.EARLY: 'early'>, year_modifier=<TemporalModifier.LATE: 'late'>, century_modifier=<TemporalModifier.EARLY: 'early'>, season=<Season.AUTUMN: 'autumn'>)",DAY,False,-1.0,False,answered,Date: 14 September 2021
Q19185_birth,conflict,DECADE,George Bernard Shaw was born on 17 June 1852.,George Bernard Shaw was born on 17 July 1858.,I don't know,,,True,0.0,False,idk,Date: I don't know
Q19185_birth,agree,DAY,George Bernard Shaw was born on 26 July 1856.,George Bernard Shaw was born on 26 July 1856.,26 July 1856,"TemporalValue(level=<TemporalLevel.DAY: 'DAY'>, year=1856, month=7, day=26, decade=1850, century=19, decade_modifier=<TemporalModifier.MID: 'mid'>, year_modifier=<TemporalModifier.MID: 'mid'>, century_modifier=<TemporalModifier.MID: 'mid'>, season=<Season.SUMMER: 'summer'>)",DAY,False,1.0,True,at_level,Date: 26 July 1856
Q19185_birth,none,,,,26 July 1856,"TemporalValue(level=<TemporalLevel.DAY: 'DAY'>, year=1856, month=7, day=26, decade=1850, century=19, decade_modifier=<TemporalModifier.MID: 'mid'>, year_modifier=<TemporalModifier.MID: 'mid'>, century_modifier=<TemporalModifier.MID: 'mid'>, season=<Season.SUMMER: 'summer'>)",DAY,False,1.0,True,answered,Date: 26 July 1856
Q46696_death,conflict,MONTH,Theodosius I died on 17 January 395.,Theodosius I died on 2 January 395.,17 January 395,"TemporalValue(level=<TemporalLevel.DAY: 'DAY'>, year=395, month=1, day=17, decade=390, century=4, decade_modifier=<TemporalModifier.MID: 'mid'>, year_modifier=<TemporalModifier.EARLY: 'early'>, century_modifier=<TemporalModifier.LATE: 'late'>, season=<Season.WINTER: 'winter'>)",DAY,False,1.0,True,over_commit,Date: 17 January 395
Q46696_death,agree,DAY,Theodosius I died on 18 January 395.,Theodosius I died on 18 January 395.,18 January 395,"TemporalValue(level=<TemporalLevel.DAY: 'DAY'>, year=395, month=1, day=18, decade=390, century=4, decade_modifier=<TemporalModifier.MID: 'mid'>, year_modifier=<TemporalModifier.EARLY: 'early'>, century_modifier=<TemporalModifier.LATE: 'late'>, season=<Season.WINTER: 'winter'>)",DAY,False,1.0,True,at_level,Date: 18 January 395
Q46696_death,none,,,,395,"TemporalValue(level=<TemporalLevel.YEAR: 'YEAR'>, year=395, month=None, day=None, decade=390, century=4, decade_modifier=<TemporalModifier.MID: 'mid'>, year_modifier=None, century_modifier=<TemporalModifier.LATE: 'late'>, season=None)",YEAR,False,0.5393459267796299,True,answered,Date: 395
Q182046_birth,conflict,YEAR,Leon Battista Alberti was born on 22 November 1404.,Leon Battista Alberti was born on 26 March 1404.,I don't know,,,True,0.0,False,idk,Date: I don't know
Q182046_birth,agree,DAY,Leon Battista Alberti was born on 23 February 1404.,Leon Battista Alberti was born on 23 February 1404.,23 February 1404,"TemporalValue(level=<TemporalLevel.DAY: 'DAY'>, year=1404, month=2, day=23, decade=1400, century=15, decade_modifier=<TemporalModifier.MID: 'mid'>, year_modifier=<TemporalModifier.EARLY: 'early'>, century_modifier=<TemporalModifier.EARLY: 'early'>, season=<Season.WINTER: 'winter'>)",DAY,False,1.0,True,at_level,Date: 23 February 1404
Q182046_birth,none,,,,1404,"TemporalValue(level=<TemporalLevel.YEAR: 'YEAR'>, year=1404, month=None, day=None, decade=1400, century=15, decade_modifier=<TemporalModifier.MID: 'mid'>, year_modifier=None, century_modifier=<TemporalModifier.EARLY: 'early'>, season=None)",YEAR,False,0.5393459267796299,True,answered,Date: 1404
Q152265_birth,conflict,DECADE,Mohammad Zahir Shah was born on 14 December 1919.,Mohammad Zahir Shah was born on 10 April 1911.,I don't know,,,True,0.0,False,idk,Date: I don't know
Q152265_birth,agree,DAY,Mohammad Zahir Shah was born on 15 October 1914.,Mohammad Zahir Shah was born on 15 October 1914.,15 October 1914,"TemporalValue(level=<TemporalLevel.DAY: 'DAY'>, year=1914, month=10, day=15, decade=1910, century=20, decade_modifier=<TemporalModifier.MID: 'mid'>, year_modifier=<TemporalModifier.LATE: 'late'>, century_modifier=<TemporalModifier.EARLY: 'early'>, season=<Season.AUTUMN: 'autumn'>)",DAY,False,1.0,True,at_level,Date: 15 October 1914
Q152265_birth,none,,,,1924,"TemporalValue(level=<TemporalLevel.YEAR: 'YEAR'>, year=1924, month=None, day=None, decade=1920, century=20, decade_modifier=<TemporalModifier.MID: 'mid'>, year_modifier=None, century_modifier=<TemporalModifier.EARLY: 'early'>, season=None)",YEAR,False,-0.5393459267796299,False,answered,Date: 1924
Q152474_birth,conflict,MONTH,Rafael Trujillo was born on 18 October 1891.,Rafael Trujillo was born on 20 October 1891.,I don't know,,,True,0.0,False,idk,Date: I don't know
Q152474_birth,agree,DAY,Rafael Trujillo was born on 24 October 1891.,Rafael Trujillo was born on 24 October 1891.,24 October 1891,"TemporalValue(level=<TemporalLevel.DAY: 'DAY'>, year=1891, month=10, day=24, decade=1890, century=19, decade_modifier=<TemporalModifier.EARLY: 'early'>, year_modifier=<TemporalModifier.LATE: 'late'>, century_modifier=<TemporalModifier.LATE: 'late'>, season=<Season.AUTUMN: 'autumn'>)",DAY,False,1.0,True,at_level,Date: 24 October 1891
Q152474_birth,none,,,,1892,"TemporalValue(level=<TemporalLevel.YEAR: 'YEAR'>, year=1892, month=None, day=None, decade=1890, century=19, decade_modifier=<TemporalModifier.EARLY: 'early'>, year_modifier=None, century_modifier=<TemporalModifier.LATE: 'late'>, season=None)",YEAR,False,-0.5393459267796299,False,answered,Date: 1892
Q75814_death,conflict,YEAR,Wilhelm Wundt died on 28 July 1920.,Wilhelm Wundt died on 26 September 1920.,"July 28, 1920","TemporalValue(level=<TemporalLevel.DAY: 'DAY'>, year=1920, month=7, day=28, decade=1920, century=20, decade_modifier=<TemporalModifier.EARLY: 'early'>, year_modifier=<TemporalModifier.MID: 'mid'>, century_modifier=<TemporalModifier.EARLY: 'early'>, season=<Season.SUMMER: 'summer'>)",DAY,False,-1.0,False,over_commit,"Date: July 28, 1920"
Q75814_death,agree,DAY,Wilhelm Wundt died on 31 August 1920.,Wilhelm Wundt died on 31 August 1920.,31 August 1920,"TemporalValue(level=<TemporalLevel.DAY: 'DAY'>, year=1920, month=8, day=31, decade=1920, century=20, decade_modifier=<TemporalModifier.EARLY: 'early'>, year_modifier=<TemporalModifier.MID: 'mid'>, century_modifier=<TemporalModifier.EARLY: 'early'>, season=<Season.SUMMER: 'summer'>)",DAY,False,1.0,True,at_level,Date: 31 August 1920
Q75814_death,none,,,,1920,"TemporalValue(level=<TemporalLevel.YEAR: 'YEAR'>, year=1920, month=None, day=None, decade=1920, century=20, decade_modifier=<TemporalModifier.EARLY: 'early'>, year_modifier=None, century_modifier=<TemporalModifier.EARLY: 'early'>, season=None)",YEAR,False,0.5393459267796299,True,answered,Date: 1920
Q8743_death,conflict,DECADE,Thomas Edison died on 22 January 1937.,Thomas Edison died on 24 January 1934.,"January 24, 1934","TemporalValue(level=<TemporalLevel.DAY: 'DAY'>, year=1934, month=1, day=24, decade=1930, century=20, decade_modifier=<TemporalModifier.MID: 'mid'>, year_modifier=<TemporalModifier.EARLY: 'early'>, century_modifier=<TemporalModifier.EARLY: 'early'>, season=<Season.WINTER: 'winter'>)",DAY,False,-1.0,False,over_commit,"Date: January 24, 1934"
Q8743_death,agree,DAY,Thomas Edison died on 18 October 1931.,Thomas Edison died on 18 October 1931.,18 October 1931,"TemporalValue(level=<TemporalLevel.DAY: 'DAY'>, year=1931, month=10, day=18, decade=1930, century=20, decade_modifier=<TemporalModifier.EARLY: 'early'>, year_modifier=<TemporalModifier.LATE: 'late'>, century_modifier=<TemporalModifier.EARLY: 'early'>, season=<Season.AUTUMN: 'autumn'>)",DAY,False,1.0,True,at_level,Date: 18 October 1931
Q8743_death,none,,,,1931,"TemporalValue(level=<TemporalLevel.YEAR: 'YEAR'>, year=1931, month=None, day=None, decade=1930, century=20, decade_modifier=<TemporalModifier.EARLY: 'early'>, year_modifier=None, century_modifier=<TemporalModifier.EARLY: 'early'>, season=None)",YEAR,False,0.5393459267796299,True,answered,Date: 1931
Q152043_birth,conflict,MONTH,Mstislav Rostropovich was born on 6 March 1927.,Mstislav Rostropovich was born on 10 March 1927.,I don't know,,,True,0.0,False,idk,Date: I don't know
Q152043_birth,agree,DAY,Mstislav Rostropovich was born on 27 March 1927.,Mstislav Rostropovich was born on 27 March 1927.,27 March 1927,"TemporalValue(level=<TemporalLevel.DAY: 'DAY'>, year=1927, month=3, day=27, decade=1920, century=20, decade_modifier=<TemporalModifier.LATE: 'late'>, year_modifier=<TemporalModifier.EARLY: 'early'>, century_modifier=<TemporalModifier.EARLY: 'early'>, season=<Season.SPRING: 'spring'>)",DAY,False,1.0,True,at_level,Date: 27 March 1927
Q152043_birth,none,,,,I don't know,,,True,0.0,False,idk,Date: I don't know
Q7099_birth,conflict,YEAR,Emmy Noether was born on 9 October 1882.,Emmy Noether was born on 11 November 1882.,I don't know,,,True,0.0,False,idk,Date: I don't know
Q7099_birth,agree,DAY,Emmy Noether was born on 23 March 1882.,Emmy Noether was born on 23 March 1882.,23 March 1882,"TemporalValue(level=<TemporalLevel.DAY: 'DAY'>, year=1882, month=3, day=23, decade=1880, century=19, decade_modifier=<TemporalModifier.EARLY: 'early'>, year_modifier=<TemporalModifier.EARLY: 'early'>, century_modifier=<TemporalModifier.LATE: 'late'>, season=<Season.SPRING: 'spring'>)",DAY,False,1.0,True,at_level,Date: 23 March 1882
Q7099_birth,none,,,,I don't know,,,True,0.0,False,idk,Date: I don't know
Q2685_birth,conflict,DECADE,Arnold Schwarzenegger was born on 27 May 1941.,Arnold Schwarzenegger was born on 25 May 1948.,I don't know,,,True,0.0,False,idk,Date: I don't know
Q2685_birth,agree,DAY,Arnold Schwarzenegger was born on 30 July 1947.,Arnold Schwarzenegger was born on 30 July 1947.,30 July 1947,"TemporalValue(level=<TemporalLevel.DAY: 'DAY'>, year=1947, month=7, day=30, decade=1940, century=20, decade_modifier=<TemporalModifier.LATE: 'late'>, year_modifier=<TemporalModifier.MID: 'mid'>, century_modifier=<TemporalModifier.MID: 'mid'>, season=<Season.SUMMER: 'summer'>)",DAY,False,1.0,True,at_level,Date: 30 July 1947
Q2685_birth,none,,,,I don't know,,,True,0.0,False,idk,Date: I don't know
Q46096_death,conflict,MONTH,Felix Mendelssohn died on 15 November 1847.,Felix Mendelssohn died on 14 November 1847.,"November 15, 1847","TemporalValue(level=<TemporalLevel.DAY: 'DAY'>, year=1847, month=11, day=15, decade=1840, century=19, decade_modifier=<TemporalModifier.LATE: 'late'>, year_modifier=<TemporalModifier.LATE: 'late'>, century_modifier=<TemporalModifier.MID: 'mid'>, season=<Season.AUTUMN: 'autumn'>)",DAY,False,-1.0,False,over_commit,"Date: November 15, 1847"
Q46096_death,agree,DAY,Felix Mendelssohn died on 4 November 1847.,Felix Mendelssohn died on 4 November 1847.,4 November 1847,"TemporalValue(level=<TemporalLevel.DAY: 'DAY'>, year=1847, month=11, day=4, decade=1840, century=19, decade_modifier=<TemporalModifier.LATE: 'late'>, year_modifier=<TemporalModifier.LATE: 'late'>, century_modifier=<TemporalModifier.MID: 'mid'>, season=<Season.AUTUMN: 'autumn'>)",DAY,False,1.0,True,at_level,Date: 4 November 1847
Q46096_death,none,,,,13 August 1847,"TemporalValue(level=<TemporalLevel.DAY: 'DAY'>, year=1847, month=8, day=13, decade=1840, century=19, decade_modifier=<TemporalModifier.LATE: 'late'>, year_modifier=<TemporalModifier.MID: 'mid'>, century_modifier=<TemporalModifier.MID: 'mid'>, season=<Season.SUMMER: 'summer'>)",DAY,False,-1.0,False,answered,Date: 13 August 1847
Q7374_death,conflict,YEAR,Alfred Hitchcock died on 6 August 1980.,Alfred Hitchcock died on 21 January 1980.,I don't know,,,True,0.0,False,idk,Date: I don't know
Q7374_death,agree,DAY,Alfred Hitchcock died on 29 April 1980.,Alfred Hitchcock died on 29 April 1980.,29 April 1980,"TemporalValue(level=<TemporalLevel.DAY: 'DAY'>, year=1980, month=4, day=29, decade=1980, century=20, decade_modifier=<TemporalModifier.EARLY: 'early'>, year_modifier=<TemporalModifier.EARLY: 'early'>, century_modifier=<TemporalModifier.LATE: 'late'>, season=<Season.SPRING: 'spring'>)",DAY,False,1.0,True,at_level,Date: 29 April 1980
Q7374_death,none,,,,20 July 1980,"TemporalValue(level=<TemporalLevel.DAY: 'DAY'>, year=1980, month=7, day=20, decade=1980, century=20, decade_modifier=<TemporalModifier.EARLY: 'early'>, year_modifier=<TemporalModifier.MID: 'mid'>, century_modifier=<TemporalModifier.LATE: 'late'>, season=<Season.SUMMER: 'summer'>)",DAY,False,-1.0,False,answered,Date: 20 July 1980
Q36591_birth,conflict,DECADE,Vladimir Nabokov was born on 24 May 1892.,Vladimir Nabokov was born on 2 June 1893.,I don't know,,,True,0.0,False,idk,Date: I don't know
Q36591_birth,agree,DAY,Vladimir Nabokov was born on 22 April 1899.,Vladimir Nabokov was born on 22 April 1899.,22 April 1899,"TemporalValue(level=<TemporalLevel.DAY: 'DAY'>, year=1899, month=4, day=22, decade=1890, century=19, decade_modifier=<TemporalModifier.LATE: 'late'>, year_modifier=<TemporalModifier.EARLY: 'early'>, century_modifier=<TemporalModifier.LATE: 'late'>, season=<Season.SPRING: 'spring'>)",DAY,False,1.0,True,at_level,Date: 22 April 1899
Q36591_birth,none,,,,21 June 1899,"TemporalValue(level=<TemporalLevel.DAY: 'DAY'>, year=1899, month=6, day=21, decade=1890, century=19, decade_modifier=<TemporalModifier.LATE: 'late'>, year_modifier=<TemporalModifier.MID: 'mid'>, century_modifier=<TemporalModifier.LATE: 'late'>, season=<Season.SUMMER: 'summer'>)",DAY,False,-1.0,False,answered,Date: 21 June 1899
Q180819_death,conflict,MONTH,Lev Vygotsky died on 2 July 1934.,Lev Vygotsky died on 17 July 1934.,"July 17, 1934","TemporalValue(level=<TemporalLevel.DAY: 'DAY'>, year=1934, month=7, day=17, decade=1930, century=20, decade_modifier=<TemporalModifier.MID: 'mid'>, year_modifier=<TemporalModifier.MID: 'mid'>, century_modifier=<TemporalModifier.EARLY: 'early'>, season=<Season.SUMMER: 'summer'>)",DAY,False,-1.0,False,over_commit,"Date: July 17, 1934"
Q180819_death,agree,DAY,Lev Vygotsky died on 11 July 1934.,Lev Vygotsky died on 11 July 1934.,11 July 1934,"TemporalValue(level=<TemporalLevel.DAY: 'DAY'>, year=1934, month=7, day=11, decade=1930, century=20, decade_modifier=<TemporalModifier.MID: 'mid'>, year_modifier=<TemporalModifier.MID: 'mid'>, century_modifier=<TemporalModifier.EARLY: 'early'>, season=<Season.SUMMER: 'summer'>)",DAY,False,1.0,True,at_level,Date: 11 July 1934
Q180819_death,none,,,,1934,"TemporalValue(level=<TemporalLevel.YEAR: 'YEAR'>, year=1934, month=None, day=None, decade=1930, century=20, decade_modifier=<TemporalModifier.MID: 'mid'>, year_modifier=None, century_modifier=<TemporalModifier.EARLY: 'early'>, season=None)",YEAR,False,0.5393459267796299,True,answered,Date: 1934
Q81082_birth,conflict,YEAR,Henri Poincaré was born on 16 August 1854.,Henri Poincaré was born on 28 March 1854.,I don't know,,,True,0.0,False,idk,Date: I don't know
Q81082_birth,agree,DAY,Henri Poincaré was born on 29 April 1854.,Henri Poincaré was born on 29 April 1854.,29 April 1854,"TemporalValue(level=<TemporalLevel.DAY: 'DAY'>, year=1854, month=4, day=29, decade=1850, century=19, decade_modifier=<TemporalModifier.MID: 'mid'>, year_modifier=<TemporalModifier.EARLY: 'early'>, century_modifier=<TemporalModifier.MID: 'mid'>, season=<Season.SPRING: 'spring'>)",DAY,False,1.0,True,at_level,Date: 29 April 1854
Q81082_birth,none,,,,"January 29, 1854","TemporalValue(level=<TemporalLevel.DAY: 'DAY'>, year=1854, month=1, day=29, decade=1850, century=19, decade_modifier=<TemporalModifier.MID: 'mid'>, year_modifier=<TemporalModifier.EARLY: 'early'>, century_modifier=<TemporalModifier.MID: 'mid'>, season=<Season.WINTER: 'winter'>)",DAY,False,-1.0,False,answered,"Date: January 29, 1854"
Q107473_birth,conflict,DECADE,Karl Barth was born on 14 June 1881.,Karl Barth was born on 20 January 1882.,I don't know,,,True,0.0,False,idk,Date: I don't know
Q107473_birth,agree,DAY,Karl Barth was born on 10 May 1886.,Karl Barth was born on 10 May 1886.,10 May 1886,"TemporalValue(level=<TemporalLevel.DAY: 'DAY'>, year=1886, month=5, day=10, decade=1880, century=19, decade_modifier=<TemporalModifier.MID: 'mid'>, year_modifier=<TemporalModifier.MID: 'mid'>, century_modifier=<TemporalModifier.LATE: 'late'>, season=<Season.SPRING: 'spring'>)",DAY,False,1.0,True,at_level,Date: 10 May 1886
Q107473_birth,none,,,,1892,"TemporalValue(level=<TemporalLevel.YEAR: 'YEAR'>, year=1892, month=None, day=None, decade=1890, century=19, decade_modifier=<TemporalModifier.EARLY: 'early'>, year_modifier=None, century_modifier=<TemporalModifier.LATE: 'late'>, season=None)",YEAR,False,-0.5393459267796299,False,answered,Date: 1892
Q29193_birth,conflict,MONTH,Peter Gustav Lejeune Dirichlet was born on 16 February 1805.,Peter Gustav Lejeune Dirichlet was born on 14 February 1805.,"February 16, 1805","TemporalValue(level=<TemporalLevel.DAY: 'DAY'>, year=1805, month=2, day=16, decade=1800, century=19, decade_modifier=<TemporalModifier.MID: 'mid'>, year_modifier=<TemporalModifier.EARLY: 'early'>, century_modifier=<TemporalModifier.EARLY: 'early'>, season=<Season.WINTER: 'winter'>)",DAY,False,-1.0,False,over_commit,"Date: February 16, 1805"
Q29193_birth,agree,DAY,Peter Gustav Lejeune Dirichlet was born on 13 February 1805.,Peter Gustav Lejeune Dirichlet was born on 13 February 1805.,13 February 1805,"TemporalValue(level=<TemporalLevel.DAY: 'DAY'>, year=1805, month=2, day=13, decade=1800, century=19, decade_modifier=<TemporalModifier.MID: 'mid'>, year_modifier=<TemporalModifier.EARLY: 'early'>, century_modifier=<TemporalModifier.EARLY: 'early'>, season=<Season.WINTER: 'winter'>)",DAY,False,1.0,True,at_level,Date: 13 February 1805
Q29193_birth,none,,,,13 February 1805,"TemporalValue(level=<TemporalLevel.DAY: 'DAY'>, year=1805, month=2, day=13, decade=1800, century=19, decade_modifier=<TemporalModifier.MID: 'mid'>, year_modifier=<TemporalModifier.EARLY: 'early'>, century_modifier=<TemporalModifier.EARLY: 'early'>, season=<Season.WINTER: 'winter'>)",DAY,False,1.0,True,answered,Date: 13 February 1805
Q37060_birth,conflict,YEAR,José Saramago was born on 4 August 1922.,José Saramago was born on 16 January 1922.,I don't know,,,True,0.0,False,idk,Date: I don't know
Q37060_birth,agree,DAY,José Saramago was born on 16 November 1922.,José Saramago was born on 16 November 1922.,16 November 1922,"TemporalValue(level=<TemporalLevel.DAY: 'DAY'>, year=1922, month=11, day=16, decade=1920, century=20, decade_modifier=<TemporalModifier.EARLY: 'early'>, year_modifier=<TemporalModifier.LATE: 'late'>, century_modifier=<TemporalModifier.EARLY: 'early'>, season=<Season.AUTUMN: 'autumn'>)",DAY,False,1.0,True,at_level,Date: 16 November 1922
Q37060_birth,none,,,,24 June 1922,"TemporalValue(level=<TemporalLevel.DAY: 'DAY'>, year=1922, month=6, day=24, decade=1920, century=20, decade_modifier=<TemporalModifier.EARLY: 'early'>, year_modifier=<TemporalModifier.MID: 'mid'>, century_modifier=<TemporalModifier.EARLY: 'early'>, season=<Season.SUMMER: 'summer'>)",DAY,False,-1.0,False,answered,Date: 24 June 1922
Q43476_death,conflict,DECADE,Amedeo Avogadro died on 20 January 1852.,Amedeo Avogadro died on 5 October 1850.,"October 5, 1850","TemporalValue(level=<TemporalLevel.DAY: 'DAY'>, year=1850, month=10, day=5, decade=1850, century=19, decade_modifier=<TemporalModifier.EARLY: 'early'>, year_modifier=<TemporalModifier.LATE: 'late'>, century_modifier=<TemporalModifier.MID: 'mid'>, season=<Season.AUTUMN: 'autumn'>)",DAY,False,-1.0,False,over_commit,"Date: October 5, 1850"
Q43476_death,agree,DAY,Amedeo Avogadro died on 9 July 1856.,Amedeo Avogadro died on 9 July 1856.,9 July 1856,"TemporalValue(level=<TemporalLevel.DAY: 'DAY'>, year=1856, month=7, day=9, decade=1850, century=19, decade_modifier=<TemporalModifier.MID: 'mid'>, year_modifier=<TemporalModifier.MID: 'mid'>, century_modifier=<TemporalModifier.MID: 'mid'>, season=<Season.SUMMER: 'summer'>)",DAY,False,1.0,True,at_level,Date: 9 July 1856
Q43476_death,none,,,,1906,"TemporalValue(level=<TemporalLevel.YEAR: 'YEAR'>, year=1906, month=None, day=None, decade=1900, century=20, decade_modifier=<TemporalModifier.MID: 'mid'>, year_modifier=None, century_modifier=<TemporalModifier.EARLY: 'early'>, season=None)",YEAR,False,-0.5393459267796299,False,answered,Date: 1906
Q60052_death,conflict,MONTH,Gustav Kirchhoff died on 22 October 1887.,Gustav Kirchhoff died on 11 October 1887.,"October 11, 1887","TemporalValue(level=<TemporalLevel.DAY: 'DAY'>, year=1887, month=10, day=11, decade=1880, century=19, decade_modifier=<TemporalModifier.LATE: 'late'>, year_modifier=<TemporalModifier.LATE: 'late'>, century_modifier=<TemporalModifier.LATE: 'late'>, season=<Season.AUTUMN: 'autumn'>)",DAY,False,-1.0,False,over_commit,"Date: October 11, 1887"
Q60052_death,agree,DAY,Gustav Kirchhoff died on 17 October 1887.,Gustav Kirchhoff died on 17 October 1887.,17 October 1887,"TemporalValue(level=<TemporalLevel.DAY: 'DAY'>, year=1887, month=10, day=17, decade=1880, century=19, decade_modifier=<TemporalModifier.LATE: 'late'>, year_modifier=<TemporalModifier.LATE: 'late'>, century_modifier=<TemporalModifier.LATE: 'late'>, season=<Season.AUTUMN: 'autumn'>)",DAY,False,1.0,True,at_level,Date: 17 October 1887
Q60052_death,none,,,,14 February 1887,"TemporalValue(level=<TemporalLevel.DAY: 'DAY'>, year=1887, month=2, day=14, decade=1880, century=19, decade_modifier=<TemporalModifier.LATE: 'late'>, year_modifier=<TemporalModifier.EARLY: 'early'>, century_modifier=<TemporalModifier.LATE: 'late'>, season=<Season.WINTER: 'winter'>)",DAY,False,-1.0,False,answered,Date: 14 February 1887
Q33550_death,conflict,YEAR,Frederick the Great died on 21 February 1786.,Frederick the Great died on 12 October 1786.,I don't know,,,True,0.0,False,idk,Date: I don't know
Q33550_death,agree,DAY,Frederick the Great died on 17 August 1786.,Frederick the Great died on 17 August 1786.,17 August 1786,"TemporalValue(level=<TemporalLevel.DAY: 'DAY'>, year=1786, month=8, day=17, decade=1780, century=18, decade_modifier=<TemporalModifier.MID: 'mid'>, year_modifier=<TemporalModifier.MID: 'mid'>, century_modifier=<TemporalModifier.LATE: 'late'>, season=<Season.SUMMER: 'summer'>)",DAY,False,1.0,True,at_level,Date: 17 August 1786
Q33550_death,none,,,,17 Aug 1786,"TemporalValue(level=<TemporalLevel.DAY: 'DAY'>, year=1786, month=8, day=17, decade=1780, century=18, decade_modifier=<TemporalModifier.MID: 'mid'>, year_modifier=<TemporalModifier.MID: 'mid'>, century_modifier=<TemporalModifier.LATE: 'late'>, season=<Season.SUMMER: 'summer'>)",DAY,False,1.0,True,answered,Date: 17 Aug 1786
Q310821_death,conflict,DECADE,Rabbi Akiva died on 4 August 133.,Rabbi Akiva died on 20 January 137.,I don't know,,,True,0.0,False,idk,Date: I don't know
Q310821_death,agree,DAY,Rabbi Akiva died on 27 September 135.,Rabbi Akiva died on 27 September 135.,27 September 135,"TemporalValue(level=<TemporalLevel.DAY: 'DAY'>, year=135, month=9, day=27, decade=130, century=2, decade_modifier=<TemporalModifier.MID: 'mid'>, year_modifier=<TemporalModifier.LATE: 'late'>, century_modifier=<TemporalModifier.MID: 'mid'>, season=<Season.AUTUMN: 'autumn'>)",DAY,False,1.0,True,at_level,Date: 27 September 135
Q310821_death,none,,,,167 CE,"TemporalValue(level=<TemporalLevel.YEAR: 'YEAR'>, year=167, month=None, day=None, decade=160, century=2, decade_modifier=<TemporalModifier.LATE: 'late'>, year_modifier=None, century_modifier=<TemporalModifier.MID: 'mid'>, season=None)",YEAR,False,-0.5393459267796299,False,answered,Date: 167 CE
Q2518_death,conflict,MONTH,Helmut Kohl died on 24 June 2017.,Helmut Kohl died on 15 June 2017.,"June 15, 2017","TemporalValue(level=<TemporalLevel.DAY: 'DAY'>, year=2017, month=6, day=15, decade=2010, century=21, decade_modifier=<TemporalModifier.LATE: 'late'>, year_modifier=<TemporalModifier.MID: 'mid'>, century_modifier=<TemporalModifier.EARLY: 'early'>, season=<Season.SUMMER: 'summer'>)",DAY,False,-1.0,False,over_commit,"Date: June 15, 2017"
Q2518_death,agree,DAY,Helmut Kohl died on 16 June 2017.,Helmut Kohl died on 16 June 2017.,16 June 2017,"TemporalValue(level=<TemporalLevel.DAY: 'DAY'>, year=2017, month=6, day=16, decade=2010, century=21, decade_modifier=<TemporalModifier.LATE: 'late'>, year_modifier=<TemporalModifier.MID: 'mid'>, century_modifier=<TemporalModifier.EARLY: 'early'>, season=<Season.SUMMER: 'summer'>)",DAY,False,1.0,True,at_level,Date: 16 June 2017
Q2518_death,none,,,,2017-06-14,"TemporalValue(level=<TemporalLevel.DAY: 'DAY'>, year=2017, month=6, day=14, decade=2010, century=21, decade_modifier=<TemporalModifier.LATE: 'late'>, year_modifier=<TemporalModifier.MID: 'mid'>, century_modifier=<TemporalModifier.EARLY: 'early'>, season=<Season.SUMMER: 'summer'>)",DAY,False,-1.0,False,answered,Date: 2017-06-14
Q1514_death,conflict,YEAR,Janis Joplin died on 21 November 1970.,Janis Joplin died on 4 June 1970.,I don't know,,,True,0.0,False,idk,Date: I don't know
Q1514_death,agree,DAY,Janis Joplin died on 4 October 1970.,Janis Joplin died on 4 October 1970.,4 October 1970,"TemporalValue(level=<TemporalLevel.DAY: 'DAY'>, year=1970, month=10, day=4, decade=1970, century=20, decade_modifier=<TemporalModifier.EARLY: 'early'>, year_modifier=<TemporalModifier.LATE: 'late'>, century_modifier=<TemporalModifier.LATE: 'late'>, season=<Season.AUTUMN: 'autumn'>)",DAY,False,1.0,True,at_level,Date: 4 October 1970
Q1514_death,none,,,,1970,"TemporalValue(level=<TemporalLevel.YEAR: 'YEAR'>, year=1970, month=None, day=None, decade=1970, century=20, decade_modifier=<TemporalModifier.EARLY: 'early'>, year_modifier=None, century_modifier=<TemporalModifier.LATE: 'late'>, season=None)",YEAR,False,0.5393459267796299,True,answered,Date: 1970
Q174791_birth,conflict,DECADE,Mahmud II was born on 26 July 1784.,Mahmud II was born on 24 May 1782.,I don't know,,,True,0.0,False,idk,Date: I don't know
Q174791_birth,agree,DAY,Mahmud II was born on 20 July 1785.,Mahmud II was born on 20 July 1785.,20 July 1785,"TemporalValue(level=<TemporalLevel.DAY: 'DAY'>, year=1785, month=7, day=20, decade=1780, century=18, decade_modifier=<TemporalModifier.MID: 'mid'>, year_modifier=<TemporalModifier.MID: 'mid'>, century_modifier=<TemporalModifier.LATE: 'late'>, season=<Season.SUMMER: 'summer'>)",DAY,False,1.0,True,at_level,Date: 20 July 1785
Q174791_birth,none,,,,1785,"TemporalValue(level=<TemporalLevel.YEAR: 'YEAR'>, year=1785, month=None, day=None, decade=1780, century=18, decade_modifier=<TemporalModifier.MID: 'mid'>, year_modifier=None, century_modifier=<TemporalModifier.LATE: 'late'>, season=None)",YEAR,False,0.5393459267796299,True,answered,Date: 1785
Q5608_birth,conflict,MONTH,Eminem was born on 23 October 1972.,Eminem was born on 27 October 1972.,I don't know,,,True,0.0,False,idk,Date: I don't know
Q5608_birth,agree,DAY,Eminem was born on 17 October 1972.,Eminem was born on 17 October 1972.,17 October 1972,"TemporalValue(level=<TemporalLevel.DAY: 'DAY'>, year=1972, month=10, day=17, decade=1970, century=20, decade_modifier=<TemporalModifier.EARLY: 'early'>, year_modifier=<TemporalModifier.LATE: 'late'>, century_modifier=<TemporalModifier.LATE: 'late'>, season=<Season.AUTUMN: 'autumn'>)",DAY,False,1.0,True,at_level,Date: 17 October 1972
Q5608_birth,none,,,,I don't know,,,True,0.0,False,idk,Date: I don't know
Q315659_birth,conflict,YEAR,Yohannes IV was born on 28 February 1837.,Yohannes IV was born on 26 October 1837.,I don't know,,,True,0.0,False,idk,Date: I don't know
Q315659_birth,agree,DAY,Yohannes IV was born on 11 July 1837.,Yohannes IV was born on 11 July 1837.,11 July 1837,"TemporalValue(level=<TemporalLevel.DAY: 'DAY'>, year=1837, month=7, day=11, decade=1830, century=19, decade_modifier=<TemporalModifier.LATE: 'late'>, year_modifier=<TemporalModifier.MID: 'mid'>, century_modifier=<TemporalModifier.MID: 'mid'>, season=<Season.SUMMER: 'summer'>)",DAY,False,1.0,True,at_level,Date: 11 July 1837
Q315659_birth,none,,,,1798,"TemporalValue(level=<TemporalLevel.YEAR: 'YEAR'>, year=1798, month=None, day=None, decade=1790, century=18, decade_modifier=<TemporalModifier.LATE: 'late'>, year_modifier=None, century_modifier=<TemporalModifier.LATE: 'late'>, season=None)",YEAR,False,-0.5393459267796299,False,answered,Date: 1798
Q133054_death,conflict,DECADE,Sylvia Plath died on 15 July 1964.,Sylvia Plath died on 25 June 1960.,I don't know,,,True,0.0,False,idk,Date: I don't know
Q133054_death,agree,DAY,Sylvia Plath died on 11 February 1963.,Sylvia Plath died on 11 February 1963.,11 February 1963,"TemporalValue(level=<TemporalLevel.DAY: 'DAY'>, year=1963, month=2, day=11, decade=1960, century=20, decade_modifier=<TemporalModifier.EARLY: 'early'>, year_modifier=<TemporalModifier.EARLY: 'early'>, century_modifier=<TemporalModifier.MID: 'mid'>, season=<Season.WINTER: 'winter'>)",DAY,False,1.0,True,at_level,Date: 11 February 1963
Q133054_death,none,,,,1963,"TemporalValue(level=<TemporalLevel.YEAR: 'YEAR'>, year=1963, month=None, day=None, decade=1960, century=20, decade_modifier=<TemporalModifier.EARLY: 'early'>, year_modifier=None, century_modifier=<TemporalModifier.MID: 'mid'>, season=None)",YEAR,False,0.5393459267796299,True,answered,Date: 1963
Q213550_death,conflict,MONTH,Billy Graham died on 7 February 2018.,Billy Graham died on 15 February 2018.,"February 15, 2018","TemporalValue(level=<TemporalLevel.DAY: 'DAY'>, year=2018, month=2, day=15, decade=2010, century=21, decade_modifier=<TemporalModifier.LATE: 'late'>, year_modifier=<TemporalModifier.EARLY: 'early'>, century_modifier=<TemporalModifier.EARLY: 'early'>, season=<Season.WINTER: 'winter'>)",DAY,False,-1.0,False,over_commit,"Date: February 15, 2018"
Q213550_death,agree,DAY,Billy Graham died on 21 February 2018.,Billy Graham died on 21 February 2018.,21 February 2018,"TemporalValue(level=<TemporalLevel.DAY: 'DAY'>, year=2018, month=2, day=21, decade=2010, century=21, decade_modifier=<TemporalModifier.LATE: 'late'>, year_modifier=<TemporalModifier.EARLY: 'early'>, century_modifier=<TemporalModifier.EARLY: 'early'>, season=<Season.WINTER: 'winter'>)",DAY,False,1.0,True,at_level,Date: 21 February 2018
Q213550_death,none,,,,21 January 1998,"TemporalValue(level=<TemporalLevel.DAY: 'DAY'>, year=1998, month=1, day=21, decade=1990, century=20, decade_modifier=<TemporalModifier.LATE: 'late'>, year_modifier=<TemporalModifier.EARLY: 'early'>, century_modifier=<TemporalModifier.LATE: 'late'>, season=<Season.WINTER: 'winter'>)",DAY,False,-1.0,False,answered,Date: 21 January 1998
Q75814_birth,conflict,YEAR,Wilhelm Wundt was born on 2 June 1832.,Wilhelm Wundt was born on 2 February 1832.,I don't know,,,True,0.0,False,idk,Date: I don't know
Q75814_birth,agree,DAY,Wilhelm Wundt was born on 16 August 1832.,Wilhelm Wundt was born on 16 August 1832.,16 August 1832,"TemporalValue(level=<TemporalLevel.DAY: 'DAY'>, year=1832, month=8, day=16, decade=1830, century=19, decade_modifier=<TemporalModifier.EARLY: 'early'>, year_modifier=<TemporalModifier.MID: 'mid'>, century_modifier=<TemporalModifier.EARLY: 'early'>, season=<Season.SUMMER: 'summer'>)",DAY,False,1.0,True,at_level,Date: 16 August 1832
Q75814_birth,none,,,,1832,"TemporalValue(level=<TemporalLevel.YEAR: 'YEAR'>, year=1832, month=None, day=None, decade=1830, century=19, decade_modifier=<TemporalModifier.EARLY: 'early'>, year_modifier=None, century_modifier=<TemporalModifier.EARLY: 'early'>, season=None)",YEAR,False,0.5393459267796299,True,answered,Date: 1832
Q9021_death,conflict,DECADE,Max Planck died on 17 January 1948.,Max Planck died on 19 November 1944.,November 1944,"TemporalValue(level=<TemporalLevel.MONTH: 'MONTH'>, year=1944, month=11, day=None, decade=1940, century=20, decade_modifier=<TemporalModifier.MID: 'mid'>, year_modifier=<TemporalModifier.LATE: 'late'>, century_modifier=<TemporalModifier.MID: 'mid'>, season=<Season.AUTUMN: 'autumn'>)",MONTH,False,-0.7333632632172139,False,over_commit,Date: November 1944
Q9021_death,agree,DAY,Max Planck died on 4 October 1947.,Max Planck died on 4 October 1947.,4 October 1947,"TemporalValue(level=<TemporalLevel.DAY: 'DAY'>, year=1947, month=10, day=4, decade=1940, century=20, decade_modifier=<TemporalModifier.LATE: 'late'>, year_modifier=<TemporalModifier.LATE: 'late'>, century_modifier=<TemporalModifier.MID: 'mid'>, season=<Season.AUTUMN: 'autumn'>)",DAY,False,1.0,True,at_level,Date: 4 October 1947
Q9021_death,none,,,,4 October 1947,"TemporalValue(level=<TemporalLevel.DAY: 'DAY'>, year=1947, month=10, day=4, decade=1940, century=20, decade_modifier=<TemporalModifier.LATE: 'late'>, year_modifier=<TemporalModifier.LATE: 'late'>, century_modifier=<TemporalModifier.MID: 'mid'>, season=<Season.AUTUMN: 'autumn'>)",DAY,False,1.0,True,answered,Date: 4 October 1947
Q79822_death,conflict,MONTH,Adam Mickiewicz died on 19 November 1855.,Adam Mickiewicz died on 7 November 1855.,"November 19, 1855","TemporalValue(level=<TemporalLevel.DAY: 'DAY'>, year=1855, month=11, day=19, decade=1850, century=19, decade_modifier=<TemporalModifier.MID: 'mid'>, year_modifier=<TemporalModifier.LATE: 'late'>, century_modifier=<TemporalModifier.MID: 'mid'>, season=<Season.AUTUMN: 'autumn'>)",DAY,False,-1.0,False,over_commit,"Date: November 19, 1855"
Q79822_death,agree,DAY,Adam Mickiewicz died on 26 November 1855.,Adam Mickiewicz died on 26 November 1855.,"November 26, 1855","TemporalValue(level=<TemporalLevel.DAY: 'DAY'>, year=1855, month=11, day=26, decade=1850, century=19, decade_modifier=<TemporalModifier.MID: 'mid'>, year_modifier=<TemporalModifier.LATE: 'late'>, century_modifier=<TemporalModifier.MID: 'mid'>, season=<Season.AUTUMN: 'autumn'>)",DAY,False,1.0,True,at_level,"Date: November 26, 1855"
Q79822_death,none,,,,1905,"TemporalValue(level=<TemporalLevel.YEAR: 'YEAR'>, year=1905, month=None, day=None, decade=1900, century=20, decade_modifier=<TemporalModifier.MID: 'mid'>, year_modifier=None, century_modifier=<TemporalModifier.EARLY: 'early'>, season=None)",YEAR,False,-0.5393459267796299,False,answered,Date: 1905
Q9387_birth,conflict,YEAR,Max Weber was born on 25 May 1864.,Max Weber was born on 27 February 1864.,I don't know,,,True,0.0,False,idk,Date: I don't know
Q9387_birth,agree,DAY,Max Weber was born on 21 April 1864.,Max Weber was born on 21 April 1864.,21 April 1864,"TemporalValue(level=<TemporalLevel.DAY: 'DAY'>, year=1864, month=4, day=21, decade=1860, century=19, decade_modifier=<TemporalModifier.MID: 'mid'>, year_modifier=<TemporalModifier.EARLY: 'early'>, century_modifier=<TemporalModifier.MID: 'mid'>, season=<Season.SPRING: 'spring'>)",DAY,False,1.0,True,at_level,Date: 21 April 1864
Q9387_birth,none,,,,1864,"TemporalValue(level=<TemporalLevel.YEAR: 'YEAR'>, year=1864, month=None, day=None, decade=1860, century=19, decade_modifier=<TemporalModifier.MID: 'mid'>, year_modifier=None, century_modifier=<TemporalModifier.MID: 'mid'>, season=None)",YEAR,False,0.5393459267796299,True,answered,Date: 1864
Q2607_death,conflict,DECADE,Erich Honecker died on 10 September 1999.,Erich Honecker died on 5 February 1997.,I don't know,,,True,0.0,False,idk,Date: I don't know
Q2607_death,agree,DAY,Erich Honecker died on 29 May 1994.,Erich Honecker died on 29 May 1994.,29 May 1994,"TemporalValue(level=<TemporalLevel.DAY: 'DAY'>, year=1994, month=5, day=29, decade=1990, century=20, decade_modifier=<TemporalModifier.MID: 'mid'>, year_modifier=<TemporalModifier.MID: 'mid'>, century_modifier=<TemporalModifier.LATE: 'late'>, season=<Season.SPRING: 'spring'>)",DAY,False,1.0,True,at_level,Date: 29 May 1994
Q2607_death,none,,,,1989-02-05,"TemporalValue(level=<TemporalLevel.DAY: 'DAY'>, year=1989, month=2, day=5, decade=1980, century=20, decade_modifier=<TemporalModifier.LATE: 'late'>, year_modifier=<TemporalModifier.EARLY: 'early'>, century_modifier=<TemporalModifier.LATE: 'late'>, season=<Season.WINTER: 'winter'>)",DAY,False,-1.0,False,answered,Date: 1989-02-05
Q313931_death,conflict,MONTH,Albert Ellis died on 14 July 2007.,Albert Ellis died on 19 July 2007.,"July 14, 2007","TemporalValue(level=<TemporalLevel.DAY: 'DAY'>, year=2007, month=7, day=14, decade=2000, century=21, decade_modifier=<TemporalModifier.LATE: 'late'>, year_modifier=<TemporalModifier.MID: 'mid'>, century_modifier=<TemporalModifier.EARLY: 'early'>, season=<Season.SUMMER: 'summer'>)",DAY,False,-1.0,False,over_commit,"Date: July 14, 2007"
Q313931_death,agree,DAY,Albert Ellis died on 24 July 2007.,Albert Ellis died on 24 July 2007.,"July 24, 2007","TemporalValue(level=<TemporalLevel.DAY: 'DAY'>, year=2007, month=7, day=24, decade=2000, century=21, decade_modifier=<TemporalModifier.LATE: 'late'>, year_modifier=<TemporalModifier.MID: 'mid'>, century_modifier=<TemporalModifier.EARLY: 'early'>, season=<Season.SUMMER: 'summer'>)",DAY,False,1.0,True,at_level,"Date: July 24, 2007"
Q313931_death,none,,,,1985,"TemporalValue(level=<TemporalLevel.YEAR: 'YEAR'>, year=1985, month=None, day=None, decade=1980, century=20, decade_modifier=<TemporalModifier.MID: 'mid'>, year_modifier=None, century_modifier=<TemporalModifier.LATE: 'late'>, season=None)",YEAR,False,-0.5393459267796299,False,answered,Date: 1985
Q222227_death,conflict,YEAR,Kūkai died on 4 August 835.,Kūkai died on 14 February 835.,I don't know,,,True,0.0,False,idk,Date: I don't know
Q222227_death,agree,DAY,Kūkai died on 26 April 835.,Kūkai died on 26 April 835.,26 April 835,"TemporalValue(level=<TemporalLevel.DAY: 'DAY'>, year=835, month=4, day=26, decade=830, century=9, decade_modifier=<TemporalModifier.MID: 'mid'>, year_modifier=<TemporalModifier.EARLY: 'early'>, century_modifier=<TemporalModifier.MID: 'mid'>, season=<Season.SPRING: 'spring'>)",DAY,False,1.0,True,at_level,Date: 26 April 835
Q222227_death,none,,,,1202,"TemporalValue(level=<TemporalLevel.YEAR: 'YEAR'>, year=1202, month=None, day=None, decade=1200, century=13, decade_modifier=<TemporalModifier.EARLY: 'early'>, year_modifier=None, century_modifier=<TemporalModifier.EARLY: 'early'>, season=None)",YEAR,False,-0.5393459267796299,False,answered,Date: 1202
Q36107_birth,conflict,DECADE,Muhammad Ali was born on 25 July 1941.,Muhammad Ali was born on 24 March 1949.,I don't know,,,True,0.0,False,idk,Date: I don't know
Q36107_birth,agree,DAY,Muhammad Ali was born on 17 January 1942.,Muhammad Ali was born on 17 January 1942.,17 January 1942,"TemporalValue(level=<TemporalLevel.DAY: 'DAY'>, year=1942, month=1, day=17, decade=1940, century=20, decade_modifier=<TemporalModifier.EARLY: 'early'>, year_modifier=<TemporalModifier.EARLY: 'early'>, century_modifier=<TemporalModifier.MID: 'mid'>, season=<Season.WINTER: 'winter'>)",DAY,False,1.0,True,at_level,Date: 17 January 1942
Q36107_birth,none,,,,1942,"TemporalValue(level=<TemporalLevel.YEAR: 'YEAR'>, year=1942, month=None, day=None, decade=1940, century=20, decade_modifier=<TemporalModifier.EARLY: 'early'>, year_modifier=None, century_modifier=<TemporalModifier.MID: 'mid'>, season=None)",YEAR,False,0.5393459267796299,True,answered,Date: 1942
Q58720_death,conflict,MONTH,Mikhail Lomonosov died on 1 April 1765.,Mikhail Lomonosov died on 27 April 1765.,"April 1, 1765","TemporalValue(level=<TemporalLevel.DAY: 'DAY'>, year=1765, month=4, day=1, decade=1760, century=18, decade_modifier=<TemporalModifier.MID: 'mid'>, year_modifier=<TemporalModifier.EARLY: 'early'>, century_modifier=<TemporalModifier.MID: 'mid'>, season=<Season.SPRING: 'spring'>)",DAY,False,-1.0,False,over_commit,"Date: April 1, 1765"
Q58720_death,agree,DAY,Mikhail Lomonosov died on 15 April 1765.,Mikhail Lomonosov died on 15 April 1765.,15 April 1765,"TemporalValue(level=<TemporalLevel.DAY: 'DAY'>, year=1765, month=4, day=15, decade=1760, century=18, decade_modifier=<TemporalModifier.MID: 'mid'>, year_modifier=<TemporalModifier.EARLY: 'early'>, century_modifier=<TemporalModifier.MID: 'mid'>, season=<Season.SPRING: 'spring'>)",DAY,False,1.0,True,at_level,Date: 15 April 1765
Q58720_death,none,,,,14 May 1765,"TemporalValue(level=<TemporalLevel.DAY: 'DAY'>, year=1765, month=5, day=14, decade=1760, century=18, decade_modifier=<TemporalModifier.MID: 'mid'>, year_modifier=<TemporalModifier.MID: 'mid'>, century_modifier=<TemporalModifier.MID: 'mid'>, season=<Season.SPRING: 'spring'>)",DAY,False,-1.0,False,answered,Date: 14 May 1765
Q151509_death,conflict,YEAR,Ibn Saud died on 22 August 1953.,Ibn Saud died on 14 July 1953.,"July 14, 1953","TemporalValue(level=<TemporalLevel.DAY: 'DAY'>, year=1953, month=7, day=14, decade=1950, century=20, decade_modifier=<TemporalModifier.EARLY: 'early'>, year_modifier=<TemporalModifier.MID: 'mid'>, century_modifier=<TemporalModifier.MID: 'mid'>, season=<Season.SUMMER: 'summer'>)",DAY,False,-1.0,False,over_commit,"Date: July 14, 1953"
Q151509_death,agree,DAY,Ibn Saud died on 9 November 1953.,Ibn Saud died on 9 November 1953.,9 November 1953,"TemporalValue(level=<TemporalLevel.DAY: 'DAY'>, year=1953, month=11, day=9, decade=1950, century=20, decade_modifier=<TemporalModifier.EARLY: 'early'>, year_modifier=<TemporalModifier.LATE: 'late'>, century_modifier=<TemporalModifier.MID: 'mid'>, season=<Season.AUTUMN: 'autumn'>)",DAY,False,1.0,True,at_level,Date: 9 November 1953
Q151509_death,none,,,,5 January 1953,"TemporalValue(level=<TemporalLevel.DAY: 'DAY'>, year=1953, month=1, day=5, decade=1950, century=20, decade_modifier=<TemporalModifier.EARLY: 'early'>, year_modifier=<TemporalModifier.EARLY: 'early'>, century_modifier=<TemporalModifier.MID: 'mid'>, season=<Season.WINTER: 'winter'>)",DAY,False,-1.0,False,answered,Date: 5 January 1953
Q130752_death,conflict,DECADE,Elizabeth of Russia died on 24 June 1760.,Elizabeth of Russia died on 3 May 1768.,I don't know,,,True,0.0,False,idk,Date: I don't know
Q130752_death,agree,DAY,Elizabeth of Russia died on 5 January 1762.,Elizabeth of Russia died on 5 January 1762.,5 January 1762,"TemporalValue(level=<TemporalLevel.DAY: 'DAY'>, year=1762, month=1, day=5, decade=1760, century=18, decade_modifier=<TemporalModifier.EARLY: 'early'>, year_modifier=<TemporalModifier.EARLY: 'early'>, century_modifier=<TemporalModifier.MID: 'mid'>, season=<Season.WINTER: 'winter'>)",DAY,False,1.0,True,at_level,Date: 5 January 1762
Q130752_death,none,,,,1901,"TemporalValue(level=<TemporalLevel.YEAR: 'YEAR'>, year=1901, month=None, day=None, decade=1900, century=20, decade_modifier=<TemporalModifier.EARLY: 'early'>, year_modifier=None, century_modifier=<TemporalModifier.EARLY: 'early'>, season=None)",YEAR,False,-0.5393459267796299,False,answered,Date: 1901
Q65989_death,conflict,MONTH,Wolfgang Pauli died on 12 December 1958.,Wolfgang Pauli died on 3 December 1958.,"December 12, 1958","TemporalValue(level=<TemporalLevel.DAY: 'DAY'>, year=1958, month=12, day=12, decade=1950, century=20, decade_modifier=<TemporalModifier.LATE: 'late'>, year_modifier=<TemporalModifier.LATE: 'late'>, century_modifier=<TemporalModifier.MID: 'mid'>, season=<Season.WINTER: 'winter'>)",DAY,False,-1.0,False,over_commit,"Date: December 12, 1958"
Q65989_death,agree,DAY,Wolfgang Pauli died on 15 December 1958.,Wolfgang Pauli died on 15 December 1958.,"December 15, 1958","TemporalValue(level=<TemporalLevel.DAY: 'DAY'>, year=1958, month=12, day=15, decade=1950, century=20, decade_modifier=<TemporalModifier.LATE: 'late'>, year_modifier=<TemporalModifier.LATE: 'late'>, century_modifier=<TemporalModifier.MID: 'mid'>, season=<Season.WINTER: 'winter'>)",DAY,False,1.0,True,at_level,"Date: December 15, 1958"
Q65989_death,none,,,,15 July 1958,"TemporalValue(level=<TemporalLevel.DAY: 'DAY'>, year=1958, month=7, day=15, decade=1950, century=20, decade_modifier=<TemporalModifier.LATE: 'late'>, year_modifier=<TemporalModifier.MID: 'mid'>, century_modifier=<TemporalModifier.MID: 'mid'>, season=<Season.SUMMER: 'summer'>)",DAY,False,-1.0,False,answered,Date: 15 July 1958
Q152272_death,conflict,YEAR,Georges Méliès died on 23 March 1938.,Georges Méliès died on 1 July 1938.,I don't know,,,True,0.0,False,idk,Date: I don't know
Q152272_death,agree,DAY,Georges Méliès died on 21 January 1938.,Georges Méliès died on 21 January 1938.,21 January 1938,"TemporalValue(level=<TemporalLevel.DAY: 'DAY'>, year=1938, month=1, day=21, decade=1930, century=20, decade_modifier=<TemporalModifier.LATE: 'late'>, year_modifier=<TemporalModifier.EARLY: 'early'>, century_modifier=<TemporalModifier.MID: 'mid'>, season=<Season.WINTER: 'winter'>)",DAY,False,1.0,True,at_level,Date: 21 January 1938
Q152272_death,none,,,,20 October 1938,"TemporalValue(level=<TemporalLevel.DAY: 'DAY'>, year=1938, month=10, day=20, decade=1930, century=20, decade_modifier=<TemporalModifier.LATE: 'late'>, year_modifier=<TemporalModifier.LATE: 'late'>, century_modifier=<TemporalModifier.MID: 'mid'>, season=<Season.AUTUMN: 'autumn'>)",DAY,False,-1.0,False,answered,Date: 20 October 1938
Q152474_death,conflict,DECADE,Rafael Trujillo died on 1 March 1966.,Rafael Trujillo died on 27 April 1969.,I don't know,,,True,0.0,False,idk,Date: I don't know
Q152474_death,agree,DAY,Rafael Trujillo died on 30 May 1961.,Rafael Trujillo died on 30 May 1961.,30 May 1961,"TemporalValue(level=<TemporalLevel.DAY: 'DAY'>, year=1961, month=5, day=30, decade=1960, century=20, decade_modifier=<TemporalModifier.EARLY: 'early'>, year_modifier=<TemporalModifier.MID: 'mid'>, century_modifier=<TemporalModifier.MID: 'mid'>, season=<Season.SPRING: 'spring'>)",DAY,False,1.0,True,at_level,Date: 30 May 1961
Q152474_death,none,,,,20 September 1963,"TemporalValue(level=<TemporalLevel.DAY: 'DAY'>, year=1963, month=9, day=20, decade=1960, century=20, decade_modifier=<TemporalModifier.EARLY: 'early'>, year_modifier=<TemporalModifier.LATE: 'late'>, century_modifier=<TemporalModifier.MID: 'mid'>, season=<Season.AUTUMN: 'autumn'>)",DAY,False,-1.0,False,answered,Date: 20 September 1963
Q37103_birth,conflict,MONTH,Florence Nightingale was born on 13 May 1820.,Florence Nightingale was born on 3 May 1820.,I don't know,,,True,0.0,False,idk,Date: I don't know
Q37103_birth,agree,DAY,Florence Nightingale was born on 12 May 1820.,Florence Nightingale was born on 12 May 1820.,12 May 1820,"TemporalValue(level=<TemporalLevel.DAY: 'DAY'>, year=1820, month=5, day=12, decade=1820, century=19, decade_modifier=<TemporalModifier.EARLY: 'early'>, year_modifier=<TemporalModifier.MID: 'mid'>, century_modifier=<TemporalModifier.EARLY: 'early'>, season=<Season.SPRING: 'spring'>)",DAY,False,1.0,True,at_level,Date: 12 May 1820
Q37103_birth,none,,,,12 May 1820,"TemporalValue(level=<TemporalLevel.DAY: 'DAY'>, year=1820, month=5, day=12, decade=1820, century=19, decade_modifier=<TemporalModifier.EARLY: 'early'>, year_modifier=<TemporalModifier.MID: 'mid'>, century_modifier=<TemporalModifier.EARLY: 'early'>, season=<Season.SPRING: 'spring'>)",DAY,False,1.0,True,answered,Date: 12 May 1820
Q35610_death,conflict,YEAR,Arthur Conan Doyle died on 7 November 1930.,Arthur Conan Doyle died on 1 March 1930.,I don't know,,,True,0.0,False,idk,Date: I don't know
Q35610_death,agree,DAY,Arthur Conan Doyle died on 7 July 1930.,Arthur Conan Doyle died on 7 July 1930.,"July 7, 1930","TemporalValue(level=<TemporalLevel.DAY: 'DAY'>, year=1930, month=7, day=7, decade=1930, century=20, decade_modifier=<TemporalModifier.EARLY: 'early'>, year_modifier=<TemporalModifier.MID: 'mid'>, century_modifier=<TemporalModifier.EARLY: 'early'>, season=<Season.SUMMER: 'summer'>)",DAY,False,1.0,True,at_level,"Date: July 7, 1930"
Q35610_death,none,,,,7 January 1936,"TemporalValue(level=<TemporalLevel.DAY: 'DAY'>, year=1936, month=1, day=7, decade=1930, century=20, decade_modifier=<TemporalModifier.MID: 'mid'>, year_modifier=<TemporalModifier.EARLY: 'early'>, century_modifier=<TemporalModifier.MID: 'mid'>, season=<Season.WINTER: 'winter'>)",DAY,False,-1.0,False,answered,Date: 7 January 1936
Q272566_death,conflict,DECADE,Aubrey Beardsley died on 1 December 1893.,Aubrey Beardsley died on 12 May 1891.,I don't know,,,True,0.0,False,idk,Date: I don't know
Q272566_death,agree,DAY,Aubrey Beardsley died on 16 March 1898.,Aubrey Beardsley died on 16 March 1898.,16 March 1898,"TemporalValue(level=<TemporalLevel.DAY: 'DAY'>, year=1898, month=3, day=16, decade=1890, century=19, decade_modifier=<TemporalModifier.LATE: 'late'>, year_modifier=<TemporalModifier.EARLY: 'early'>, century_modifier=<TemporalModifier.LATE: 'late'>, season=<Season.SPRING: 'spring'>)",DAY,False,1.0,True,at_level,Date: 16 March 1898
Q272566_death,none,,,,1903,"TemporalValue(level=<TemporalLevel.YEAR: 'YEAR'>, year=1903, month=None, day=None, decade=1900, century=20, decade_modifier=<TemporalModifier.EARLY: 'early'>, year_modifier=None, century_modifier=<TemporalModifier.EARLY: 'early'>, season=None)",YEAR,False,-0.5393459267796299,False,answered,Date: 1903
Q1403_death,conflict,MONTH,Luigi Pirandello died on 24 December 1936.,Luigi Pirandello died on 1 December 1936.,December 1936,"TemporalValue(level=<TemporalLevel.MONTH: 'MONTH'>, year=1936, month=12, day=None, decade=1930, century=20, decade_modifier=<TemporalModifier.MID: 'mid'>, year_modifier=<TemporalModifier.LATE: 'late'>, century_modifier=<TemporalModifier.MID: 'mid'>, season=<Season.WINTER: 'winter'>)",MONTH,False,0.7333632632172139,True,at_level,Date: December 1936
Q1403_death,agree,DAY,Luigi Pirandello died on 10 December 1936.,Luigi Pirandello died on 10 December 1936.,"December 10, 1936","TemporalValue(level=<TemporalLevel.DAY: 'DAY'>, year=1936, month=12, day=10, decade=1930, century=20, decade_modifier=<TemporalModifier.MID: 'mid'>, year_modifier=<TemporalModifier.LATE: 'late'>, century_modifier=<TemporalModifier.MID: 'mid'>, season=<Season.WINTER: 'winter'>)",DAY,False,1.0,True,at_level,"Date: December 10, 1936"
Q1403_death,none,,,,1956,"TemporalValue(level=<TemporalLevel.YEAR: 'YEAR'>, year=1956, month=None, day=None, decade=1950, century=20, decade_modifier=<TemporalModifier.MID: 'mid'>, year_modifier=None, century_modifier=<TemporalModifier.MID: 'mid'>, season=None)",YEAR,False,-0.5393459267796299,False,answered,Date: 1956
Q410_death,conflict,YEAR,Carl Sagan died on 28 October 1996.,Carl Sagan died on 5 April 1996.,"April 5, 1996","TemporalValue(level=<TemporalLevel.DAY: 'DAY'>, year=1996, month=4, day=5, decade=1990, century=20, decade_modifier=<TemporalModifier.MID: 'mid'>, year_modifier=<TemporalModifier.EARLY: 'early'>, century_modifier=<TemporalModifier.LATE: 'late'>, season=<Season.SPRING: 'spring'>)",DAY,False,-1.0,False,over_commit,"Date: April 5, 1996"
Q410_death,agree,DAY,Carl Sagan died on 20 December 1996.,Carl Sagan died on 20 December 1996.,"December 20, 1996","TemporalValue(level=<TemporalLevel.DAY: 'DAY'>, year=1996, month=12, day=20, decade=1990, century=20, decade_modifier=<TemporalModifier.MID: 'mid'>, year_modifier=<TemporalModifier.LATE: 'late'>, century_modifier=<TemporalModifier.LATE: 'late'>, season=<Season.WINTER: 'winter'>)",DAY,False,1.0,True,at_level,"Date: December 20, 1996"
Q410_death,none,,,,1996,"TemporalValue(level=<TemporalLevel.YEAR: 'YEAR'>, year=1996, month=None, day=None, decade=1990, century=20, decade_modifier=<TemporalModifier.MID: 'mid'>, year_modifier=None, century_modifier=<TemporalModifier.LATE: 'late'>, season=None)",YEAR,False,0.5393459267796299,True,answered,Date: 1996
Q60052_birth,conflict,DECADE,Gustav Kirchhoff was born on 16 February 1822.,Gustav Kirchhoff was born on 23 June 1828.,I don't know,,,True,0.0,False,idk,Date: I don't know
Q60052_birth,agree,DAY,Gustav Kirchhoff was born on 12 March 1824.,Gustav Kirchhoff was born on 12 March 1824.,12 March 1824,"TemporalValue(level=<TemporalLevel.DAY: 'DAY'>, year=1824, month=3, day=12, decade=1820, century=19, decade_modifier=<TemporalModifier.MID: 'mid'>, year_modifier=<TemporalModifier.EARLY: 'early'>, century_modifier=<TemporalModifier.EARLY: 'early'>, season=<Season.SPRING: 'spring'>)",DAY,False,1.0,True,at_level,Date: 12 March 1824
Q60052_birth,none,,,,18 August 1824,"TemporalValue(level=<TemporalLevel.DAY: 'DAY'>, year=1824, month=8, day=18, decade=1820, century=19, decade_modifier=<TemporalModifier.MID: 'mid'>, year_modifier=<TemporalModifier.MID: 'mid'>, century_modifier=<TemporalModifier.EARLY: 'early'>, season=<Season.SUMMER: 'summer'>)",DAY,False,-1.0,False,answered,Date: 18 August 1824
Q174152_birth,conflict,MONTH,Premchand was born on 9 July 1880.,Premchand was born on 5 July 1880.,I don't know,,,True,0.0,False,idk,Date: I don't know
Q174152_birth,agree,DAY,Premchand was born on 31 July 1880.,Premchand was born on 31 July 1880.,31 July 1880,"TemporalValue(level=<TemporalLevel.DAY: 'DAY'>, year=1880, month=7, day=31, decade=1880, century=19, decade_modifier=<TemporalModifier.EARLY: 'early'>, year_modifier=<TemporalModifier.MID: 'mid'>, century_modifier=<TemporalModifier.LATE: 'late'>, season=<Season.SUMMER: 'summer'>)",DAY,False,1.0,True,at_level,Date: 31 July 1880
Q174152_birth,none,,,,1868,"TemporalValue(level=<TemporalLevel.YEAR: 'YEAR'>, year=1868, month=None, day=None, decade=1860, century=19, decade_modifier=<TemporalModifier.LATE: 'late'>, year_modifier=None, century_modifier=<TemporalModifier.LATE: 'late'>, season=None)",YEAR,False,-0.5393459267796299,False,answered,Date: 1868
Q310794_birth,conflict,YEAR,Karl Pearson was born on 12 January 1857.,Karl Pearson was born on 11 May 1857.,I don't know,,,True,0.0,False,idk,Date: I don't know
Q310794_birth,agree,DAY,Karl Pearson was born on 27 March 1857.,Karl Pearson was born on 27 March 1857.,27 March 1857,"TemporalValue(level=<TemporalLevel.DAY: 'DAY'>, year=1857, month=3, day=27, decade=1850, century=19, decade_modifier=<TemporalModifier.LATE: 'late'>, year_modifier=<TemporalModifier.EARLY: 'early'>, century_modifier=<TemporalModifier.MID: 'mid'>, season=<Season.SPRING: 'spring'>)",DAY,False,1.0,True,at_level,Date: 27 March 1857
Q310794_birth,none,,,,1857,"TemporalValue(level=<TemporalLevel.YEAR: 'YEAR'>, year=1857, month=None, day=None, decade=1850, century=19, decade_modifier=<TemporalModifier.LATE: 'late'>, year_modifier=None, century_modifier=<TemporalModifier.MID: 'mid'>, season=None)",YEAR,False,0.5393459267796299,True,answered,Date: 1857
Q7251_birth,conflict,DECADE,Alan Turing was born on 18 May 1918.,Alan Turing was born on 11 November 1915.,I don't know,,,True,0.0,False,idk,Date: I don't know
Q7251_birth,agree,DAY,Alan Turing was born on 23 June 1912.,Alan Turing was born on 23 June 1912.,23 June 1912,"TemporalValue(level=<TemporalLevel.DAY: 'DAY'>, year=1912, month=6, day=23, decade=1910, century=20, decade_modifier=<TemporalModifier.EARLY: 'early'>, year_modifier=<TemporalModifier.MID: 'mid'>, century_modifier=<TemporalModifier.EARLY: 'early'>, season=<Season.SUMMER: 'summer'>)",DAY,False,1.0,True,at_level,Date: 23 June 1912
Q7251_birth,none,,,,23 June 1912,"TemporalValue(level=<TemporalLevel.DAY: 'DAY'>, year=1912, month=6, day=23, decade=1910, century=20, decade_modifier=<TemporalModifier.EARLY: 'early'>, year_modifier=<TemporalModifier.MID: 'mid'>, century_modifier=<TemporalModifier.EARLY: 'early'>, season=<Season.SUMMER: 'summer'>)",DAY,False,1.0,True,answered,Date: 23 June 1912
Q221048_birth,conflict,MONTH,Jackie Robinson was born on 6 January 1919.,Jackie Robinson was born on 19 January 1919.,"January 6, 1919","TemporalValue(level=<TemporalLevel.DAY: 'DAY'>, year=1919, month=1, day=6, decade=1910, century=20, decade_modifier=<TemporalModifier.LATE: 'late'>, year_modifier=<TemporalModifier.EARLY: 'early'>, century_modifier=<TemporalModifier.EARLY: 'early'>, season=<Season.WINTER: 'winter'>)",DAY,False,-1.0,False,over_commit,"Date: January 6, 1919"
Q221048_birth,agree,DAY,Jackie Robinson was born on 31 January 1919.,Jackie Robinson was born on 31 January 1919.,31 January 1919,"TemporalValue(level=<TemporalLevel.DAY: 'DAY'>, year=1919, month=1, day=31, decade=1910, century=20, decade_modifier=<TemporalModifier.LATE: 'late'>, year_modifier=<TemporalModifier.EARLY: 'early'>, century_modifier=<TemporalModifier.EARLY: 'early'>, season=<Season.WINTER: 'winter'>)",DAY,False,1.0,True,at_level,Date: 31 January 1919
Q221048_birth,none,,,,I don't know,,,True,0.0,False,idk,Date: I don't know
Q65989_birth,conflict,YEAR,Wolfgang Pauli was born on 18 February 1900.,Wolfgang Pauli was born on 19 December 1900.,I don't know,,,True,0.0,False,idk,Date: I don't know
Q65989_birth,agree,DAY,Wolfgang Pauli was born on 25 April 1900.,Wolfgang Pauli was born on 25 April 1900.,25 April 1900,"TemporalValue(level=<TemporalLevel.DAY: 'DAY'>, year=1900, month=4, day=25, decade=1900, century=19, decade_modifier=<TemporalModifier.EARLY: 'early'>, year_modifier=<TemporalModifier.EARLY: 'early'>, century_modifier=<TemporalModifier.LATE: 'late'>, season=<Season.SPRING: 'spring'>)",DAY,False,1.0,True,at_level,Date: 25 April 1900
Q65989_birth,none,,,,1900,"TemporalValue(level=<TemporalLevel.YEAR: 'YEAR'>, year=1900, month=None, day=None, decade=1900, century=19, decade_modifier=<TemporalModifier.EARLY: 'early'>, year_modifier=None, century_modifier=<TemporalModifier.LATE: 'late'>, season=None)",YEAR,False,0.5393459267796299,True,answered,Date: 1900
Q8479_death,conflict,DECADE,Peter the Great died on 5 July 1724.,Peter the Great died on 26 March 1722.,I don't know,,,True,0.0,False,idk,Date: I don't know
Q8479_death,agree,DAY,Peter the Great died on 8 February 1725.,Peter the Great died on 8 February 1725.,8 February 1725,"TemporalValue(level=<TemporalLevel.DAY: 'DAY'>, year=1725, month=2, day=8, decade=1720, century=18, decade_modifier=<TemporalModifier.MID: 'mid'>, year_modifier=<TemporalModifier.EARLY: 'early'>, century_modifier=<TemporalModifier.EARLY: 'early'>, season=<Season.WINTER: 'winter'>)",DAY,False,1.0,True,at_level,Date: 8 February 1725
Q8479_death,none,,,,1725,"TemporalValue(level=<TemporalLevel.YEAR: 'YEAR'>, year=1725, month=None, day=None, decade=1720, century=18, decade_modifier=<TemporalModifier.MID: 'mid'>, year_modifier=None, century_modifier=<TemporalModifier.EARLY: 'early'>, season=None)",YEAR,False,0.5393459267796299,True,answered,Date: 1725
Q47674_death,conflict,MONTH,Amerigo Vespucci died on 9 March 1512.,Amerigo Vespucci died on 12 March 1512.,"March 9, 1512","TemporalValue(level=<TemporalLevel.DAY: 'DAY'>, year=1512, month=3, day=9, decade=1510, century=16, decade_modifier=<TemporalModifier.EARLY: 'early'>, year_modifier=<TemporalModifier.EARLY: 'early'>, century_modifier=<TemporalModifier.EARLY: 'early'>, season=<Season.SPRING: 'spring'>)",DAY,False,-1.0,False,over_commit,"Date: March 9, 1512"
Q47674_death,agree,DAY,Amerigo Vespucci died on 3 March 1512.,Amerigo Vespucci died on 3 March 1512.,3 March 1512,"TemporalValue(level=<TemporalLevel.DAY: 'DAY'>, year=1512, month=3, day=3, decade=1510, century=16, decade_modifier=<TemporalModifier.EARLY: 'early'>, year_modifier=<TemporalModifier.EARLY: 'early'>, century_modifier=<TemporalModifier.EARLY: 'early'>, season=<Season.SPRING: 'spring'>)",DAY,False,1.0,True,at_level,Date: 3 March 1512
Q47674_death,none,,,,15 May 1512,"TemporalValue(level=<TemporalLevel.DAY: 'DAY'>, year=1512, month=5, day=15, decade=1510, century=16, decade_modifier=<TemporalModifier.EARLY: 'early'>, year_modifier=<TemporalModifier.MID: 'mid'>, century_modifier=<TemporalModifier.EARLY: 'early'>, season=<Season.SPRING: 'spring'>)",DAY,False,-1.0,False,answered,Date: 15 May 1512
Q7099_death,conflict,YEAR,Emmy Noether died on 8 October 1935.,Emmy Noether died on 25 May 1935.,I don't know,,,True,0.0,False,idk,Date: I don't know
Q7099_death,agree,DAY,Emmy Noether died on 14 April 1935.,Emmy Noether died on 14 April 1935.,14 April 1935,"TemporalValue(level=<TemporalLevel.DAY: 'DAY'>, year=1935, month=4, day=14, decade=1930, century=20, decade_modifier=<TemporalModifier.MID: 'mid'>, year_modifier=<TemporalModifier.EARLY: 'early'>, century_modifier=<TemporalModifier.MID: 'mid'>, season=<Season.SPRING: 'spring'>)",DAY,False,1.0,True,at_level,Date: 14 April 1935
Q7099_death,none,,,,14 April 1935,"TemporalValue(level=<TemporalLevel.DAY: 'DAY'>, year=1935, month=4, day=14, decade=1930, century=20, decade_modifier=<TemporalModifier.MID: 'mid'>, year_modifier=<TemporalModifier.EARLY: 'early'>, century_modifier=<TemporalModifier.MID: 'mid'>, season=<Season.SPRING: 'spring'>)",DAY,False,1.0,True,answered,Date: 14 April 1935
Q128746_death,conflict,DECADE,Irving Berlin died on 14 June 1982.,Irving Berlin died on 2 November 1984.,I don't know,,,True,0.0,False,idk,Date: I don't know
Q128746_death,agree,DAY,Irving Berlin died on 22 September 1989.,Irving Berlin died on 22 September 1989.,22 September 1989,"TemporalValue(level=<TemporalLevel.DAY: 'DAY'>, year=1989, month=9, day=22, decade=1980, century=20, decade_modifier=<TemporalModifier.LATE: 'late'>, year_modifier=<TemporalModifier.LATE: 'late'>, century_modifier=<TemporalModifier.LATE: 'late'>, season=<Season.AUTUMN: 'autumn'>)",DAY,False,1.0,True,at_level,Date: 22 September 1989
Q128746_death,none,,,,8 March 1989,"TemporalValue(level=<TemporalLevel.DAY: 'DAY'>, year=1989, month=3, day=8, decade=1980, century=20, decade_modifier=<TemporalModifier.LATE: 'late'>, year_modifier=<TemporalModifier.EARLY: 'early'>, century_modifier=<TemporalModifier.LATE: 'late'>, season=<Season.SPRING: 'spring'>)",DAY,False,-1.0,False,answered,Date: 8 March 1989
Q309850_death,conflict,MONTH,Will Eisner died on 6 January 2005.,Will Eisner died on 21 January 2005.,"January 6, 2005","TemporalValue(level=<TemporalLevel.DAY: 'DAY'>, year=2005, month=1, day=6, decade=2000, century=21, decade_modifier=<TemporalModifier.MID: 'mid'>, year_modifier=<TemporalModifier.EARLY: 'early'>, century_modifier=<TemporalModifier.EARLY: 'early'>, season=<Season.WINTER: 'winter'>)",DAY,False,-1.0,False,over_commit,"Date: January 6, 2005"
Q309850_death,agree,DAY,Will Eisner died on 3 January 2005.,Will Eisner died on 3 January 2005.,3 January 2005,"TemporalValue(level=<TemporalLevel.DAY: 'DAY'>, year=2005, month=1, day=3, decade=2000, century=21, decade_modifier=<TemporalModifier.MID: 'mid'>, year_modifier=<TemporalModifier.EARLY: 'early'>, century_modifier=<TemporalModifier.EARLY: 'early'>, season=<Season.WINTER: 'winter'>)",DAY,False,1.0,True,at_level,Date: 3 January 2005
Q309850_death,none,,,,1980,"TemporalValue(level=<TemporalLevel.YEAR: 'YEAR'>, year=1980, month=None, day=None, decade=1980, century=20, decade_modifier=<TemporalModifier.EARLY: 'early'>, year_modifier=None, century_modifier=<TemporalModifier.LATE: 'late'>, season=None)",YEAR,False,-0.5393459267796299,False,answered,Date: 1980
Q1514_birth,conflict,YEAR,Janis Joplin was born on 3 February 1943.,Janis Joplin was born on 23 August 1943.,I don't know,,,True,0.0,False,idk,Date: I don't know
Q1514_birth,agree,DAY,Janis Joplin was born on 19 January 1943.,Janis Joplin was born on 19 January 1943.,19 January 1943,"TemporalValue(level=<TemporalLevel.DAY: 'DAY'>, year=1943, month=1, day=19, decade=1940, century=20, decade_modifier=<TemporalModifier.EARLY: 'early'>, year_modifier=<TemporalModifier.EARLY: 'early'>, century_modifier=<TemporalModifier.MID: 'mid'>, season=<Season.WINTER: 'winter'>)",DAY,False,1.0,True,at_level,Date: 19 January 1943
Q1514_birth,none,,,,I don't know,,,True,0.0,False,idk,Date: I don't know
Q483672_birth,conflict,DECADE,Ali Abdullah Saleh was born on 10 July 1941.,Ali Abdullah Saleh was born on 14 September 1942.,I don't know,,,True,0.0,False,idk,Date: I don't know
Q483672_birth,agree,DAY,Ali Abdullah Saleh was born on 21 March 1947.,Ali Abdullah Saleh was born on 21 March 1947.,21 March 1947,"TemporalValue(level=<TemporalLevel.DAY: 'DAY'>, year=1947, month=3, day=21, decade=1940, century=20, decade_modifier=<TemporalModifier.LATE: 'late'>, year_modifier=<TemporalModifier.EARLY: 'early'>, century_modifier=<TemporalModifier.MID: 'mid'>, season=<Season.SPRING: 'spring'>)",DAY,False,1.0,True,at_level,Date: 21 March 1947
Q483672_birth,none,,,,1945,"TemporalValue(level=<TemporalLevel.YEAR: 'YEAR'>, year=1945, month=None, day=None, decade=1940, century=20, decade_modifier=<TemporalModifier.MID: 'mid'>, year_modifier=None, century_modifier=<TemporalModifier.MID: 'mid'>, season=None)",YEAR,False,-0.5393459267796299,False,answered,Date: 1945
Q156193_birth,conflict,MONTH,Pierre Boulez was born on 24 March 1925.,Pierre Boulez was born on 5 March 1925.,I don't know,,,True,0.0,False,idk,Date: I don't know
Q156193_birth,agree,DAY,Pierre Boulez was born on 26 March 1925.,Pierre Boulez was born on 26 March 1925.,26 March 1925,"TemporalValue(level=<TemporalLevel.DAY: 'DAY'>, year=1925, month=3, day=26, decade=1920, century=20, decade_modifier=<TemporalModifier.MID: 'mid'>, year_modifier=<TemporalModifier.EARLY: 'early'>, century_modifier=<TemporalModifier.EARLY: 'early'>, season=<Season.SPRING: 'spring'>)",DAY,False,1.0,True,at_level,Date: 26 March 1925
Q156193_birth,none,,,,1925,"TemporalValue(level=<TemporalLevel.YEAR: 'YEAR'>, year=1925, month=None, day=None, decade=1920, century=20, decade_modifier=<TemporalModifier.MID: 'mid'>, year_modifier=None, century_modifier=<TemporalModifier.EARLY: 'early'>, season=None)",YEAR,False,0.5393459267796299,True,answered,Date: 1925
Q83235_death,conflict,YEAR,"Horatio Nelson, 1st Viscount Nelson died on 10 November 1805.","Horatio Nelson, 1st Viscount Nelson died on 21 July 1805.","July 21, 1805","TemporalValue(level=<TemporalLevel.DAY: 'DAY'>, year=1805, month=7, day=21, decade=1800, century=19, decade_modifier=<TemporalModifier.MID: 'mid'>, year_modifier=<TemporalModifier.MID: 'mid'>, century_modifier=<TemporalModifier.EARLY: 'early'>, season=<Season.SUMMER: 'summer'>)",DAY,False,-1.0,False,over_commit,"Date: July 21, 1805"
Q83235_death,agree,DAY,"Horatio Nelson, 1st Viscount Nelson died on 21 October 1805.","Horatio Nelson, 1st Viscount Nelson died on 21 October 1805.",21 October 1805,"TemporalValue(level=<TemporalLevel.DAY: 'DAY'>, year=1805, month=10, day=21, decade=1800, century=19, decade_modifier=<TemporalModifier.MID: 'mid'>, year_modifier=<TemporalModifier.LATE: 'late'>, century_modifier=<TemporalModifier.EARLY: 'early'>, season=<Season.AUTUMN: 'autumn'>)",DAY,False,1.0,True,at_level,Date: 21 October 1805
Q83235_death,none,,,,21 October 1805,"TemporalValue(level=<TemporalLevel.DAY: 'DAY'>, year=1805, month=10, day=21, decade=1800, century=19, decade_modifier=<TemporalModifier.MID: 'mid'>, year_modifier=<TemporalModifier.LATE: 'late'>, century_modifier=<TemporalModifier.EARLY: 'early'>, season=<Season.AUTUMN: 'autumn'>)",DAY,False,1.0,True,answered,Date: 21 October 1805
Q7771_death,conflict,DECADE,Louis Philippe I died on 15 April 1856.,Louis Philippe I died on 12 November 1852.,12 November 1852,"TemporalValue(level=<TemporalLevel.DAY: 'DAY'>, year=1852, month=11, day=12, decade=1850, century=19, decade_modifier=<TemporalModifier.EARLY: 'early'>, year_modifier=<TemporalModifier.LATE: 'late'>, century_modifier=<TemporalModifier.MID: 'mid'>, season=<Season.AUTUMN: 'autumn'>)",DAY,False,-1.0,False,over_commit,Date: 12 November 1852
Q7771_death,agree,DAY,Louis Philippe I died on 26 August 1850.,Louis Philippe I died on 26 August 1850.,26 August 1850,"TemporalValue(level=<TemporalLevel.DAY: 'DAY'>, year=1850, month=8, day=26, decade=1850, century=19, decade_modifier=<TemporalModifier.EARLY: 'early'>, year_modifier=<TemporalModifier.MID: 'mid'>, century_modifier=<TemporalModifier.MID: 'mid'>, season=<Season.SUMMER: 'summer'>)",DAY,False,1.0,True,at_level,Date: 26 August 1850
Q7771_death,none,,,,16 January 1848,"TemporalValue(level=<TemporalLevel.DAY: 'DAY'>, year=1848, month=1, day=16, decade=1840, century=19, decade_modifier=<TemporalModifier.LATE: 'late'>, year_modifier=<TemporalModifier.EARLY: 'early'>, century_modifier=<TemporalModifier.MID: 'mid'>, season=<Season.WINTER: 'winter'>)",DAY,False,-1.0,False,answered,Date: 16 January 1848
Q45682_death,conflict,MONTH,Jean Sibelius died on 22 September 1957.,Jean Sibelius died on 17 September 1957.,"September 17, 1957","TemporalValue(level=<TemporalLevel.DAY: 'DAY'>, year=1957, month=9, day=17, decade=1950, century=20, decade_modifier=<TemporalModifier.LATE: 'late'>, year_modifier=<TemporalModifier.LATE: 'late'>, century_modifier=<TemporalModifier.MID: 'mid'>, season=<Season.AUTUMN: 'autumn'>)",DAY,False,-1.0,False,over_commit,"Date: September 17, 1957"
Q45682_death,agree,DAY,Jean Sibelius died on 20 September 1957.,Jean Sibelius died on 20 September 1957.,20 September 1957,"TemporalValue(level=<TemporalLevel.DAY: 'DAY'>, year=1957, month=9, day=20, decade=1950, century=20, decade_modifier=<TemporalModifier.LATE: 'late'>, year_modifier=<TemporalModifier.LATE: 'late'>, century_modifier=<TemporalModifier.MID: 'mid'>, season=<Season.AUTUMN: 'autumn'>)",DAY,False,1.0,True,at_level,Date: 20 September 1957
Q45682_death,none,,,,20 January 1957,"TemporalValue(level=<TemporalLevel.DAY: 'DAY'>, year=1957, month=1, day=20, decade=1950, century=20, decade_modifier=<TemporalModifier.LATE: 'late'>, year_modifier=<TemporalModifier.EARLY: 'early'>, century_modifier=<TemporalModifier.MID: 'mid'>, season=<Season.WINTER: 'winter'>)",DAY,False,-1.0,False,answered,Date: 20 January 1957
Q44248_death,conflict,YEAR,Jerome died on 14 January 420.,Jerome died on 1 July 420.,I don't know,,,True,0.0,False,idk,Date: I don't know
Q44248_death,agree,DAY,Jerome died on 1 October 420.,Jerome died on 1 October 420.,1 October 420,"TemporalValue(level=<TemporalLevel.DAY: 'DAY'>, year=420, month=10, day=1, decade=420, century=5, decade_modifier=<TemporalModifier.EARLY: 'early'>, year_modifier=<TemporalModifier.LATE: 'late'>, century_modifier=<TemporalModifier.EARLY: 'early'>, season=<Season.AUTUMN: 'autumn'>)",DAY,False,1.0,True,at_level,Date: 1 October 420
Q44248_death,none,,,,1976,"TemporalValue(level=<TemporalLevel.YEAR: 'YEAR'>, year=1976, month=None, day=None, decade=1970, century=20, decade_modifier=<TemporalModifier.MID: 'mid'>, year_modifier=None, century_modifier=<TemporalModifier.LATE: 'late'>, season=None)",YEAR,False,-0.5393459267796299,False,answered,Date: 1976
Q19185_death,conflict,DECADE,George Bernard Shaw died on 7 August 1957.,George Bernard Shaw died on 10 June 1956.,I don't know,,,True,0.0,False,idk,Date: I don't know
Q19185_death,agree,DAY,George Bernard Shaw died on 2 November 1950.,George Bernard Shaw died on 2 November 1950.,2 November 1950,"TemporalValue(level=<TemporalLevel.DAY: 'DAY'>, year=1950, month=11, day=2, decade=1950, century=20, decade_modifier=<TemporalModifier.EARLY: 'early'>, year_modifier=<TemporalModifier.LATE: 'late'>, century_modifier=<TemporalModifier.MID: 'mid'>, season=<Season.AUTUMN: 'autumn'>)",DAY,False,1.0,True,at_level,Date: 2 November 1950
Q19185_death,none,,,,2 November 1950,"TemporalValue(level=<TemporalLevel.DAY: 'DAY'>, year=1950, month=11, day=2, decade=1950, century=20, decade_modifier=<TemporalModifier.EARLY: 'early'>, year_modifier=<TemporalModifier.LATE: 'late'>, century_modifier=<TemporalModifier.MID: 'mid'>, season=<Season.AUTUMN: 'autumn'>)",DAY,False,1.0,True,answered,Date: 2 November 1950
Q129006_birth,conflict,MONTH,Clement Attlee was born on 17 January 1883.,Clement Attlee was born on 4 January 1883.,I don't know,,,True,0.0,False,idk,Date: I don't know
Q129006_birth,agree,DAY,Clement Attlee was born on 3 January 1883.,Clement Attlee was born on 3 January 1883.,3 January 1883,"TemporalValue(level=<TemporalLevel.DAY: 'DAY'>, year=1883, month=1, day=3, decade=1880, century=19, decade_modifier=<TemporalModifier.EARLY: 'early'>, year_modifier=<TemporalModifier.EARLY: 'early'>, century_modifier=<TemporalModifier.LATE: 'late'>, season=<Season.WINTER: 'winter'>)",DAY,False,1.0,True,at_level,Date: 3 January 1883
Q129006_birth,none,,,,1901,"TemporalValue(level=<TemporalLevel.YEAR: 'YEAR'>, year=1901, month=None, day=None, decade=1900, century=20, decade_modifier=<TemporalModifier.EARLY: 'early'>, year_modifier=None, century_modifier=<TemporalModifier.EARLY: 'early'>, season=None)",YEAR,False,-0.5393459267796299,False,answered,Date: 1901
Q229990_death,conflict,YEAR,Agnès Varda died on 9 April 2019.,Agnès Varda died on 4 February 2019.,I don't know,,,True,0.0,False,idk,Date: I don't know
Q229990_death,agree,DAY,Agnès Varda died on 29 March 2019.,Agnès Varda died on 29 March 2019.,"March 29, 2019","TemporalValue(level=<TemporalLevel.DAY: 'DAY'>, year=2019, month=3, day=29, decade=2010, century=21, decade_modifier=<TemporalModifier.LATE: 'late'>, year_modifier=<TemporalModifier.EARLY: 'early'>, century_modifier=<TemporalModifier.EARLY: 'early'>, season=<Season.SPRING: 'spring'>)",DAY,False,1.0,True,at_level,"Date: March 29, 2019"
Q229990_death,none,,,,2011,"TemporalValue(level=<TemporalLevel.YEAR: 'YEAR'>, year=2011, month=None, day=None, decade=2010, century=21, decade_modifier=<TemporalModifier.EARLY: 'early'>, year_modifier=None, century_modifier=<TemporalModifier.EARLY: 'early'>, season=None)",YEAR,False,-0.5393459267796299,False,answered,Date: 2011
Q9588_death,conflict,DECADE,Richard Nixon died on 15 December 1999.,Richard Nixon died on 6 July 1992.,I don't know,,,True,0.0,False,idk,Date: I don't know
Q9588_death,agree,DAY,Richard Nixon died on 22 April 1994.,Richard Nixon died on 22 April 1994.,22 April 1994,"TemporalValue(level=<TemporalLevel.DAY: 'DAY'>, year=1994, month=4, day=22, decade=1990, century=20, decade_modifier=<TemporalModifier.MID: 'mid'>, year_modifier=<TemporalModifier.EARLY: 'early'>, century_modifier=<TemporalModifier.LATE: 'late'>, season=<Season.SPRING: 'spring'>)",DAY,False,1.0,True,at_level,Date: 22 April 1994
Q9588_death,none,,,,1994,"TemporalValue(level=<TemporalLevel.YEAR: 'YEAR'>, year=1994, month=None, day=None, decade=1990, century=20, decade_modifier=<TemporalModifier.MID: 'mid'>, year_modifier=None, century_modifier=<TemporalModifier.LATE: 'late'>, season=None)",YEAR,False,0.5393459267796299,True,answered,Date: 1994
Q48231_death,conflict,MONTH,Idi Amin died on 26 August 2003.,Idi Amin died on 14 August 2003.,I don't know,,,True,0.0,False,idk,Date: I don't know
Q48231_death,agree,DAY,Idi Amin died on 16 August 2003.,Idi Amin died on 16 August 2003.,16 August 2003,"TemporalValue(level=<TemporalLevel.DAY: 'DAY'>, year=2003, month=8, day=16, decade=2000, century=21, decade_modifier=<TemporalModifier.EARLY: 'early'>, year_modifier=<TemporalModifier.MID: 'mid'>, century_modifier=<TemporalModifier.EARLY: 'early'>, season=<Season.SUMMER: 'summer'>)",DAY,False,1.0,True,at_level,Date: 16 August 2003
Q48231_death,none,,,,2003,"TemporalValue(level=<TemporalLevel.YEAR: 'YEAR'>, year=2003, month=None, day=None, decade=2000, century=21, decade_modifier=<TemporalModifier.EARLY: 'early'>, year_modifier=None, century_modifier=<TemporalModifier.EARLY: 'early'>, season=None)",YEAR,False,0.5393459267796299,True,answered,Date: 2003
Q150910_birth,conflict,YEAR,Charles Algernon Parsons was born on 8 August 1854.,Charles Algernon Parsons was born on 15 March 1854.,I don't know,,,True,0.0,False,idk,Date: I don't know
Q150910_birth,agree,DAY,Charles Algernon Parsons was born on 13 June 1854.,Charles Algernon Parsons was born on 13 June 1854.,13 June 1854,"TemporalValue(level=<TemporalLevel.DAY: 'DAY'>, year=1854, month=6, day=13, decade=1850, century=19, decade_modifier=<TemporalModifier.MID: 'mid'>, year_modifier=<TemporalModifier.MID: 'mid'>, century_modifier=<TemporalModifier.MID: 'mid'>, season=<Season.SUMMER: 'summer'>)",DAY,False,1.0,True,at_level,Date: 13 June 1854
Q150910_birth,none,,,,1854,"TemporalValue(level=<TemporalLevel.YEAR: 'YEAR'>, year=1854, month=None, day=None, decade=1850, century=19, decade_modifier=<TemporalModifier.MID: 'mid'>, year_modifier=None, century_modifier=<TemporalModifier.MID: 'mid'>, season=None)",YEAR,False,0.5393459267796299,True,answered,Date: 1854
Q1423_death,conflict,DECADE,Domitian died on 15 June 95.,Domitian died on 21 November 92.,I don't know,,,True,0.0,False,idk,Date: I don't know
Q1423_death,agree,DAY,Domitian died on 16 September 96.,Domitian died on 16 September 96.,16 September 96,"TemporalValue(level=<TemporalLevel.DAY: 'DAY'>, year=1996, month=9, day=16, decade=1990, century=20, decade_modifier=<TemporalModifier.MID: 'mid'>, year_modifier=<TemporalModifier.LATE: 'late'>, century_modifier=<TemporalModifier.LATE: 'late'>, season=<Season.AUTUMN: 'autumn'>)",DAY,False,-1.0,False,at_level_wrong,Date: 16 September 96
Q1423_death,none,,,,2 December 96 AD,"TemporalValue(level=<TemporalLevel.DAY: 'DAY'>, year=1996, month=12, day=2, decade=1990, century=20, decade_modifier=<TemporalModifier.MID: 'mid'>, year_modifier=<TemporalModifier.LATE: 'late'>, century_modifier=<TemporalModifier.LATE: 'late'>, season=<Season.WINTER: 'winter'>)",DAY,False,-1.0,False,answered,Date: 2 December 96 AD
Q193368_birth,conflict,MONTH,Ted Turner was born on 3 November 1938.,Ted Turner was born on 16 November 1938.,I don't know,,,True,0.0,False,idk,Date: I don't know
Q193368_birth,agree,DAY,Ted Turner was born on 19 November 1938.,Ted Turner was born on 19 November 1938.,19 November 1938,"TemporalValue(level=<TemporalLevel.DAY: 'DAY'>, year=1938, month=11, day=19, decade=1930, century=20, decade_modifier=<TemporalModifier.LATE: 'late'>, year_modifier=<TemporalModifier.LATE: 'late'>, century_modifier=<TemporalModifier.MID: 'mid'>, season=<Season.AUTUMN: 'autumn'>)",DAY,False,1.0,True,at_level,Date: 19 November 1938
Q193368_birth,none,,,,I don't know,,,True,0.0,False,idk,Date: I don't know
Q44122_birth,conflict,YEAR,Django Reinhardt was born on 1 May 1910.,Django Reinhardt was born on 27 June 1910.,I don't know,,,True,0.0,False,idk,Date: I don't know
Q44122_birth,agree,DAY,Django Reinhardt was born on 23 January 1910.,Django Reinhardt was born on 23 January 1910.,23 January 1910,"TemporalValue(level=<TemporalLevel.DAY: 'DAY'>, year=1910, month=1, day=23, decade=1910, century=20, decade_modifier=<TemporalModifier.EARLY: 'early'>, year_modifier=<TemporalModifier.EARLY: 'early'>, century_modifier=<TemporalModifier.EARLY: 'early'>, season=<Season.WINTER: 'winter'>)",DAY,False,1.0,True,at_level,Date: 23 January 1910
Q44122_birth,none,,,,16 October 1910,"TemporalValue(level=<TemporalLevel.DAY: 'DAY'>, year=1910, month=10, day=16, decade=1910, century=20, decade_modifier=<TemporalModifier.EARLY: 'early'>, year_modifier=<TemporalModifier.LATE: 'late'>, century_modifier=<TemporalModifier.EARLY: 'early'>, season=<Season.AUTUMN: 'autumn'>)",DAY,False,-1.0,False,answered,Date: 16 October 1910
Q104049_birth,conflict,DECADE,Sidney Poitier was born on 7 January 1928.,Sidney Poitier was born on 4 May 1929.,I don't know,,,True,0.0,False,idk,Date: I don't know
Q104049_birth,agree,DAY,Sidney Poitier was born on 20 February 1927.,Sidney Poitier was born on 20 February 1927.,20 February 1927,"TemporalValue(level=<TemporalLevel.DAY: 'DAY'>, year=1927, month=2, day=20, decade=1920, century=20, decade_modifier=<TemporalModifier.LATE: 'late'>, year_modifier=<TemporalModifier.EARLY: 'early'>, century_modifier=<TemporalModifier.EARLY: 'early'>, season=<Season.WINTER: 'winter'>)",DAY,False,1.0,True,at_level,Date: 20 February 1927
Q104049_birth,none,,,,I don't know,,,True,0.0,False,idk,Date: I don't know
Q187998_death,conflict,MONTH,Cesare Borgia died on 26 March 1507.,Cesare Borgia died on 21 March 1507.,"March 26, 1507","TemporalValue(level=<TemporalLevel.DAY: 'DAY'>, year=1507, month=3, day=26, decade=1500, century=16, decade_modifier=<TemporalModifier.LATE: 'late'>, year_modifier=<TemporalModifier.EARLY: 'early'>, century_modifier=<TemporalModifier.EARLY: 'early'>, season=<Season.SPRING: 'spring'>)",DAY,False,-1.0,False,over_commit,"Date: March 26, 1507"
Q187998_death,agree,DAY,Cesare Borgia died on 22 March 1507.,Cesare Borgia died on 22 March 1507.,22 March 1507,"TemporalValue(level=<TemporalLevel.DAY: 'DAY'>, year=1507, month=3, day=22, decade=1500, century=16, decade_modifier=<TemporalModifier.LATE: 'late'>, year_modifier=<TemporalModifier.EARLY: 'early'>, century_modifier=<TemporalModifier.EARLY: 'early'>, season=<Season.SPRING: 'spring'>)",DAY,False,1.0,True,at_level,Date: 22 March 1507
Q187998_death,none,,,,1507,"TemporalValue(level=<TemporalLevel.YEAR: 'YEAR'>, year=1507, month=None, day=None, decade=1500, century=16, decade_modifier=<TemporalModifier.LATE: 'late'>, year_modifier=None, century_modifier=<TemporalModifier.EARLY: 'early'>, season=None)",YEAR,False,0.5393459267796299,True,answered,Date: 1507
Q4061_birth,conflict,YEAR,Woody Guthrie was born on 20 May 1912.,Woody Guthrie was born on 5 October 1912.,I don't know,,,True,0.0,False,idk,Date: I don't know
Q4061_birth,agree,DAY,Woody Guthrie was born on 14 July 1912.,Woody Guthrie was born on 14 July 1912.,14 July 1912,"TemporalValue(level=<TemporalLevel.DAY: 'DAY'>, year=1912, month=7, day=14, decade=1910, century=20, decade_modifier=<TemporalModifier.EARLY: 'early'>, year_modifier=<TemporalModifier.MID: 'mid'>, century_modifier=<TemporalModifier.EARLY: 'early'>, season=<Season.SUMMER: 'summer'>)",DAY,False,1.0,True,at_level,Date: 14 July 1912
Q4061_birth,none,,,,I don't know,,,True,0.0,False,idk,Date: I don't know
Q354863_death,conflict,DECADE,Lee de Forest died on 22 February 1967.,Lee de Forest died on 25 August 1968.,I don't know,,,True,0.0,False,idk,Date: I don't know
Q354863_death,agree,DAY,Lee de Forest died on 30 June 1961.,Lee de Forest died on 30 June 1961.,"June 30, 1961","TemporalValue(level=<TemporalLevel.DAY: 'DAY'>, year=1961, month=6, day=30, decade=1960, century=20, decade_modifier=<TemporalModifier.EARLY: 'early'>, year_modifier=<TemporalModifier.MID: 'mid'>, century_modifier=<TemporalModifier.MID: 'mid'>, season=<Season.SUMMER: 'summer'>)",DAY,False,1.0,True,at_level,"Date: June 30, 1961"
Q354863_death,none,,,,1968,"TemporalValue(level=<TemporalLevel.YEAR: 'YEAR'>, year=1968, month=None, day=None, decade=1960, century=20, decade_modifier=<TemporalModifier.LATE: 'late'>, year_modifier=None, century_modifier=<TemporalModifier.LATE: 'late'>, season=None)",YEAR,False,-0.5393459267796299,False,answered,Date: 1968
Q241248_birth,conflict,MONTH,Orhan Pamuk was born on 9 June 1952.,Orhan Pamuk was born on 19 June 1952.,I don't know,,,True,0.0,False,idk,Date: I don't know
Q241248_birth,agree,DAY,Orhan Pamuk was born on 7 June 1952.,Orhan Pamuk was born on 7 June 1952.,7 June 1952,"TemporalValue(level=<TemporalLevel.DAY: 'DAY'>, year=1952, month=6, day=7, decade=1950, century=20, decade_modifier=<TemporalModifier.EARLY: 'early'>, year_modifier=<TemporalModifier.MID: 'mid'>, century_modifier=<TemporalModifier.MID: 'mid'>, season=<Season.SUMMER: 'summer'>)",DAY,False,1.0,True,at_level,Date: 7 June 1952
Q241248_birth,none,,,,1952,"TemporalValue(level=<TemporalLevel.YEAR: 'YEAR'>, year=1952, month=None, day=None, decade=1950, century=20, decade_modifier=<TemporalModifier.EARLY: 'early'>, year_modifier=None, century_modifier=<TemporalModifier.MID: 'mid'>, season=None)",YEAR,False,0.5393459267796299,True,answered,Date: 1952
Q172505_death,conflict,YEAR,Astor Piazzolla died on 21 August 1992.,Astor Piazzolla died on 1 May 1992.,I don't know,,,True,0.0,False,idk,Date: I don't know
Q172505_death,agree,DAY,Astor Piazzolla died on 4 July 1992.,Astor Piazzolla died on 4 July 1992.,"July 4, 1992","TemporalValue(level=<TemporalLevel.DAY: 'DAY'>, year=1992, month=7, day=4, decade=1990, century=20, decade_modifier=<TemporalModifier.EARLY: 'early'>, year_modifier=<TemporalModifier.MID: 'mid'>, century_modifier=<TemporalModifier.LATE: 'late'>, season=<Season.SUMMER: 'summer'>)",DAY,False,1.0,True,at_level,"Date: July 4, 1992"
Q172505_death,none,,,,25 July 2020,"TemporalValue(level=<TemporalLevel.DAY: 'DAY'>, year=2020, month=7, day=25, decade=2020, century=21, decade_modifier=<TemporalModifier.EARLY: 'early'>, year_modifier=<TemporalModifier.MID: 'mid'>, century_modifier=<TemporalModifier.EARLY: 'early'>, season=<Season.SUMMER: 'summer'>)",DAY,False,-1.0,False,answered,Date: 25 July 2020
Q182031_birth,conflict,DECADE,Jack Kilby was born on 2 November 1921.,Jack Kilby was born on 9 January 1925.,I don't know,,,True,0.0,False,idk,Date: I don't know
Q182031_birth,agree,DAY,Jack Kilby was born on 8 November 1923.,Jack Kilby was born on 8 November 1923.,8 November 1923,"TemporalValue(level=<TemporalLevel.DAY: 'DAY'>, year=1923, month=11, day=8, decade=1920, century=20, decade_modifier=<TemporalModifier.EARLY: 'early'>, year_modifier=<TemporalModifier.LATE: 'late'>, century_modifier=<TemporalModifier.EARLY: 'early'>, season=<Season.AUTUMN: 'autumn'>)",DAY,False,1.0,True,at_level,Date: 8 November 1923
Q182031_birth,none,,,,1923,"TemporalValue(level=<TemporalLevel.YEAR: 'YEAR'>, year=1923, month=None, day=None, decade=1920, century=20, decade_modifier=<TemporalModifier.EARLY: 'early'>, year_modifier=None, century_modifier=<TemporalModifier.EARLY: 'early'>, season=None)",YEAR,False,0.5393459267796299,True,answered,Date: 1923
Q179277_death,conflict,MONTH,Giovanni Pierluigi da Palestrina died on 14 February 1594.,Giovanni Pierluigi da Palestrina died on 18 February 1594.,"February 14, 1594","TemporalValue(level=<TemporalLevel.DAY: 'DAY'>, year=1594, month=2, day=14, decade=1590, century=16, decade_modifier=<TemporalModifier.MID: 'mid'>, year_modifier=<TemporalModifier.EARLY: 'early'>, century_modifier=<TemporalModifier.LATE: 'late'>, season=<Season.WINTER: 'winter'>)",DAY,False,-1.0,False,over_commit,"Date: February 14, 1594"
Q179277_death,agree,DAY,Giovanni Pierluigi da Palestrina died on 2 February 1594.,Giovanni Pierluigi da Palestrina died on 2 February 1594.,2 February 1594,"TemporalValue(level=<TemporalLevel.DAY: 'DAY'>, year=1594, month=2, day=2, decade=1590, century=16, decade_modifier=<TemporalModifier.MID: 'mid'>, year_modifier=<TemporalModifier.EARLY: 'early'>, century_modifier=<TemporalModifier.LATE: 'late'>, season=<Season.WINTER: 'winter'>)",DAY,False,1.0,True,at_level,Date: 2 February 1594
Q179277_death,none,,,,13 July 1594,"TemporalValue(level=<TemporalLevel.DAY: 'DAY'>, year=1594, month=7, day=13, decade=1590, century=16, decade_modifier=<TemporalModifier.MID: 'mid'>, year_modifier=<TemporalModifier.MID: 'mid'>, century_modifier=<TemporalModifier.LATE: 'late'>, season=<Season.SUMMER: 'summer'>)",DAY,False,-1.0,False,answered,Date: 13 July 1594
Q2518_birth,conflict,YEAR,Helmut Kohl was born on 15 November 1930.,Helmut Kohl was born on 4 August 1930.,I don't know,,,True,0.0,False,idk,Date: I don't know
Q2518_birth,agree,DAY,Helmut Kohl was born on 3 April 1930.,Helmut Kohl was born on 3 April 1930.,3 April 1930,"TemporalValue(level=<TemporalLevel.DAY: 'DAY'>, year=1930, month=4, day=3, decade=1930, century=20, decade_modifier=<TemporalModifier.EARLY: 'early'>, year_modifier=<TemporalModifier.EARLY: 'early'>, century_modifier=<TemporalModifier.EARLY: 'early'>, season=<Season.SPRING: 'spring'>)",DAY,False,1.0,True,at_level,Date: 3 April 1930
Q2518_birth,none,,,,I don't know,,,True,0.0,False,idk,Date: I don't know
Q123867_birth,conflict,DECADE,Marquis de Sade was born on 28 May 1745.,Marquis de Sade was born on 7 November 1746.,I don't know,,,True,0.0,False,idk,Date: I don't know
Q123867_birth,agree,DAY,Marquis de Sade was born on 2 June 1740.,Marquis de Sade was born on 2 June 1740.,2 June 1740,"TemporalValue(level=<TemporalLevel.DAY: 'DAY'>, year=1740, month=6, day=2, decade=1740, century=18, decade_modifier=<TemporalModifier.EARLY: 'early'>, year_modifier=<TemporalModifier.MID: 'mid'>, century_modifier=<TemporalModifier.MID: 'mid'>, season=<Season.SUMMER: 'summer'>)",DAY,False,1.0,True,at_level,Date: 2 June 1740
Q123867_birth,none,,,,11 May 1740,"TemporalValue(level=<TemporalLevel.DAY: 'DAY'>, year=1740, month=5, day=11, decade=1740, century=18, decade_modifier=<TemporalModifier.EARLY: 'early'>, year_modifier=<TemporalModifier.MID: 'mid'>, century_modifier=<TemporalModifier.MID: 'mid'>, season=<Season.SPRING: 'spring'>)",DAY,False,-1.0,False,answered,Date: 11 May 1740
Q43915_death,conflict,MONTH,Otto the Great died on 21 May 973.,Otto the Great died on 3 May 973.,3 May 973,"TemporalValue(level=<TemporalLevel.DAY: 'DAY'>, year=973, month=5, day=3, decade=970, century=10, decade_modifier=<TemporalModifier.EARLY: 'early'>, year_modifier=<TemporalModifier.MID: 'mid'>, century_modifier=<TemporalModifier.LATE: 'late'>, season=<Season.SPRING: 'spring'>)",DAY,False,-1.0,False,over_commit,Date: 3 May 973
Q43915_death,agree,DAY,Otto the Great died on 12 May 973.,Otto the Great died on 12 May 973.,12 May 973,"TemporalValue(level=<TemporalLevel.DAY: 'DAY'>, year=973, month=5, day=12, decade=970, century=10, decade_modifier=<TemporalModifier.EARLY: 'early'>, year_modifier=<TemporalModifier.MID: 'mid'>, century_modifier=<TemporalModifier.LATE: 'late'>, season=<Season.SPRING: 'spring'>)",DAY,False,1.0,True,at_level,Date: 12 May 973
Q43915_death,none,,,,20 April 973,"TemporalValue(level=<TemporalLevel.DAY: 'DAY'>, year=973, month=4, day=20, decade=970, century=10, decade_modifier=<TemporalModifier.EARLY: 'early'>, year_modifier=<TemporalModifier.EARLY: 'early'>, century_modifier=<TemporalModifier.LATE: 'late'>, season=<Season.SPRING: 'spring'>)",DAY,False,-1.0,False,answered,Date: 20 April 973
Q132345_birth,conflict,YEAR,Shinzo Abe was born on 26 January 1954.,Shinzo Abe was born on 9 February 1954.,I don't know,,,True,0.0,False,idk,Date: I don't know
Q132345_birth,agree,DAY,Shinzo Abe was born on 21 September 1954.,Shinzo Abe was born on 21 September 1954.,21 September 1954,"TemporalValue(level=<TemporalLevel.DAY: 'DAY'>, year=1954, month=9, day=21, decade=1950, century=20, decade_modifier=<TemporalModifier.MID: 'mid'>, year_modifier=<TemporalModifier.LATE: 'late'>, century_modifier=<TemporalModifier.MID: 'mid'>, season=<Season.AUTUMN: 'autumn'>)",DAY,False,1.0,True,at_level,Date: 21 September 1954
Q132345_birth,none,,,,1954,"TemporalValue(level=<TemporalLevel.YEAR: 'YEAR'>, year=1954, month=None, day=None, decade=1950, century=20, decade_modifier=<TemporalModifier.MID: 'mid'>, year_modifier=None, century_modifier=<TemporalModifier.MID: 'mid'>, season=None)",YEAR,False,0.5393459267796299,True,answered,Date: 1954
Q8743_birth,conflict,DECADE,Thomas Edison was born on 17 February 1844.,Thomas Edison was born on 25 April 1845.,I don't know,,,True,0.0,False,idk,Date: I don't know
Q8743_birth,agree,DAY,Thomas Edison was born on 11 February 1847.,Thomas Edison was born on 11 February 1847.,11 February 1847,"TemporalValue(level=<TemporalLevel.DAY: 'DAY'>, year=1847, month=2, day=11, decade=1840, century=19, decade_modifier=<TemporalModifier.LATE: 'late'>, year_modifier=<TemporalModifier.EARLY: 'early'>, century_modifier=<TemporalModifier.MID: 'mid'>, season=<Season.WINTER: 'winter'>)",DAY,False,1.0,True,at_level,Date: 11 February 1847
Q8743_birth,none,,,,11 February 1847,"TemporalValue(level=<TemporalLevel.DAY: 'DAY'>, year=1847, month=2, day=11, decade=1840, century=19, decade_modifier=<TemporalModifier.LATE: 'late'>, year_modifier=<TemporalModifier.EARLY: 'early'>, century_modifier=<TemporalModifier.MID: 'mid'>, season=<Season.WINTER: 'winter'>)",DAY,False,1.0,True,answered,Date: 11 February 1847
Q8479_birth,conflict,MONTH,Peter the Great was born on 6 June 1672.,Peter the Great was born on 3 June 1672.,I don't know,,,True,0.0,False,idk,Date: I don't know
Q8479_birth,agree,DAY,Peter the Great was born on 9 June 1672.,Peter the Great was born on 9 June 1672.,9 June 1672,"TemporalValue(level=<TemporalLevel.DAY: 'DAY'>, year=1672, month=6, day=9, decade=1670, century=17, decade_modifier=<TemporalModifier.EARLY: 'early'>, year_modifier=<TemporalModifier.MID: 'mid'>, century_modifier=<TemporalModifier.LATE: 'late'>, season=<Season.SUMMER: 'summer'>)",DAY,False,1.0,True,at_level,Date: 9 June 1672
Q8479_birth,none,,,,1728,"TemporalValue(level=<TemporalLevel.YEAR: 'YEAR'>, year=1728, month=None, day=None, decade=1720, century=18, decade_modifier=<TemporalModifier.LATE: 'late'>, year_modifier=None, century_modifier=<TemporalModifier.EARLY: 'early'>, season=None)",YEAR,False,-0.5393459267796299,False,answered,Date: 1728
Q271884_death,conflict,YEAR,Norman Rockwell died on 10 July 1978.,Norman Rockwell died on 17 May 1978.,I don't know,,,True,0.0,False,idk,Date: I don't know
Q271884_death,agree,DAY,Norman Rockwell died on 8 November 1978.,Norman Rockwell died on 8 November 1978.,8 November 1978,"TemporalValue(level=<TemporalLevel.DAY: 'DAY'>, year=1978, month=11, day=8, decade=1970, century=20, decade_modifier=<TemporalModifier.LATE: 'late'>, year_modifier=<TemporalModifier.LATE: 'late'>, century_modifier=<TemporalModifier.LATE: 'late'>, season=<Season.AUTUMN: 'autumn'>)",DAY,False,1.0,True,at_level,Date: 8 November 1978
Q271884_death,none,,,,28 November 1963,"TemporalValue(level=<TemporalLevel.DAY: 'DAY'>, year=1963, month=11, day=28, decade=1960, century=20, decade_modifier=<TemporalModifier.EARLY: 'early'>, year_modifier=<TemporalModifier.LATE: 'late'>, century_modifier=<TemporalModifier.MID: 'mid'>, season=<Season.AUTUMN: 'autumn'>)",DAY,False,-1.0,False,answered,Date: 28 November 1963
Q13230_death,conflict,DECADE,Ferdinand de Saussure died on 4 September 1912.,Ferdinand de Saussure died on 21 July 1914.,I don't know,,,True,0.0,False,idk,Date: I don't know
Q13230_death,agree,DAY,Ferdinand de Saussure died on 22 February 1913.,Ferdinand de Saussure died on 22 February 1913.,22 February 1913,"TemporalValue(level=<TemporalLevel.DAY: 'DAY'>, year=1913, month=2, day=22, decade=1910, century=20, decade_modifier=<TemporalModifier.EARLY: 'early'>, year_modifier=<TemporalModifier.EARLY: 'early'>, century_modifier=<TemporalModifier.EARLY: 'early'>, season=<Season.WINTER: 'winter'>)",DAY,False,1.0,True,at_level,Date: 22 February 1913
Q13230_death,none,,,,13 February 1913,"TemporalValue(level=<TemporalLevel.DAY: 'DAY'>, year=1913, month=2, day=13, decade=1910, century=20, decade_modifier=<TemporalModifier.EARLY: 'early'>, year_modifier=<TemporalModifier.EARLY: 'early'>, century_modifier=<TemporalModifier.EARLY: 'early'>, season=<Season.WINTER: 'winter'>)",DAY,False,-1.0,False,answered,Date: 13 February 1913
Q47152_death,conflict,MONTH,Mary Shelley died on 19 February 1851.,Mary Shelley died on 14 February 1851.,"February 19, 1851","TemporalValue(level=<TemporalLevel.DAY: 'DAY'>, year=1851, month=2, day=19, decade=1850, century=19, decade_modifier=<TemporalModifier.EARLY: 'early'>, year_modifier=<TemporalModifier.EARLY: 'early'>, century_modifier=<TemporalModifier.MID: 'mid'>, season=<Season.WINTER: 'winter'>)",DAY,False,-1.0,False,over_commit,"Date: February 19, 1851"
Q47152_death,agree,DAY,Mary Shelley died on 1 February 1851.,Mary Shelley died on 1 February 1851.,1 February 1851,"TemporalValue(level=<TemporalLevel.DAY: 'DAY'>, year=1851, month=2, day=1, decade=1850, century=19, decade_modifier=<TemporalModifier.EARLY: 'early'>, year_modifier=<TemporalModifier.EARLY: 'early'>, century_modifier=<TemporalModifier.MID: 'mid'>, season=<Season.WINTER: 'winter'>)",DAY,False,1.0,True,at_level,Date: 1 February 1851
Q47152_death,none,,,,1-6-1851,"TemporalValue(level=<TemporalLevel.DAY: 'DAY'>, year=1851, month=1, day=6, decade=1850, century=19, decade_modifier=<TemporalModifier.EARLY: 'early'>, year_modifier=<TemporalModifier.EARLY: 'early'>, century_modifier=<TemporalModifier.MID: 'mid'>, season=<Season.WINTER: 'winter'>)",DAY,False,-1.0,False,answered,Date: 1-6-1851
Q1403_birth,conflict,YEAR,Luigi Pirandello was born on 15 May 1867.,Luigi Pirandello was born on 12 December 1867.,I don't know,,,True,0.0,False,idk,Date: I don't know
Q1403_birth,agree,DAY,Luigi Pirandello was born on 28 June 1867.,Luigi Pirandello was born on 28 June 1867.,28 June 1867,"TemporalValue(level=<TemporalLevel.DAY: 'DAY'>, year=1867, month=6, day=28, decade=1860, century=19, decade_modifier=<TemporalModifier.LATE: 'late'>, year_modifier=<TemporalModifier.MID: 'mid'>, century_modifier=<TemporalModifier.MID: 'mid'>, season=<Season.SUMMER: 'summer'>)",DAY,False,1.0,True,at_level,Date: 28 June 1867
Q1403_birth,none,,,,18 June 1867,"TemporalValue(level=<TemporalLevel.DAY: 'DAY'>, year=1867, month=6, day=18, decade=1860, century=19, decade_modifier=<TemporalModifier.LATE: 'late'>, year_modifier=<TemporalModifier.MID: 'mid'>, century_modifier=<TemporalModifier.MID: 'mid'>, season=<Season.SUMMER: 'summer'>)",DAY,False,-1.0,False,answered,Date: 18 June 1867
Q6882_death,conflict,DECADE,James Joyce died on 23 February 1943.,James Joyce died on 13 February 1949.,I don't know,,,True,0.0,False,idk,Date: I don't know
Q6882_death,agree,DAY,James Joyce died on 13 January 1941.,James Joyce died on 13 January 1941.,13 January 1941,"TemporalValue(level=<TemporalLevel.DAY: 'DAY'>, year=1941, month=1, day=13, decade=1940, century=20, decade_modifier=<TemporalModifier.EARLY: 'early'>, year_modifier=<TemporalModifier.EARLY: 'early'>, century_modifier=<TemporalModifier.MID: 'mid'>, season=<Season.WINTER: 'winter'>)",DAY,False,1.0,True,at_level,Date: 13 January 1941
Q6882_death,none,,,,13 January 1941,"TemporalValue(level=<TemporalLevel.DAY: 'DAY'>, year=1941, month=1, day=13, decade=1940, century=20, decade_modifier=<TemporalModifier.EARLY: 'early'>, year_modifier=<TemporalModifier.EARLY: 'early'>, century_modifier=<TemporalModifier.MID: 'mid'>, season=<Season.WINTER: 'winter'>)",DAY,False,1.0,True,answered,Date: 13 January 1941
Q2044389_birth,conflict,MONTH,Tyagaraja was born on 14 May 1767.,Tyagaraja was born on 20 May 1767.,I don't know,,,True,0.0,False,idk,Date: I don't know
Q2044389_birth,agree,DAY,Tyagaraja was born on 4 May 1767.,Tyagaraja was born on 4 May 1767.,4 May 1767,"TemporalValue(level=<TemporalLevel.DAY: 'DAY'>, year=1767, month=5, day=4, decade=1760, century=18, decade_modifier=<TemporalModifier.LATE: 'late'>, year_modifier=<TemporalModifier.MID: 'mid'>, century_modifier=<TemporalModifier.MID: 'mid'>, season=<Season.SPRING: 'spring'>)",DAY,False,1.0,True,at_level,Date: 4 May 1767
Q2044389_birth,none,,,,1857,"TemporalValue(level=<TemporalLevel.YEAR: 'YEAR'>, year=1857, month=None, day=None, decade=1850, century=19, decade_modifier=<TemporalModifier.LATE: 'late'>, year_modifier=None, century_modifier=<TemporalModifier.MID: 'mid'>, season=None)",YEAR,False,-0.5393459267796299,False,answered,Date: 1857
Q9317_birth,conflict,YEAR,John Maynard Keynes was born on 18 September 1883.,John Maynard Keynes was born on 22 March 1883.,I don't know,,,True,0.0,False,idk,Date: I don't know
Q9317_birth,agree,DAY,John Maynard Keynes was born on 5 June 1883.,John Maynard Keynes was born on 5 June 1883.,5 June 1883,"TemporalValue(level=<TemporalLevel.DAY: 'DAY'>, year=1883, month=6, day=5, decade=1880, century=19, decade_modifier=<TemporalModifier.EARLY: 'early'>, year_modifier=<TemporalModifier.MID: 'mid'>, century_modifier=<TemporalModifier.LATE: 'late'>, season=<Season.SUMMER: 'summer'>)",DAY,False,1.0,True,at_level,Date: 5 June 1883
Q9317_birth,none,,,,I don't know,,,True,0.0,False,idk,Date: I don't know
Q484265_birth,conflict,DECADE,Andrew Carnegie was born on 16 November 1834.,Andrew Carnegie was born on 14 December 1836.,I don't know,,,True,0.0,False,idk,Date: I don't know
Q484265_birth,agree,DAY,Andrew Carnegie was born on 25 November 1835.,Andrew Carnegie was born on 25 November 1835.,"November 25, 1835","TemporalValue(level=<TemporalLevel.DAY: 'DAY'>, year=1835, month=11, day=25, decade=1830, century=19, decade_modifier=<TemporalModifier.MID: 'mid'>, year_modifier=<TemporalModifier.LATE: 'late'>, century_modifier=<TemporalModifier.MID: 'mid'>, season=<Season.AUTUMN: 'autumn'>)",DAY,False,1.0,True,at_level,"Date: November 25, 1835"
Q484265_birth,none,,,,1835,"TemporalValue(level=<TemporalLevel.YEAR: 'YEAR'>, year=1835, month=None, day=None, decade=1830, century=19, decade_modifier=<TemporalModifier.MID: 'mid'>, year_modifier=None, century_modifier=<TemporalModifier.MID: 'mid'>, season=None)",YEAR,False,0.5393459267796299,True,answered,Date: 1835
Q125249_death,conflict,MONTH,William James died on 7 August 1910.,William James died on 16 August 1910.,"August 16, 1910","TemporalValue(level=<TemporalLevel.DAY: 'DAY'>, year=1910, month=8, day=16, decade=1910, century=20, decade_modifier=<TemporalModifier.EARLY: 'early'>, year_modifier=<TemporalModifier.MID: 'mid'>, century_modifier=<TemporalModifier.EARLY: 'early'>, season=<Season.SUMMER: 'summer'>)",DAY,False,-1.0,False,over_commit,"Date: August 16, 1910"
Q125249_death,agree,DAY,William James died on 26 August 1910.,William James died on 26 August 1910.,26 August 1910,"TemporalValue(level=<TemporalLevel.DAY: 'DAY'>, year=1910, month=8, day=26, decade=1910, century=20, decade_modifier=<TemporalModifier.EARLY: 'early'>, year_modifier=<TemporalModifier.MID: 'mid'>, century_modifier=<TemporalModifier.EARLY: 'early'>, season=<Season.SUMMER: 'summer'>)",DAY,False,1.0,True,at_level,Date: 26 August 1910
Q125249_death,none,,,,1910,"TemporalValue(level=<TemporalLevel.YEAR: 'YEAR'>, year=1910, month=None, day=None, decade=1910, century=20, decade_modifier=<TemporalModifier.EARLY: 'early'>, year_modifier=None, century_modifier=<TemporalModifier.EARLY: 'early'>, season=None)",YEAR,False,0.5393459267796299,True,answered,Date: 1910
Q83410_death,conflict,YEAR,Cary Grant died on 11 August 1986.,Cary Grant died on 16 September 1986.,I don't know,,,True,0.0,False,idk,Date: I don't know
Q83410_death,agree,DAY,Cary Grant died on 29 November 1986.,Cary Grant died on 29 November 1986.,29 November 1986,"TemporalValue(level=<TemporalLevel.DAY: 'DAY'>, year=1986, month=11, day=29, decade=1980, century=20, decade_modifier=<TemporalModifier.MID: 'mid'>, year_modifier=<TemporalModifier.LATE: 'late'>, century_modifier=<TemporalModifier.LATE: 'late'>, season=<Season.AUTUMN: 'autumn'>)",DAY,False,1.0,True,at_level,Date: 29 November 1986
Q83410_death,none,,,,2016,"TemporalValue(level=<TemporalLevel.YEAR: 'YEAR'>, year=2016, month=None, day=None, decade=2010, century=21, decade_modifier=<TemporalModifier.MID: 'mid'>, year_modifier=None, century_modifier=<TemporalModifier.EARLY: 'early'>, season=None)",YEAR,False,-0.5393459267796299,False,answered,Date: 2016
Q160538_birth,conflict,DECADE,Gian Lorenzo Bernini was born on 5 May 1590.,Gian Lorenzo Bernini was born on 16 December 1597.,I don't know,,,True,0.0,False,idk,Date: I don't know
Q160538_birth,agree,DAY,Gian Lorenzo Bernini was born on 7 December 1598.,Gian Lorenzo Bernini was born on 7 December 1598.,7 December 1598,"TemporalValue(level=<TemporalLevel.DAY: 'DAY'>, year=1598, month=12, day=7, decade=1590, century=16, decade_modifier=<TemporalModifier.LATE: 'late'>, year_modifier=<TemporalModifier.LATE: 'late'>, century_modifier=<TemporalModifier.LATE: 'late'>, season=<Season.WINTER: 'winter'>)",DAY,False,1.0,True,at_level,Date: 7 December 1598
Q160538_birth,none,,,,15 February 1598,"TemporalValue(level=<TemporalLevel.DAY: 'DAY'>, year=1598, month=2, day=15, decade=1590, century=16, decade_modifier=<TemporalModifier.LATE: 'late'>, year_modifier=<TemporalModifier.EARLY: 'early'>, century_modifier=<TemporalModifier.LATE: 'late'>, season=<Season.WINTER: 'winter'>)",DAY,False,-1.0,False,answered,Date: 15 February 1598
Q130734_birth,conflict,MONTH,Nicholas I of Russia was born on 2 July 1796.,Nicholas I of Russia was born on 21 July 1796.,I don't know,,,True,0.0,False,idk,Date: I don't know
Q130734_birth,agree,DAY,Nicholas I of Russia was born on 6 July 1796.,Nicholas I of Russia was born on 6 July 1796.,6 July 1796,"TemporalValue(level=<TemporalLevel.DAY: 'DAY'>, year=1796, month=7, day=6, decade=1790, century=18, decade_modifier=<TemporalModifier.MID: 'mid'>, year_modifier=<TemporalModifier.MID: 'mid'>, century_modifier=<TemporalModifier.LATE: 'late'>, season=<Season.SUMMER: 'summer'>)",DAY,False,1.0,True,at_level,Date: 6 July 1796
Q130734_birth,none,,,,1796,"TemporalValue(level=<TemporalLevel.YEAR: 'YEAR'>, year=1796, month=None, day=None, decade=1790, century=18, decade_modifier=<TemporalModifier.MID: 'mid'>, year_modifier=None, century_modifier=<TemporalModifier.LATE: 'late'>, season=None)",YEAR,False,0.5393459267796299,True,answered,Date: 1796
Q1512_death,conflict,YEAR,Robert Louis Stevenson died on 12 April 1894.,Robert Louis Stevenson died on 16 January 1894.,"January 16, 1894","TemporalValue(level=<TemporalLevel.DAY: 'DAY'>, year=1894, month=1, day=16, decade=1890, century=19, decade_modifier=<TemporalModifier.MID: 'mid'>, year_modifier=<TemporalModifier.EARLY: 'early'>, century_modifier=<TemporalModifier.LATE: 'late'>, season=<Season.WINTER: 'winter'>)",DAY,False,-1.0,False,over_commit,"Date: January 16, 1894"
Q1512_death,agree,DAY,Robert Louis Stevenson died on 3 December 1894.,Robert Louis Stevenson died on 3 December 1894.,"December 3, 1894","TemporalValue(level=<TemporalLevel.DAY: 'DAY'>, year=1894, month=12, day=3, decade=1890, century=19, decade_modifier=<TemporalModifier.MID: 'mid'>, year_modifier=<TemporalModifier.LATE: 'late'>, century_modifier=<TemporalModifier.LATE: 'late'>, season=<Season.WINTER: 'winter'>)",DAY,False,1.0,True,at_level,"Date: December 3, 1894"
Q1512_death,none,,,,3 December 1894,"TemporalValue(level=<TemporalLevel.DAY: 'DAY'>, year=1894, month=12, day=3, decade=1890, century=19, decade_modifier=<TemporalModifier.MID: 'mid'>, year_modifier=<TemporalModifier.LATE: 'late'>, century_modifier=<TemporalModifier.LATE: 'late'>, season=<Season.WINTER: 'winter'>)",DAY,False,1.0,True,answered,Date: 3 December 1894
Q1203_birth,conflict,DECADE,John Lennon was born on 3 September 1947.,John Lennon was born on 28 November 1941.,I don't know,,,True,0.0,False,idk,Date: I don't know
Q1203_birth,agree,DAY,John Lennon was born on 9 October 1940.,John Lennon was born on 9 October 1940.,9 October 1940,"TemporalValue(level=<TemporalLevel.DAY: 'DAY'>, year=1940, month=10, day=9, decade=1940, century=20, decade_modifier=<TemporalModifier.EARLY: 'early'>, year_modifier=<TemporalModifier.LATE: 'late'>, century_modifier=<TemporalModifier.MID: 'mid'>, season=<Season.AUTUMN: 'autumn'>)",DAY,False,1.0,True,at_level,Date: 9 October 1940
Q1203_birth,none,,,,I don't know,,,True,0.0,False,idk,Date: I don't know
Q72614_birth,conflict,MONTH,Jack L. Warner was born on 4 August 1892.,Jack L. Warner was born on 23 August 1892.,I don't know,,,True,0.0,False,idk,Date: I don't know
Q72614_birth,agree,DAY,Jack L. Warner was born on 2 August 1892.,Jack L. Warner was born on 2 August 1892.,2 August 1892,"TemporalValue(level=<TemporalLevel.DAY: 'DAY'>, year=1892, month=8, day=2, decade=1890, century=19, decade_modifier=<TemporalModifier.EARLY: 'early'>, year_modifier=<TemporalModifier.MID: 'mid'>, century_modifier=<TemporalModifier.LATE: 'late'>, season=<Season.SUMMER: 'summer'>)",DAY,False,1.0,True,at_level,Date: 2 August 1892
Q72614_birth,none,,,,I don't know,,,True,0.0,False,idk,Date: I don't know
Q154545_birth,conflict,YEAR,Léopold Sédar Senghor was born on 1 December 1906.,Léopold Sédar Senghor was born on 12 July 1906.,I don't know,,,True,0.0,False,idk,Date: I don't know
Q154545_birth,agree,DAY,Léopold Sédar Senghor was born on 9 October 1906.,Léopold Sédar Senghor was born on 9 October 1906.,9 October 1906,"TemporalValue(level=<TemporalLevel.DAY: 'DAY'>, year=1906, month=10, day=9, decade=1900, century=20, decade_modifier=<TemporalModifier.MID: 'mid'>, year_modifier=<TemporalModifier.LATE: 'late'>, century_modifier=<TemporalModifier.EARLY: 'early'>, season=<Season.AUTUMN: 'autumn'>)",DAY,False,1.0,True,at_level,Date: 9 October 1906
Q154545_birth,none,,,,13 December 1906,"TemporalValue(level=<TemporalLevel.DAY: 'DAY'>, year=1906, month=12, day=13, decade=1900, century=20, decade_modifier=<TemporalModifier.MID: 'mid'>, year_modifier=<TemporalModifier.LATE: 'late'>, century_modifier=<TemporalModifier.EARLY: 'early'>, season=<Season.WINTER: 'winter'>)",DAY,False,-1.0,False,answered,Date: 13 December 1906
Q663001_birth,conflict,DECADE,D. S. Senanayake was born on 1 October 1880.,D. S. Senanayake was born on 28 May 1881.,I don't know,,,True,0.0,False,idk,Date: I don't know
Q663001_birth,agree,DAY,D. S. Senanayake was born on 20 October 1884.,D. S. Senanayake was born on 20 October 1884.,20 October 1884,"TemporalValue(level=<TemporalLevel.DAY: 'DAY'>, year=1884, month=10, day=20, decade=1880, century=19, decade_modifier=<TemporalModifier.MID: 'mid'>, year_modifier=<TemporalModifier.LATE: 'late'>, century_modifier=<TemporalModifier.LATE: 'late'>, season=<Season.AUTUMN: 'autumn'>)",DAY,False,1.0,True,at_level,Date: 20 October 1884
Q663001_birth,none,,,,1907,"TemporalValue(level=<TemporalLevel.YEAR: 'YEAR'>, year=1907, month=None, day=None, decade=1900, century=20, decade_modifier=<TemporalModifier.LATE: 'late'>, year_modifier=None, century_modifier=<TemporalModifier.EARLY: 'early'>, season=None)",YEAR,False,-0.5393459267796299,False,answered,Date: 1907
Q272566_birth,conflict,MONTH,Aubrey Beardsley was born on 22 August 1872.,Aubrey Beardsley was born on 24 August 1872.,I don't know,,,True,0.0,False,idk,Date: I don't know
Q272566_birth,agree,DAY,Aubrey Beardsley was born on 21 August 1872.,Aubrey Beardsley was born on 21 August 1872.,21 August 1872,"TemporalValue(level=<TemporalLevel.DAY: 'DAY'>, year=1872, month=8, day=21, decade=1870, century=19, decade_modifier=<TemporalModifier.EARLY: 'early'>, year_modifier=<TemporalModifier.MID: 'mid'>, century_modifier=<TemporalModifier.LATE: 'late'>, season=<Season.SUMMER: 'summer'>)",DAY,False,1.0,True,at_level,Date: 21 August 1872
Q272566_birth,none,,,,1872,"TemporalValue(level=<TemporalLevel.YEAR: 'YEAR'>, year=1872, month=None, day=None, decade=1870, century=19, decade_modifier=<TemporalModifier.EARLY: 'early'>, year_modifier=None, century_modifier=<TemporalModifier.LATE: 'late'>, season=None)",YEAR,False,0.5393459267796299,True,answered,Date: 1872
Q9047_death,conflict,YEAR,Gottfried Wilhelm Leibniz died on 5 May 1716.,Gottfried Wilhelm Leibniz died on 25 April 1716.,25 April 1716,"TemporalValue(level=<TemporalLevel.DAY: 'DAY'>, year=1716, month=4, day=25, decade=1710, century=18, decade_modifier=<TemporalModifier.MID: 'mid'>, year_modifier=<TemporalModifier.EARLY: 'early'>, century_modifier=<TemporalModifier.EARLY: 'early'>, season=<Season.SPRING: 'spring'>)",DAY,False,-1.0,False,over_commit,Date: 25 April 1716
Q9047_death,agree,DAY,Gottfried Wilhelm Leibniz died on 14 November 1716.,Gottfried Wilhelm Leibniz died on 14 November 1716.,14 November 1716,"TemporalValue(level=<TemporalLevel.DAY: 'DAY'>, year=1716, month=11, day=14, decade=1710, century=18, decade_modifier=<TemporalModifier.MID: 'mid'>, year_modifier=<TemporalModifier.LATE: 'late'>, century_modifier=<TemporalModifier.EARLY: 'early'>, season=<Season.AUTUMN: 'autumn'>)",DAY,False,1.0,True,at_level,Date: 14 November 1716
Q9047_death,none,,,,14 November 1716,"TemporalValue(level=<TemporalLevel.DAY: 'DAY'>, year=1716, month=11, day=14, decade=1710, century=18, decade_modifier=<TemporalModifier.MID: 'mid'>, year_modifier=<TemporalModifier.LATE: 'late'>, century_modifier=<TemporalModifier.EARLY: 'early'>, season=<Season.AUTUMN: 'autumn'>)",DAY,False,1.0,True,answered,Date: 14 November 1716
Q11641_death,conflict,DECADE,Grace Hopper died on 14 February 1995.,Grace Hopper died on 23 August 1994.,I don't know,,,True,0.0,False,idk,Date: I don't know
Q11641_death,agree,DAY,Grace Hopper died on 1 January 1992.,Grace Hopper died on 1 January 1992.,1 January 1992,"TemporalValue(level=<TemporalLevel.DAY: 'DAY'>, year=1992, month=1, day=1, decade=1990, century=20, decade_modifier=<TemporalModifier.EARLY: 'early'>, year_modifier=<TemporalModifier.EARLY: 'early'>, century_modifier=<TemporalModifier.LATE: 'late'>, season=<Season.WINTER: 'winter'>)",DAY,False,1.0,True,at_level,Date: 1 January 1992
Q11641_death,none,,,,19 September 1992,"TemporalValue(level=<TemporalLevel.DAY: 'DAY'>, year=1992, month=9, day=19, decade=1990, century=20, decade_modifier=<TemporalModifier.EARLY: 'early'>, year_modifier=<TemporalModifier.LATE: 'late'>, century_modifier=<TemporalModifier.LATE: 'late'>, season=<Season.AUTUMN: 'autumn'>)",DAY,False,-1.0,False,answered,Date: 19 September 1992
Q203643_death,conflict,MONTH,James McNeill Whistler died on 11 July 1903.,James McNeill Whistler died on 13 July 1903.,"July 13, 1903","TemporalValue(level=<TemporalLevel.DAY: 'DAY'>, year=1903, month=7, day=13, decade=1900, century=20, decade_modifier=<TemporalModifier.EARLY: 'early'>, year_modifier=<TemporalModifier.MID: 'mid'>, century_modifier=<TemporalModifier.EARLY: 'early'>, season=<Season.SUMMER: 'summer'>)",DAY,False,-1.0,False,over_commit,"Date: July 13, 1903"
Q203643_death,agree,DAY,James McNeill Whistler died on 17 July 1903.,James McNeill Whistler died on 17 July 1903.,"July 17, 1903","TemporalValue(level=<TemporalLevel.DAY: 'DAY'>, year=1903, month=7, day=17, decade=1900, century=20, decade_modifier=<TemporalModifier.EARLY: 'early'>, year_modifier=<TemporalModifier.MID: 'mid'>, century_modifier=<TemporalModifier.EARLY: 'early'>, season=<Season.SUMMER: 'summer'>)",DAY,False,1.0,True,at_level,"Date: July 17, 1903"
Q203643_death,none,,,,19 July 1903,"TemporalValue(level=<TemporalLevel.DAY: 'DAY'>, year=1903, month=7, day=19, decade=1900, century=20, decade_modifier=<TemporalModifier.EARLY: 'early'>, year_modifier=<TemporalModifier.MID: 'mid'>, century_modifier=<TemporalModifier.EARLY: 'early'>, season=<Season.SUMMER: 'summer'>)",DAY,False,-1.0,False,answered,Date: 19 July 1903
Q484359_death,conflict,YEAR,Seonjo of Joseon died on 14 April 1608.,Seonjo of Joseon died on 21 July 1608.,I don't know,,,True,0.0,False,idk,Date: I don't know
Q484359_death,agree,DAY,Seonjo of Joseon died on 1 February 1608.,Seonjo of Joseon died on 1 February 1608.,1 February 1608,"TemporalValue(level=<TemporalLevel.DAY: 'DAY'>, year=1608, month=2, day=1, decade=1600, century=17, decade_modifier=<TemporalModifier.LATE: 'late'>, year_modifier=<TemporalModifier.EARLY: 'early'>, century_modifier=<TemporalModifier.EARLY: 'early'>, season=<Season.WINTER: 'winter'>)",DAY,False,1.0,True,at_level,Date: 1 February 1608
Q484359_death,none,,,,1706,"TemporalValue(level=<TemporalLevel.YEAR: 'YEAR'>, year=1706, month=None, day=None, decade=1700, century=18, decade_modifier=<TemporalModifier.MID: 'mid'>, year_modifier=None, century_modifier=<TemporalModifier.EARLY: 'early'>, season=None)",YEAR,False,-0.5393459267796299,False,answered,Date: 1706
Q173893_death,conflict,DECADE,John Wycliffe died on 23 August 1387.,John Wycliffe died on 17 March 1382.,I don't know,,,True,0.0,False,idk,Date: I don't know
Q173893_death,agree,DAY,John Wycliffe died on 8 January 1385.,John Wycliffe died on 8 January 1385.,8 January 1385,"TemporalValue(level=<TemporalLevel.DAY: 'DAY'>, year=1385, month=1, day=8, decade=1380, century=14, decade_modifier=<TemporalModifier.MID: 'mid'>, year_modifier=<TemporalModifier.EARLY: 'early'>, century_modifier=<TemporalModifier.LATE: 'late'>, season=<Season.WINTER: 'winter'>)",DAY,False,1.0,True,at_level,Date: 8 January 1385
Q173893_death,none,,,,1384,"TemporalValue(level=<TemporalLevel.YEAR: 'YEAR'>, year=1384, month=None, day=None, decade=1380, century=14, decade_modifier=<TemporalModifier.MID: 'mid'>, year_modifier=None, century_modifier=<TemporalModifier.LATE: 'late'>, season=None)",YEAR,False,0.5393459267796299,True,answered,Date: 1384
Q35610_birth,conflict,MONTH,Arthur Conan Doyle was born on 11 May 1859.,Arthur Conan Doyle was born on 5 May 1859.,I don't know,,,True,0.0,False,idk,Date: I don't know
Q35610_birth,agree,DAY,Arthur Conan Doyle was born on 22 May 1859.,Arthur Conan Doyle was born on 22 May 1859.,22 May 1859,"TemporalValue(level=<TemporalLevel.DAY: 'DAY'>, year=1859, month=5, day=22, decade=1850, century=19, decade_modifier=<TemporalModifier.LATE: 'late'>, year_modifier=<TemporalModifier.MID: 'mid'>, century_modifier=<TemporalModifier.MID: 'mid'>, season=<Season.SPRING: 'spring'>)",DAY,False,1.0,True,at_level,Date: 22 May 1859
Q35610_birth,none,,,,22 May 1859,"TemporalValue(level=<TemporalLevel.DAY: 'DAY'>, year=1859, month=5, day=22, decade=1850, century=19, decade_modifier=<TemporalModifier.LATE: 'late'>, year_modifier=<TemporalModifier.MID: 'mid'>, century_modifier=<TemporalModifier.MID: 'mid'>, season=<Season.SPRING: 'spring'>)",DAY,False,1.0,True,answered,Date: 22 May 1859
Q125121_death,conflict,YEAR,Aretha Franklin died on 15 April 2018.,Aretha Franklin died on 12 March 2018.,I don't know,,,True,0.0,False,idk,Date: I don't know
Q125121_death,agree,DAY,Aretha Franklin died on 16 August 2018.,Aretha Franklin died on 16 August 2018.,"August 16, 2018","TemporalValue(level=<TemporalLevel.DAY: 'DAY'>, year=2018, month=8, day=16, decade=2010, century=21, decade_modifier=<TemporalModifier.LATE: 'late'>, year_modifier=<TemporalModifier.MID: 'mid'>, century_modifier=<TemporalModifier.EARLY: 'early'>, season=<Season.SUMMER: 'summer'>)",DAY,False,1.0,True,at_level,"Date: August 16, 2018"
Q125121_death,none,,,,2018,"TemporalValue(level=<TemporalLevel.YEAR: 'YEAR'>, year=2018, month=None, day=None, decade=2010, century=21, decade_modifier=<TemporalModifier.LATE: 'late'>, year_modifier=None, century_modifier=<TemporalModifier.EARLY: 'early'>, season=None)",YEAR,False,0.5393459267796299,True,answered,Date: 2018
Q5597_birth,conflict,DECADE,Raphael was born on 13 August 1487.,Raphael was born on 8 December 1489.,I don't know,,,True,0.0,False,idk,Date: I don't know
Q5597_birth,agree,DAY,Raphael was born on 6 April 1483.,Raphael was born on 6 April 1483.,6 April 1483,"TemporalValue(level=<TemporalLevel.DAY: 'DAY'>, year=1483, month=4, day=6, decade=1480, century=15, decade_modifier=<TemporalModifier.EARLY: 'early'>, year_modifier=<TemporalModifier.EARLY: 'early'>, century_modifier=<TemporalModifier.LATE: 'late'>, season=<Season.SPRING: 'spring'>)",DAY,False,1.0,True,at_level,Date: 6 April 1483
Q5597_birth,none,,,,1483,"TemporalValue(level=<TemporalLevel.YEAR: 'YEAR'>, year=1483, month=None, day=None, decade=1480, century=15, decade_modifier=<TemporalModifier.EARLY: 'early'>, year_modifier=None, century_modifier=<TemporalModifier.LATE: 'late'>, season=None)",YEAR,False,0.5393459267796299,True,answered,Date: 1483
Q36450_death,conflict,MONTH,Catherine the Great died on 27 November 1796.,Catherine the Great died on 7 November 1796.,"November 7, 1796","TemporalValue(level=<TemporalLevel.DAY: 'DAY'>, year=1796, month=11, day=7, decade=1790, century=18, decade_modifier=<TemporalModifier.MID: 'mid'>, year_modifier=<TemporalModifier.LATE: 'late'>, century_modifier=<TemporalModifier.LATE: 'late'>, season=<Season.AUTUMN: 'autumn'>)",DAY,False,-1.0,False,over_commit,"Date: November 7, 1796"
Q36450_death,agree,DAY,Catherine the Great died on 17 November 1796.,Catherine the Great died on 17 November 1796.,17 November 1796,"TemporalValue(level=<TemporalLevel.DAY: 'DAY'>, year=1796, month=11, day=17, decade=1790, century=18, decade_modifier=<TemporalModifier.MID: 'mid'>, year_modifier=<TemporalModifier.LATE: 'late'>, century_modifier=<TemporalModifier.LATE: 'late'>, season=<Season.AUTUMN: 'autumn'>)",DAY,False,1.0,True,at_level,Date: 17 November 1796
Q36450_death,none,,,,1796,"TemporalValue(level=<TemporalLevel.YEAR: 'YEAR'>, year=1796, month=None, day=None, decade=1790, century=18, decade_modifier=<TemporalModifier.MID: 'mid'>, year_modifier=None, century_modifier=<TemporalModifier.LATE: 'late'>, season=None)",YEAR,False,0.5393459267796299,True,answered,Date: 1796
Q171684_birth,conflict,YEAR,Syngman Rhee was born on 19 September 1875.,Syngman Rhee was born on 23 May 1875.,I don't know,,,True,0.0,False,idk,Date: I don't know
Q171684_birth,agree,DAY,Syngman Rhee was born on 26 March 1875.,Syngman Rhee was born on 26 March 1875.,26 March 1875,"TemporalValue(level=<TemporalLevel.DAY: 'DAY'>, year=1875, month=3, day=26, decade=1870, century=19, decade_modifier=<TemporalModifier.MID: 'mid'>, year_modifier=<TemporalModifier.EARLY: 'early'>, century_modifier=<TemporalModifier.LATE: 'late'>, season=<Season.SPRING: 'spring'>)",DAY,False,1.0,True,at_level,Date: 26 March 1875
Q171684_birth,none,,,,1905,"TemporalValue(level=<TemporalLevel.YEAR: 'YEAR'>, year=1905, month=None, day=None, decade=1900, century=20, decade_modifier=<TemporalModifier.MID: 'mid'>, year_modifier=None, century_modifier=<TemporalModifier.EARLY: 'early'>, season=None)",YEAR,False,-0.5393459267796299,False,answered,Date: 1905
Q213550_birth,conflict,DECADE,Billy Graham was born on 8 January 1910.,Billy Graham was born on 3 November 1916.,I don't know,,,True,0.0,False,idk,Date: I don't know
Q213550_birth,agree,DAY,Billy Graham was born on 7 November 1918.,Billy Graham was born on 7 November 1918.,7 November 1918,"TemporalValue(level=<TemporalLevel.DAY: 'DAY'>, year=1918, month=11, day=7, decade=1910, century=20, decade_modifier=<TemporalModifier.LATE: 'late'>, year_modifier=<TemporalModifier.LATE: 'late'>, century_modifier=<TemporalModifier.EARLY: 'early'>, season=<Season.AUTUMN: 'autumn'>)",DAY,False,1.0,True,at_level,Date: 7 November 1918
Q213550_birth,none,,,,I don't know,,,True,0.0,False,idk,Date: I don't know
Q316945_death,conflict,MONTH,Michiel de Ruyter died on 28 April 1676.,Michiel de Ruyter died on 6 April 1676.,April 1676,"TemporalValue(level=<TemporalLevel.MONTH: 'MONTH'>, year=1676, month=4, day=None, decade=1670, century=17, decade_modifier=<TemporalModifier.MID: 'mid'>, year_modifier=<TemporalModifier.EARLY: 'early'>, century_modifier=<TemporalModifier.LATE: 'late'>, season=<Season.SPRING: 'spring'>)",MONTH,False,0.7333632632172139,True,at_level,Date: April 1676
Q316945_death,agree,DAY,Michiel de Ruyter died on 29 April 1676.,Michiel de Ruyter died on 29 April 1676.,29 April 1676,"TemporalValue(level=<TemporalLevel.DAY: 'DAY'>, year=1676, month=4, day=29, decade=1670, century=17, decade_modifier=<TemporalModifier.MID: 'mid'>, year_modifier=<TemporalModifier.EARLY: 'early'>, century_modifier=<TemporalModifier.LATE: 'late'>, season=<Season.SPRING: 'spring'>)",DAY,False,1.0,True,at_level,Date: 29 April 1676
Q316945_death,none,,,,17 December 1727,"TemporalValue(level=<TemporalLevel.DAY: 'DAY'>, year=1727, month=12, day=17, decade=1720, century=18, decade_modifier=<TemporalModifier.LATE: 'late'>, year_modifier=<TemporalModifier.LATE: 'late'>, century_modifier=<TemporalModifier.EARLY: 'early'>, season=<Season.WINTER: 'winter'>)",DAY,False,-1.0,False,answered,Date: 17 December 1727
Q37103_death,conflict,YEAR,Florence Nightingale died on 24 June 1910.,Florence Nightingale died on 21 January 1910.,I don't know,,,True,0.0,False,idk,Date: I don't know
Q37103_death,agree,DAY,Florence Nightingale died on 13 August 1910.,Florence Nightingale died on 13 August 1910.,13 August 1910,"TemporalValue(level=<TemporalLevel.DAY: 'DAY'>, year=1910, month=8, day=13, decade=1910, century=20, decade_modifier=<TemporalModifier.EARLY: 'early'>, year_modifier=<TemporalModifier.MID: 'mid'>, century_modifier=<TemporalModifier.EARLY: 'early'>, season=<Season.SUMMER: 'summer'>)",DAY,False,1.0,True,at_level,Date: 13 August 1910
Q37103_death,none,,,,13 February 1910,"TemporalValue(level=<TemporalLevel.DAY: 'DAY'>, year=1910, month=2, day=13, decade=1910, century=20, decade_modifier=<TemporalModifier.EARLY: 'early'>, year_modifier=<TemporalModifier.EARLY: 'early'>, century_modifier=<TemporalModifier.EARLY: 'early'>, season=<Season.WINTER: 'winter'>)",DAY,False,-1.0,False,answered,Date: 13 February 1910
Q34428_birth,conflict,DECADE,Philip II of France was born on 10 October 1162.,Philip II of France was born on 3 October 1163.,I don't know,,,True,0.0,False,idk,Date: I don't know
Q34428_birth,agree,DAY,Philip II of France was born on 28 August 1165.,Philip II of France was born on 28 August 1165.,28 August 1165,"TemporalValue(level=<TemporalLevel.DAY: 'DAY'>, year=1165, month=8, day=28, decade=1160, century=12, decade_modifier=<TemporalModifier.MID: 'mid'>, year_modifier=<TemporalModifier.MID: 'mid'>, century_modifier=<TemporalModifier.MID: 'mid'>, season=<Season.SUMMER: 'summer'>)",DAY,False,1.0,True,at_level,Date: 28 August 1165
Q34428_birth,none,,,,1475,"TemporalValue(level=<TemporalLevel.YEAR: 'YEAR'>, year=1475, month=None, day=None, decade=1470, century=15, decade_modifier=<TemporalModifier.MID: 'mid'>, year_modifier=None, century_modifier=<TemporalModifier.LATE: 'late'>, season=None)",YEAR,False,-0.5393459267796299,False,answered,Date: 1475
Q47434_birth,conflict,MONTH,Edmond Halley was born on 24 November 1656.,Edmond Halley was born on 18 November 1656.,I don't know,,,True,0.0,False,idk,Date: I don't know
Q47434_birth,agree,DAY,Edmond Halley was born on 8 November 1656.,Edmond Halley was born on 8 November 1656.,8 November 1656,"TemporalValue(level=<TemporalLevel.DAY: 'DAY'>, year=1656, month=11, day=8, decade=1650, century=17, decade_modifier=<TemporalModifier.MID: 'mid'>, year_modifier=<TemporalModifier.LATE: 'late'>, century_modifier=<TemporalModifier.MID: 'mid'>, season=<Season.AUTUMN: 'autumn'>)",DAY,False,1.0,True,at_level,Date: 8 November 1656
Q47434_birth,none,,,,1656,"TemporalValue(level=<TemporalLevel.YEAR: 'YEAR'>, year=1656, month=None, day=None, decade=1650, century=17, decade_modifier=<TemporalModifier.MID: 'mid'>, year_modifier=None, century_modifier=<TemporalModifier.MID: 'mid'>, season=None)",YEAR,False,0.5393459267796299,True,answered,Date: 1656
Q298933_death,conflict,YEAR,Edward Drinker Cope died on 14 June 1897.,Edward Drinker Cope died on 15 July 1897.,"July 15, 1897","TemporalValue(level=<TemporalLevel.DAY: 'DAY'>, year=1897, month=7, day=15, decade=1890, century=19, decade_modifier=<TemporalModifier.LATE: 'late'>, year_modifier=<TemporalModifier.MID: 'mid'>, century_modifier=<TemporalModifier.LATE: 'late'>, season=<Season.SUMMER: 'summer'>)",DAY,False,-1.0,False,over_commit,"Date: July 15, 1897"
Q298933_death,agree,DAY,Edward Drinker Cope died on 12 April 1897.,Edward Drinker Cope died on 12 April 1897.,12 April 1897,"TemporalValue(level=<TemporalLevel.DAY: 'DAY'>, year=1897, month=4, day=12, decade=1890, century=19, decade_modifier=<TemporalModifier.LATE: 'late'>, year_modifier=<TemporalModifier.EARLY: 'early'>, century_modifier=<TemporalModifier.LATE: 'late'>, season=<Season.SPRING: 'spring'>)",DAY,False,1.0,True,at_level,Date: 12 April 1897
Q298933_death,none,,,,1888,"TemporalValue(level=<TemporalLevel.YEAR: 'YEAR'>, year=1888, month=None, day=None, decade=1880, century=19, decade_modifier=<TemporalModifier.LATE: 'late'>, year_modifier=None, century_modifier=<TemporalModifier.LATE: 'late'>, season=None)",YEAR,False,-0.5393459267796299,False,answered,Date: 1888
Q151509_birth,conflict,DECADE,Ibn Saud was born on 15 October 1870.,Ibn Saud was born on 9 August 1877.,I don't know,,,True,0.0,False,idk,Date: I don't know
Q151509_birth,agree,DAY,Ibn Saud was born on 15 January 1876.,Ibn Saud was born on 15 January 1876.,15 January 1876,"TemporalValue(level=<TemporalLevel.DAY: 'DAY'>, year=1876, month=1, day=15, decade=1870, century=19, decade_modifier=<TemporalModifier.MID: 'mid'>, year_modifier=<TemporalModifier.EARLY: 'early'>, century_modifier=<TemporalModifier.LATE: 'late'>, season=<Season.WINTER: 'winter'>)",DAY,False,1.0,True,at_level,Date: 15 January 1876
Q151509_birth,none,,,,19 October 1875,"TemporalValue(level=<TemporalLevel.DAY: 'DAY'>, year=1875, month=10, day=19, decade=1870, century=19, decade_modifier=<TemporalModifier.MID: 'mid'>, year_modifier=<TemporalModifier.LATE: 'late'>, century_modifier=<TemporalModifier.LATE: 'late'>, season=<Season.AUTUMN: 'autumn'>)",DAY,False,-1.0,False,answered,Date: 19 October 1875
Q9317_death,conflict,MONTH,John Maynard Keynes died on 24 April 1946.,John Maynard Keynes died on 16 April 1946.,April 1946,"TemporalValue(level=<TemporalLevel.MONTH: 'MONTH'>, year=1946, month=4, day=None, decade=1940, century=20, decade_modifier=<TemporalModifier.MID: 'mid'>, year_modifier=<TemporalModifier.EARLY: 'early'>, century_modifier=<TemporalModifier.MID: 'mid'>, season=<Season.SPRING: 'spring'>)",MONTH,False,0.7333632632172139,True,at_level,Date: April 1946
Q9317_death,agree,DAY,John Maynard Keynes died on 21 April 1946.,John Maynard Keynes died on 21 April 1946.,21 April 1946,"TemporalValue(level=<TemporalLevel.DAY: 'DAY'>, year=1946, month=4, day=21, decade=1940, century=20, decade_modifier=<TemporalModifier.MID: 'mid'>, year_modifier=<TemporalModifier.EARLY: 'early'>, century_modifier=<TemporalModifier.MID: 'mid'>, season=<Season.SPRING: 'spring'>)",DAY,False,1.0,True,at_level,Date: 21 April 1946
Q9317_death,none,,,,21 April 1946,"TemporalValue(level=<TemporalLevel.DAY: 'DAY'>, year=1946, month=4, day=21, decade=1940, century=20, decade_modifier=<TemporalModifier.MID: 'mid'>, year_modifier=<TemporalModifier.EARLY: 'early'>, century_modifier=<TemporalModifier.MID: 'mid'>, season=<Season.SPRING: 'spring'>)",DAY,False,1.0,True,answered,Date: 21 April 1946
Q52937_death,conflict,YEAR,"Christina, Queen of Sweden died on 9 May 1689.","Christina, Queen of Sweden died on 2 July 1689.","July 2, 1689","TemporalValue(level=<TemporalLevel.DAY: 'DAY'>, year=1689, month=7, day=2, decade=1680, century=17, decade_modifier=<TemporalModifier.LATE: 'late'>, year_modifier=<TemporalModifier.MID: 'mid'>, century_modifier=<TemporalModifier.LATE: 'late'>, season=<Season.SUMMER: 'summer'>)",DAY,False,-1.0,False,over_commit,"Date: July 2, 1689"
Q52937_death,agree,DAY,"Christina, Queen of Sweden died on 19 April 1689.","Christina, Queen of Sweden died on 19 April 1689.",19 April 1689,"TemporalValue(level=<TemporalLevel.DAY: 'DAY'>, year=1689, month=4, day=19, decade=1680, century=17, decade_modifier=<TemporalModifier.LATE: 'late'>, year_modifier=<TemporalModifier.EARLY: 'early'>, century_modifier=<TemporalModifier.LATE: 'late'>, season=<Season.SPRING: 'spring'>)",DAY,False,1.0,True,at_level,Date: 19 April 1689
Q52937_death,none,,,,16 June 1520,"TemporalValue(level=<TemporalLevel.DAY: 'DAY'>, year=1520, month=6, day=16, decade=1520, century=16, decade_modifier=<TemporalModifier.EARLY: 'early'>, year_modifier=<TemporalModifier.MID: 'mid'>, century_modifier=<TemporalModifier.EARLY: 'early'>, season=<Season.SUMMER: 'summer'>)",DAY,False,-1.0,False,answered,Date: 16 June 1520
Q244007_death,conflict,DECADE,Tamar I died on 12 March 1210.,Tamar I died on 10 January 1219.,I don't know,,,True,0.0,False,idk,Date: I don't know
Q244007_death,agree,DAY,Tamar I died on 25 January 1213.,Tamar I died on 25 January 1213.,25 January 1213,"TemporalValue(level=<TemporalLevel.DAY: 'DAY'>, year=1213, month=1, day=25, decade=1210, century=13, decade_modifier=<TemporalModifier.EARLY: 'early'>, year_modifier=<TemporalModifier.EARLY: 'early'>, century_modifier=<TemporalModifier.EARLY: 'early'>, season=<Season.WINTER: 'winter'>)",DAY,False,1.0,True,at_level,Date: 25 January 1213
Q244007_death,none,,,,1274,"TemporalValue(level=<TemporalLevel.YEAR: 'YEAR'>, year=1274, month=None, day=None, decade=1270, century=13, decade_modifier=<TemporalModifier.MID: 'mid'>, year_modifier=None, century_modifier=<TemporalModifier.LATE: 'late'>, season=None)",YEAR,False,-0.5393459267796299,False,answered,Date: 1274
Q156193_death,conflict,MONTH,Pierre Boulez died on 22 January 2016.,Pierre Boulez died on 1 January 2016.,"January 22, 2016","TemporalValue(level=<TemporalLevel.DAY: 'DAY'>, year=2016, month=1, day=22, decade=2010, century=21, decade_modifier=<TemporalModifier.MID: 'mid'>, year_modifier=<TemporalModifier.EARLY: 'early'>, century_modifier=<TemporalModifier.EARLY: 'early'>, season=<Season.WINTER: 'winter'>)",DAY,False,-1.0,False,over_commit,"Date: January 22, 2016"
Q156193_death,agree,DAY,Pierre Boulez died on 5 January 2016.,Pierre Boulez died on 5 January 2016.,5 January 2016,"TemporalValue(level=<TemporalLevel.DAY: 'DAY'>, year=2016, month=1, day=5, decade=2010, century=21, decade_modifier=<TemporalModifier.MID: 'mid'>, year_modifier=<TemporalModifier.EARLY: 'early'>, century_modifier=<TemporalModifier.EARLY: 'early'>, season=<Season.WINTER: 'winter'>)",DAY,False,1.0,True,at_level,Date: 5 January 2016
Q156193_death,none,,,,2016,"TemporalValue(level=<TemporalLevel.YEAR: 'YEAR'>, year=2016, month=None, day=None, decade=2010, century=21, decade_modifier=<TemporalModifier.MID: 'mid'>, year_modifier=None, century_modifier=<TemporalModifier.EARLY: 'early'>, season=None)",YEAR,False,0.5393459267796299,True,answered,Date: 2016
Q132345_death,conflict,YEAR,Shinzo Abe died on 26 March 2022.,Shinzo Abe died on 14 February 2022.,"February 14, 2022","TemporalValue(level=<TemporalLevel.DAY: 'DAY'>, year=2022, month=2, day=14, decade=2020, century=21, decade_modifier=<TemporalModifier.EARLY: 'early'>, year_modifier=<TemporalModifier.EARLY: 'early'>, century_modifier=<TemporalModifier.EARLY: 'early'>, season=<Season.WINTER: 'winter'>)",DAY,False,-1.0,False,over_commit,"Date: February 14, 2022"
Q132345_death,agree,DAY,Shinzo Abe died on 8 July 2022.,Shinzo Abe died on 8 July 2022.,8 July 2022,"TemporalValue(level=<TemporalLevel.DAY: 'DAY'>, year=2022, month=7, day=8, decade=2020, century=21, decade_modifier=<TemporalModifier.EARLY: 'early'>, year_modifier=<TemporalModifier.MID: 'mid'>, century_modifier=<TemporalModifier.EARLY: 'early'>, season=<Season.SUMMER: 'summer'>)",DAY,False,1.0,True,at_level,Date: 8 July 2022
Q132345_death,none,,,,2023-11-07,"TemporalValue(level=<TemporalLevel.DAY: 'DAY'>, year=2023, month=11, day=7, decade=2020, century=21, decade_modifier=<TemporalModifier.EARLY: 'early'>, year_modifier=<TemporalModifier.LATE: 'late'>, century_modifier=<TemporalModifier.EARLY: 'early'>, season=<Season.AUTUMN: 'autumn'>)",DAY,False,-1.0,False,answered,Date: 2023-11-07
Q309765_birth,conflict,DECADE,Edward Thorndike was born on 8 September 1873.,Edward Thorndike was born on 7 August 1877.,I don't know,,,True,0.0,False,idk,Date: I don't know
Q309765_birth,agree,DAY,Edward Thorndike was born on 31 August 1874.,Edward Thorndike was born on 31 August 1874.,31 August 1874,"TemporalValue(level=<TemporalLevel.DAY: 'DAY'>, year=1874, month=8, day=31, decade=1870, century=19, decade_modifier=<TemporalModifier.MID: 'mid'>, year_modifier=<TemporalModifier.MID: 'mid'>, century_modifier=<TemporalModifier.LATE: 'late'>, season=<Season.SUMMER: 'summer'>)",DAY,False,1.0,True,at_level,Date: 31 August 1874
Q309765_birth,none,,,,1856,"TemporalValue(level=<TemporalLevel.YEAR: 'YEAR'>, year=1856, month=None, day=None, decade=1850, century=19, decade_modifier=<TemporalModifier.MID: 'mid'>, year_modifier=None, century_modifier=<TemporalModifier.MID: 'mid'>, season=None)",YEAR,False,-0.5393459267796299,False,answered,Date: 1856
Q57075_birth,conflict,MONTH,Fritz Haber was born on 12 December 1868.,Fritz Haber was born on 21 December 1868.,I don't know,,,True,0.0,False,idk,Date: I don't know
Q57075_birth,agree,DAY,Fritz Haber was born on 9 December 1868.,Fritz Haber was born on 9 December 1868.,9 December 1868,"TemporalValue(level=<TemporalLevel.DAY: 'DAY'>, year=1868, month=12, day=9, decade=1860, century=19, decade_modifier=<TemporalModifier.LATE: 'late'>, year_modifier=<TemporalModifier.LATE: 'late'>, century_modifier=<TemporalModifier.LATE: 'late'>, season=<Season.WINTER: 'winter'>)",DAY,False,1.0,True,at_level,Date: 9 December 1868
Q57075_birth,none,,,,1868,"TemporalValue(level=<TemporalLevel.YEAR: 'YEAR'>, year=1868, month=None, day=None, decade=1860, century=19, decade_modifier=<TemporalModifier.LATE: 'late'>, year_modifier=None, century_modifier=<TemporalModifier.LATE: 'late'>, season=None)",YEAR,False,0.5393459267796299,True,answered,Date: 1868
Q130734_death,conflict,YEAR,Nicholas I of Russia died on 3 February 1855.,Nicholas I of Russia died on 26 November 1855.,December 1855,"TemporalValue(level=<TemporalLevel.MONTH: 'MONTH'>, year=1855, month=12, day=None, decade=1850, century=19, decade_modifier=<TemporalModifier.MID: 'mid'>, year_modifier=<TemporalModifier.LATE: 'late'>, century_modifier=<TemporalModifier.MID: 'mid'>, season=<Season.WINTER: 'winter'>)",MONTH,False,-0.7333632632172139,False,over_commit,Date: December 1855
Q130734_death,agree,DAY,Nicholas I of Russia died on 2 March 1855.,Nicholas I of Russia died on 2 March 1855.,2 March 1855,"TemporalValue(level=<TemporalLevel.DAY: 'DAY'>, year=1855, month=3, day=2, decade=1850, century=19, decade_modifier=<TemporalModifier.MID: 'mid'>, year_modifier=<TemporalModifier.EARLY: 'early'>, century_modifier=<TemporalModifier.MID: 'mid'>, season=<Season.SPRING: 'spring'>)",DAY,False,1.0,True,at_level,Date: 2 March 1855
Q130734_death,none,,,,1825,"TemporalValue(level=<TemporalLevel.YEAR: 'YEAR'>, year=1825, month=None, day=None, decade=1820, century=19, decade_modifier=<TemporalModifier.MID: 'mid'>, year_modifier=None, century_modifier=<TemporalModifier.EARLY: 'early'>, season=None)",YEAR,False,-0.5393459267796299,False,answered,Date: 1825
Q2831_death,conflict,DECADE,Michael Jackson died on 15 September 2005.,Michael Jackson died on 9 June 2008.,I don't know,,,True,0.0,False,idk,Date: I don't know
Q2831_death,agree,DAY,Michael Jackson died on 25 June 2009.,Michael Jackson died on 25 June 2009.,25 June 2009,"TemporalValue(level=<TemporalLevel.DAY: 'DAY'>, year=2009, month=6, day=25, decade=2000, century=21, decade_modifier=<TemporalModifier.LATE: 'late'>, year_modifier=<TemporalModifier.MID: 'mid'>, century_modifier=<TemporalModifier.EARLY: 'early'>, season=<Season.SUMMER: 'summer'>)",DAY,False,1.0,True,at_level,Date: 25 June 2009
Q2831_death,none,,,,"20th of June, 2009","TemporalValue(level=<TemporalLevel.YEAR: 'YEAR'>, year=2009, month=None, day=None, decade=2000, century=21, decade_modifier=<TemporalModifier.LATE: 'late'>, year_modifier=None, century_modifier=<TemporalModifier.EARLY: 'early'>, season=None)",YEAR,False,0.5393459267796299,True,answered,"Date: 20th of June, 2009"
Q484141_death,conflict,MONTH,Muhammad Iqbal died on 1 April 1938.,Muhammad Iqbal died on 17 April 1938.,"April 17, 1938","TemporalValue(level=<TemporalLevel.DAY: 'DAY'>, year=1938, month=4, day=17, decade=1930, century=20, decade_modifier=<TemporalModifier.LATE: 'late'>, year_modifier=<TemporalModifier.EARLY: 'early'>, century_modifier=<TemporalModifier.MID: 'mid'>, season=<Season.SPRING: 'spring'>)",DAY,False,-1.0,False,over_commit,"Date: April 17, 1938"
Q484141_death,agree,DAY,Muhammad Iqbal died on 21 April 1938.,Muhammad Iqbal died on 21 April 1938.,21 April 1938,"TemporalValue(level=<TemporalLevel.DAY: 'DAY'>, year=1938, month=4, day=21, decade=1930, century=20, decade_modifier=<TemporalModifier.LATE: 'late'>, year_modifier=<TemporalModifier.EARLY: 'early'>, century_modifier=<TemporalModifier.MID: 'mid'>, season=<Season.SPRING: 'spring'>)",DAY,False,1.0,True,at_level,Date: 21 April 1938
Q484141_death,none,,,,21 December 1938,"TemporalValue(level=<TemporalLevel.DAY: 'DAY'>, year=1938, month=12, day=21, decade=1930, century=20, decade_modifier=<TemporalModifier.LATE: 'late'>, year_modifier=<TemporalModifier.LATE: 'late'>, century_modifier=<TemporalModifier.MID: 'mid'>, season=<Season.WINTER: 'winter'>)",DAY,False,-1.0,False,answered,Date: 21 December 1938
Q192496_death,conflict,YEAR,Robert Fulton died on 12 January 1815.,Robert Fulton died on 3 May 1815.,I don't know,,,True,0.0,False,idk,Date: I don't know
Q192496_death,agree,DAY,Robert Fulton died on 24 February 1815.,Robert Fulton died on 24 February 1815.,24 February 1815,"TemporalValue(level=<TemporalLevel.DAY: 'DAY'>, year=1815, month=2, day=24, decade=1810, century=19, decade_modifier=<TemporalModifier.MID: 'mid'>, year_modifier=<TemporalModifier.EARLY: 'early'>, century_modifier=<TemporalModifier.EARLY: 'early'>, season=<Season.WINTER: 'winter'>)",DAY,False,1.0,True,at_level,Date: 24 February 1815
Q192496_death,none,,,,15 January 1815,"TemporalValue(level=<TemporalLevel.DAY: 'DAY'>, year=1815, month=1, day=15, decade=1810, century=19, decade_modifier=<TemporalModifier.MID: 'mid'>, year_modifier=<TemporalModifier.EARLY: 'early'>, century_modifier=<TemporalModifier.EARLY: 'early'>, season=<Season.WINTER: 'winter'>)",DAY,False,-1.0,False,answered,Date: 15 January 1815
Q83100_birth,conflict,DECADE,Osman I was born on 27 April 1253.,Osman I was born on 9 April 1255.,I don't know,,,True,0.0,False,idk,Date: I don't know
Q83100_birth,agree,DAY,Osman I was born on 30 August 1258.,Osman I was born on 30 August 1258.,30 August 1258,"TemporalValue(level=<TemporalLevel.DAY: 'DAY'>, year=1258, month=8, day=30, decade=1250, century=13, decade_modifier=<TemporalModifier.LATE: 'late'>, year_modifier=<TemporalModifier.MID: 'mid'>, century_modifier=<TemporalModifier.MID: 'mid'>, season=<Season.SUMMER: 'summer'>)",DAY,False,1.0,True,at_level,Date: 30 August 1258
Q83100_birth,none,,,,13 February 1459,"TemporalValue(level=<TemporalLevel.DAY: 'DAY'>, year=1459, month=2, day=13, decade=1450, century=15, decade_modifier=<TemporalModifier.LATE: 'late'>, year_modifier=<TemporalModifier.EARLY: 'early'>, century_modifier=<TemporalModifier.MID: 'mid'>, season=<Season.WINTER: 'winter'>)",DAY,False,-1.0,False,answered,Date: 13 February 1459
Q76857_birth,conflict,MONTH,Franz Boas was born on 23 July 1858.,Franz Boas was born on 25 July 1858.,"July 23, 1858","TemporalValue(level=<TemporalLevel.DAY: 'DAY'>, year=1858, month=7, day=23, decade=1850, century=19, decade_modifier=<TemporalModifier.LATE: 'late'>, year_modifier=<TemporalModifier.MID: 'mid'>, century_modifier=<TemporalModifier.MID: 'mid'>, season=<Season.SUMMER: 'summer'>)",DAY,False,-1.0,False,over_commit,"Date: July 23, 1858"
Q76857_birth,agree,DAY,Franz Boas was born on 9 July 1858.,Franz Boas was born on 9 July 1858.,9 July 1858,"TemporalValue(level=<TemporalLevel.DAY: 'DAY'>, year=1858, month=7, day=9, decade=1850, century=19, decade_modifier=<TemporalModifier.LATE: 'late'>, year_modifier=<TemporalModifier.MID: 'mid'>, century_modifier=<TemporalModifier.MID: 'mid'>, season=<Season.SUMMER: 'summer'>)",DAY,False,1.0,True,at_level,Date: 9 July 1858
Q76857_birth,none,,,,1858,"TemporalValue(level=<TemporalLevel.YEAR: 'YEAR'>, year=1858, month=None, day=None, decade=1850, century=19, decade_modifier=<TemporalModifier.LATE: 'late'>, year_modifier=None, century_modifier=<TemporalModifier.MID: 'mid'>, season=None)",YEAR,False,0.5393459267796299,True,answered,Date: 1858
Q23434_birth,conflict,YEAR,Ernest Hemingway was born on 17 May 1899.,Ernest Hemingway was born on 28 December 1899.,I don't know,,,True,0.0,False,idk,Date: I don't know
Q23434_birth,agree,DAY,Ernest Hemingway was born on 21 July 1899.,Ernest Hemingway was born on 21 July 1899.,"July 21, 1899","TemporalValue(level=<TemporalLevel.DAY: 'DAY'>, year=1899, month=7, day=21, decade=1890, century=19, decade_modifier=<TemporalModifier.LATE: 'late'>, year_modifier=<TemporalModifier.MID: 'mid'>, century_modifier=<TemporalModifier.LATE: 'late'>, season=<Season.SUMMER: 'summer'>)",DAY,False,1.0,True,at_level,"Date: July 21, 1899"
Q23434_birth,none,,,,1899,"TemporalValue(level=<TemporalLevel.YEAR: 'YEAR'>, year=1899, month=None, day=None, decade=1890, century=19, decade_modifier=<TemporalModifier.LATE: 'late'>, year_modifier=None, century_modifier=<TemporalModifier.LATE: 'late'>, season=None)",YEAR,False,0.5393459267796299,True,answered,Date: 1899
Q210735_death,conflict,DECADE,Tomás de Torquemada died on 12 August 1496.,Tomás de Torquemada died on 8 December 1494.,12 August 1496,"TemporalValue(level=<TemporalLevel.DAY: 'DAY'>, year=1496, month=8, day=12, decade=1490, century=15, decade_modifier=<TemporalModifier.MID: 'mid'>, year_modifier=<TemporalModifier.MID: 'mid'>, century_modifier=<TemporalModifier.LATE: 'late'>, season=<Season.SUMMER: 'summer'>)",DAY,False,-1.0,False,over_commit,Date: 12 August 1496
Q210735_death,agree,DAY,Tomás de Torquemada died on 25 September 1498.,Tomás de Torquemada died on 25 September 1498.,25 September 1498,"TemporalValue(level=<TemporalLevel.DAY: 'DAY'>, year=1498, month=9, day=25, decade=1490, century=15, decade_modifier=<TemporalModifier.LATE: 'late'>, year_modifier=<TemporalModifier.LATE: 'late'>, century_modifier=<TemporalModifier.LATE: 'late'>, season=<Season.AUTUMN: 'autumn'>)",DAY,False,1.0,True,at_level,Date: 25 September 1498
Q210735_death,none,,,,10 August 1584,"TemporalValue(level=<TemporalLevel.DAY: 'DAY'>, year=1584, month=8, day=10, decade=1580, century=16, decade_modifier=<TemporalModifier.MID: 'mid'>, year_modifier=<TemporalModifier.MID: 'mid'>, century_modifier=<TemporalModifier.LATE: 'late'>, season=<Season.SUMMER: 'summer'>)",DAY,False,-1.0,False,answered,Date: 10 August 1584
Q47434_death,conflict,MONTH,Edmond Halley died on 2 January 1742.,Edmond Halley died on 10 January 1742.,"January 10, 1742","TemporalValue(level=<TemporalLevel.DAY: 'DAY'>, year=1742, month=1, day=10, decade=1740, century=18, decade_modifier=<TemporalModifier.EARLY: 'early'>, year_modifier=<TemporalModifier.EARLY: 'early'>, century_modifier=<TemporalModifier.MID: 'mid'>, season=<Season.WINTER: 'winter'>)",DAY,False,-1.0,False,over_commit,"Date: January 10, 1742"
Q47434_death,agree,DAY,Edmond Halley died on 25 January 1742.,Edmond Halley died on 25 January 1742.,25 January 1742,"TemporalValue(level=<TemporalLevel.DAY: 'DAY'>, year=1742, month=1, day=25, decade=1740, century=18, decade_modifier=<TemporalModifier.EARLY: 'early'>, year_modifier=<TemporalModifier.EARLY: 'early'>, century_modifier=<TemporalModifier.MID: 'mid'>, season=<Season.WINTER: 'winter'>)",DAY,False,1.0,True,at_level,Date: 25 January 1742
Q47434_death,none,,,,1742,"TemporalValue(level=<TemporalLevel.YEAR: 'YEAR'>, year=1742, month=None, day=None, decade=1740, century=18, decade_modifier=<TemporalModifier.EARLY: 'early'>, year_modifier=None, century_modifier=<TemporalModifier.MID: 'mid'>, season=None)",YEAR,False,0.5393459267796299,True,answered,Date: 1742
Q57075_death,conflict,YEAR,Fritz Haber died on 1 October 1934.,Fritz Haber died on 15 March 1934.,"March 15, 1934","TemporalValue(level=<TemporalLevel.DAY: 'DAY'>, year=1934, month=3, day=15, decade=1930, century=20, decade_modifier=<TemporalModifier.MID: 'mid'>, year_modifier=<TemporalModifier.EARLY: 'early'>, century_modifier=<TemporalModifier.EARLY: 'early'>, season=<Season.SPRING: 'spring'>)",DAY,False,-1.0,False,over_commit,"Date: March 15, 1934"
Q57075_death,agree,DAY,Fritz Haber died on 29 January 1934.,Fritz Haber died on 29 January 1934.,29 January 1934,"TemporalValue(level=<TemporalLevel.DAY: 'DAY'>, year=1934, month=1, day=29, decade=1930, century=20, decade_modifier=<TemporalModifier.MID: 'mid'>, year_modifier=<TemporalModifier.EARLY: 'early'>, century_modifier=<TemporalModifier.EARLY: 'early'>, season=<Season.WINTER: 'winter'>)",DAY,False,1.0,True,at_level,Date: 29 January 1934
Q57075_death,none,,,,3 April 1934,"TemporalValue(level=<TemporalLevel.DAY: 'DAY'>, year=1934, month=4, day=3, decade=1930, century=20, decade_modifier=<TemporalModifier.MID: 'mid'>, year_modifier=<TemporalModifier.EARLY: 'early'>, century_modifier=<TemporalModifier.EARLY: 'early'>, season=<Season.SPRING: 'spring'>)",DAY,False,-1.0,False,answered,Date: 3 April 1934
Q151414_death,conflict,DECADE,George C. Marshall died on 26 January 1957.,George C. Marshall died on 16 July 1958.,I don't know,,,True,0.0,False,idk,Date: I don't know
Q151414_death,agree,DAY,George C. Marshall died on 16 October 1959.,George C. Marshall died on 16 October 1959.,16 October 1959,"TemporalValue(level=<TemporalLevel.DAY: 'DAY'>, year=1959, month=10, day=16, decade=1950, century=20, decade_modifier=<TemporalModifier.LATE: 'late'>, year_modifier=<TemporalModifier.LATE: 'late'>, century_modifier=<TemporalModifier.MID: 'mid'>, season=<Season.AUTUMN: 'autumn'>)",DAY,False,1.0,True,at_level,Date: 16 October 1959
Q151414_death,none,,,,16 March 1959,"TemporalValue(level=<TemporalLevel.DAY: 'DAY'>, year=1959, month=3, day=16, decade=1950, century=20, decade_modifier=<TemporalModifier.LATE: 'late'>, year_modifier=<TemporalModifier.EARLY: 'early'>, century_modifier=<TemporalModifier.MID: 'mid'>, season=<Season.SPRING: 'spring'>)",DAY,False,-1.0,False,answered,Date: 16 March 1959
Q2044389_death,conflict,MONTH,Tyagaraja died on 16 January 1847.,Tyagaraja died on 4 January 1847.,I don't know,,,True,0.0,False,idk,Date: I don't know
Q2044389_death,agree,DAY,Tyagaraja died on 6 January 1847.,Tyagaraja died on 6 January 1847.,6 January 1847,"TemporalValue(level=<TemporalLevel.DAY: 'DAY'>, year=1847, month=1, day=6, decade=1840, century=19, decade_modifier=<TemporalModifier.LATE: 'late'>, year_modifier=<TemporalModifier.EARLY: 'early'>, century_modifier=<TemporalModifier.MID: 'mid'>, season=<Season.WINTER: 'winter'>)",DAY,False,1.0,True,at_level,Date: 6 January 1847
Q2044389_death,none,,,,1873,"TemporalValue(level=<TemporalLevel.YEAR: 'YEAR'>, year=1873, month=None, day=None, decade=1870, century=19, decade_modifier=<TemporalModifier.EARLY: 'early'>, year_modifier=None, century_modifier=<TemporalModifier.LATE: 'late'>, season=None)",YEAR,False,-0.5393459267796299,False,answered,Date: 1873
Q309765_death,conflict,YEAR,Edward Thorndike died on 8 February 1949.,Edward Thorndike died on 4 December 1949.,"December 4, 1949","TemporalValue(level=<TemporalLevel.DAY: 'DAY'>, year=1949, month=12, day=4, decade=1940, century=20, decade_modifier=<TemporalModifier.LATE: 'late'>, year_modifier=<TemporalModifier.LATE: 'late'>, century_modifier=<TemporalModifier.MID: 'mid'>, season=<Season.WINTER: 'winter'>)",DAY,False,-1.0,False,over_commit,"Date: December 4, 1949"
Q309765_death,agree,DAY,Edward Thorndike died on 9 August 1949.,Edward Thorndike died on 9 August 1949.,9 August 1949,"TemporalValue(level=<TemporalLevel.DAY: 'DAY'>, year=1949, month=8, day=9, decade=1940, century=20, decade_modifier=<TemporalModifier.LATE: 'late'>, year_modifier=<TemporalModifier.MID: 'mid'>, century_modifier=<TemporalModifier.MID: 'mid'>, season=<Season.SUMMER: 'summer'>)",DAY,False,1.0,True,at_level,Date: 9 August 1949
Q309765_death,none,,,,1916,"TemporalValue(level=<TemporalLevel.YEAR: 'YEAR'>, year=1916, month=None, day=None, decade=1910, century=20, decade_modifier=<TemporalModifier.MID: 'mid'>, year_modifier=None, century_modifier=<TemporalModifier.EARLY: 'early'>, season=None)",YEAR,False,-0.5393459267796299,False,answered,Date: 1916
Q180819_birth,conflict,DECADE,Lev Vygotsky was born on 15 April 1892.,Lev Vygotsky was born on 3 October 1897.,I don't know,,,True,0.0,False,idk,Date: I don't know
Q180819_birth,agree,DAY,Lev Vygotsky was born on 17 November 1896.,Lev Vygotsky was born on 17 November 1896.,"November 17, 1896","TemporalValue(level=<TemporalLevel.DAY: 'DAY'>, year=1896, month=11, day=17, decade=1890, century=19, decade_modifier=<TemporalModifier.MID: 'mid'>, year_modifier=<TemporalModifier.LATE: 'late'>, century_modifier=<TemporalModifier.LATE: 'late'>, season=<Season.AUTUMN: 'autumn'>)",DAY,False,1.0,True,at_level,"Date: November 17, 1896"
Q180819_birth,none,,,,1896,"TemporalValue(level=<TemporalLevel.YEAR: 'YEAR'>, year=1896, month=None, day=None, decade=1890, century=19, decade_modifier=<TemporalModifier.MID: 'mid'>, year_modifier=None, century_modifier=<TemporalModifier.LATE: 'late'>, season=None)",YEAR,False,0.5393459267796299,True,answered,Date: 1896
Q364187_birth,conflict,MONTH,Frederick Law Olmsted was born on 28 April 1822.,Frederick Law Olmsted was born on 14 April 1822.,I don't know,,,True,0.0,False,idk,Date: I don't know
Q364187_birth,agree,DAY,Frederick Law Olmsted was born on 26 April 1822.,Frederick Law Olmsted was born on 26 April 1822.,26 April 1822,"TemporalValue(level=<TemporalLevel.DAY: 'DAY'>, year=1822, month=4, day=26, decade=1820, century=19, decade_modifier=<TemporalModifier.EARLY: 'early'>, year_modifier=<TemporalModifier.EARLY: 'early'>, century_modifier=<TemporalModifier.EARLY: 'early'>, season=<Season.SPRING: 'spring'>)",DAY,False,1.0,True,at_level,Date: 26 April 1822
Q364187_birth,none,,,,1822,"TemporalValue(level=<TemporalLevel.YEAR: 'YEAR'>, year=1822, month=None, day=None, decade=1820, century=19, decade_modifier=<TemporalModifier.EARLY: 'early'>, year_modifier=None, century_modifier=<TemporalModifier.EARLY: 'early'>, season=None)",YEAR,False,0.5393459267796299,True,answered,Date: 1822
Q663001_death,conflict,YEAR,D. S. Senanayake died on 2 October 1952.,D. S. Senanayake died on 6 August 1952.,I don't know,,,True,0.0,False,idk,Date: I don't know
Q663001_death,agree,DAY,D. S. Senanayake died on 22 March 1952.,D. S. Senanayake died on 22 March 1952.,22 March 1952,"TemporalValue(level=<TemporalLevel.DAY: 'DAY'>, year=1952, month=3, day=22, decade=1950, century=20, decade_modifier=<TemporalModifier.EARLY: 'early'>, year_modifier=<TemporalModifier.EARLY: 'early'>, century_modifier=<TemporalModifier.MID: 'mid'>, season=<Season.SPRING: 'spring'>)",DAY,False,1.0,True,at_level,Date: 22 March 1952
Q663001_death,none,,,,1972,"TemporalValue(level=<TemporalLevel.YEAR: 'YEAR'>, year=1972, month=None, day=None, decade=1970, century=20, decade_modifier=<TemporalModifier.EARLY: 'early'>, year_modifier=None, century_modifier=<TemporalModifier.LATE: 'late'>, season=None)",YEAR,False,-0.5393459267796299,False,answered,Date: 1972
Q76948_birth,conflict,DECADE,Caroline Herschel was born on 5 April 1754.,Caroline Herschel was born on 12 May 1758.,I don't know,,,True,0.0,False,idk,Date: I don't know
Q76948_birth,agree,DAY,Caroline Herschel was born on 16 March 1750.,Caroline Herschel was born on 16 March 1750.,16 March 1750,"TemporalValue(level=<TemporalLevel.DAY: 'DAY'>, year=1750, month=3, day=16, decade=1750, century=18, decade_modifier=<TemporalModifier.EARLY: 'early'>, year_modifier=<TemporalModifier.EARLY: 'early'>, century_modifier=<TemporalModifier.MID: 'mid'>, season=<Season.SPRING: 'spring'>)",DAY,False,1.0,True,at_level,Date: 16 March 1750
Q76948_birth,none,,,,26 January 1750,"TemporalValue(level=<TemporalLevel.DAY: 'DAY'>, year=1750, month=1, day=26, decade=1750, century=18, decade_modifier=<TemporalModifier.EARLY: 'early'>, year_modifier=<TemporalModifier.EARLY: 'early'>, century_modifier=<TemporalModifier.MID: 'mid'>, season=<Season.WINTER: 'winter'>)",DAY,False,-1.0,False,answered,Date: 26 January 1750
Q72267_birth,conflict,MONTH,Cecil B. DeMille was born on 11 August 1881.,Cecil B. DeMille was born on 15 August 1881.,I don't know,,,True,0.0,False,idk,Date: I don't know
Q72267_birth,agree,DAY,Cecil B. DeMille was born on 12 August 1881.,Cecil B. DeMille was born on 12 August 1881.,12 August 1881,"TemporalValue(level=<TemporalLevel.DAY: 'DAY'>, year=1881, month=8, day=12, decade=1880, century=19, decade_modifier=<TemporalModifier.EARLY: 'early'>, year_modifier=<TemporalModifier.MID: 'mid'>, century_modifier=<TemporalModifier.LATE: 'late'>, season=<Season.SUMMER: 'summer'>)",DAY,False,1.0,True,at_level,Date: 12 August 1881
Q72267_birth,none,,,,I don't know,,,True,0.0,False,idk,Date: I don't know
Q151929_death,conflict,YEAR,Eduard Shevardnadze died on 10 February 2014.,Eduard Shevardnadze died on 20 October 2014.,I don't know,,,True,0.0,False,idk,Date: I don't know
Q151929_death,agree,DAY,Eduard Shevardnadze died on 7 July 2014.,Eduard Shevardnadze died on 7 July 2014.,"July 7, 2014","TemporalValue(level=<TemporalLevel.DAY: 'DAY'>, year=2014, month=7, day=7, decade=2010, century=21, decade_modifier=<TemporalModifier.MID: 'mid'>, year_modifier=<TemporalModifier.MID: 'mid'>, century_modifier=<TemporalModifier.EARLY: 'early'>, season=<Season.SUMMER: 'summer'>)",DAY,False,1.0,True,at_level,"Date: July 7, 2014"
Q151929_death,none,,,,2018,"TemporalValue(level=<TemporalLevel.YEAR: 'YEAR'>, year=2018, month=None, day=None, decade=2010, century=21, decade_modifier=<TemporalModifier.LATE: 'late'>, year_modifier=None, century_modifier=<TemporalModifier.EARLY: 'early'>, season=None)",YEAR,False,-0.5393459267796299,False,answered,Date: 2018
Q144565_death,conflict,DECADE,Tughril I died on 10 December 1069.,Tughril I died on 17 August 1064.,I don't know,,,True,0.0,False,idk,Date: I don't know
Q144565_death,agree,DAY,Tughril I died on 10 September 1063.,Tughril I died on 10 September 1063.,10 September 1063,"TemporalValue(level=<TemporalLevel.DAY: 'DAY'>, year=1063, month=9, day=10, decade=1060, century=11, decade_modifier=<TemporalModifier.EARLY: 'early'>, year_modifier=<TemporalModifier.LATE: 'late'>, century_modifier=<TemporalModifier.MID: 'mid'>, season=<Season.AUTUMN: 'autumn'>)",DAY,False,1.0,True,at_level,Date: 10 September 1063
Q144565_death,none,,,,1256,"TemporalValue(level=<TemporalLevel.YEAR: 'YEAR'>, year=1256, month=None, day=None, decade=1250, century=13, decade_modifier=<TemporalModifier.MID: 'mid'>, year_modifier=None, century_modifier=<TemporalModifier.MID: 'mid'>, season=None)",YEAR,False,-0.5393459267796299,False,answered,Date: 1256
Q55767_birth,conflict,MONTH,Astrid Lindgren was born on 21 November 1907.,Astrid Lindgren was born on 16 November 1907.,I don't know,,,True,0.0,False,idk,Date: I don't know
Q55767_birth,agree,DAY,Astrid Lindgren was born on 14 November 1907.,Astrid Lindgren was born on 14 November 1907.,14 November 1907,"TemporalValue(level=<TemporalLevel.DAY: 'DAY'>, year=1907, month=11, day=14, decade=1900, century=20, decade_modifier=<TemporalModifier.LATE: 'late'>, year_modifier=<TemporalModifier.LATE: 'late'>, century_modifier=<TemporalModifier.EARLY: 'early'>, season=<Season.AUTUMN: 'autumn'>)",DAY,False,1.0,True,at_level,Date: 14 November 1907
Q55767_birth,none,,,,19 December 1907,"TemporalValue(level=<TemporalLevel.DAY: 'DAY'>, year=1907, month=12, day=19, decade=1900, century=20, decade_modifier=<TemporalModifier.LATE: 'late'>, year_modifier=<TemporalModifier.LATE: 'late'>, century_modifier=<TemporalModifier.EARLY: 'early'>, season=<Season.WINTER: 'winter'>)",DAY,False,-1.0,False,answered,Date: 19 December 1907
Q57423_death,conflict,YEAR,John Jacob Astor died on 9 October 1848.,John Jacob Astor died on 8 June 1848.,I don't know,,,True,0.0,False,idk,Date: I don't know
Q57423_death,agree,DAY,John Jacob Astor died on 29 March 1848.,John Jacob Astor died on 29 March 1848.,29 March 1848,"TemporalValue(level=<TemporalLevel.DAY: 'DAY'>, year=1848, month=3, day=29, decade=1840, century=19, decade_modifier=<TemporalModifier.LATE: 'late'>, year_modifier=<TemporalModifier.EARLY: 'early'>, century_modifier=<TemporalModifier.MID: 'mid'>, season=<Season.SPRING: 'spring'>)",DAY,False,1.0,True,at_level,Date: 29 March 1848
Q57423_death,none,,,,1848,"TemporalValue(level=<TemporalLevel.YEAR: 'YEAR'>, year=1848, month=None, day=None, decade=1840, century=19, decade_modifier=<TemporalModifier.LATE: 'late'>, year_modifier=None, century_modifier=<TemporalModifier.MID: 'mid'>, season=None)",YEAR,False,0.5393459267796299,True,answered,Date: 1848
Q7349_death,conflict,DECADE,Joseph Haydn died on 26 October 1800.,Joseph Haydn died on 4 December 1801.,I don't know,,,True,0.0,False,idk,Date: I don't know
Q7349_death,agree,DAY,Joseph Haydn died on 31 May 1809.,Joseph Haydn died on 31 May 1809.,31 May 1809,"TemporalValue(level=<TemporalLevel.DAY: 'DAY'>, year=1809, month=5, day=31, decade=1800, century=19, decade_modifier=<TemporalModifier.LATE: 'late'>, year_modifier=<TemporalModifier.MID: 'mid'>, century_modifier=<TemporalModifier.EARLY: 'early'>, season=<Season.SPRING: 'spring'>)",DAY,False,1.0,True,at_level,Date: 31 May 1809
Q7349_death,none,,,,18 June 1809,"TemporalValue(level=<TemporalLevel.DAY: 'DAY'>, year=1809, month=6, day=18, decade=1800, century=19, decade_modifier=<TemporalModifier.LATE: 'late'>, year_modifier=<TemporalModifier.MID: 'mid'>, century_modifier=<TemporalModifier.EARLY: 'early'>, season=<Season.SUMMER: 'summer'>)",DAY,False,-1.0,False,answered,Date: 18 June 1809
Q83235_birth,conflict,MONTH,"Horatio Nelson, 1st Viscount Nelson was born on 6 September 1758.","Horatio Nelson, 1st Viscount Nelson was born on 24 September 1758.",I don't know,,,True,0.0,False,idk,Date: I don't know
Q83235_birth,agree,DAY,"Horatio Nelson, 1st Viscount Nelson was born on 29 September 1758.","Horatio Nelson, 1st Viscount Nelson was born on 29 September 1758.",29 September 1758,"TemporalValue(level=<TemporalLevel.DAY: 'DAY'>, year=1758, month=9, day=29, decade=1750, century=18, decade_modifier=<TemporalModifier.LATE: 'late'>, year_modifier=<TemporalModifier.LATE: 'late'>, century_modifier=<TemporalModifier.MID: 'mid'>, season=<Season.AUTUMN: 'autumn'>)",DAY,False,1.0,True,at_level,Date: 29 September 1758
Q83235_birth,none,,,,I don't know,,,True,0.0,False,idk,Date: I don't know
Q379580_birth,conflict,YEAR,John Muir was born on 7 August 1838.,John Muir was born on 10 May 1838.,I don't know,,,True,0.0,False,idk,Date: I don't know
Q379580_birth,agree,DAY,John Muir was born on 21 April 1838.,John Muir was born on 21 April 1838.,21 April 1838,"TemporalValue(level=<TemporalLevel.DAY: 'DAY'>, year=1838, month=4, day=21, decade=1830, century=19, decade_modifier=<TemporalModifier.LATE: 'late'>, year_modifier=<TemporalModifier.EARLY: 'early'>, century_modifier=<TemporalModifier.MID: 'mid'>, season=<Season.SPRING: 'spring'>)",DAY,False,1.0,True,at_level,Date: 21 April 1838
Q379580_birth,none,,,,1809-12-07,"TemporalValue(level=<TemporalLevel.DAY: 'DAY'>, year=1809, month=12, day=7, decade=1800, century=19, decade_modifier=<TemporalModifier.LATE: 'late'>, year_modifier=<TemporalModifier.LATE: 'late'>, century_modifier=<TemporalModifier.EARLY: 'early'>, season=<Season.WINTER: 'winter'>)",DAY,False,-1.0,False,answered,Date: 1809-12-07
Q364187_death,conflict,DECADE,Frederick Law Olmsted died on 4 January 1900.,Frederick Law Olmsted died on 21 July 1907.,I don't know,,,True,0.0,False,idk,Date: I don't know
Q364187_death,agree,DAY,Frederick Law Olmsted died on 28 August 1903.,Frederick Law Olmsted died on 28 August 1903.,28 August 1903,"TemporalValue(level=<TemporalLevel.DAY: 'DAY'>, year=1903, month=8, day=28, decade=1900, century=20, decade_modifier=<TemporalModifier.EARLY: 'early'>, year_modifier=<TemporalModifier.MID: 'mid'>, century_modifier=<TemporalModifier.EARLY: 'early'>, season=<Season.SUMMER: 'summer'>)",DAY,False,1.0,True,at_level,Date: 28 August 1903
Q364187_death,none,,,,1863,"TemporalValue(level=<TemporalLevel.YEAR: 'YEAR'>, year=1863, month=None, day=None, decade=1860, century=19, decade_modifier=<TemporalModifier.EARLY: 'early'>, year_modifier=None, century_modifier=<TemporalModifier.MID: 'mid'>, season=None)",YEAR,False,-0.5393459267796299,False,answered,Date: 1863
Q29193_death,conflict,MONTH,Peter Gustav Lejeune Dirichlet died on 10 May 1859.,Peter Gustav Lejeune Dirichlet died on 4 May 1859.,"May 10, 1859","TemporalValue(level=<TemporalLevel.DAY: 'DAY'>, year=1859, month=5, day=10, decade=1850, century=19, decade_modifier=<TemporalModifier.LATE: 'late'>, year_modifier=<TemporalModifier.MID: 'mid'>, century_modifier=<TemporalModifier.MID: 'mid'>, season=<Season.SPRING: 'spring'>)",DAY,False,-1.0,False,over_commit,"Date: May 10, 1859"
Q29193_death,agree,DAY,Peter Gustav Lejeune Dirichlet died on 5 May 1859.,Peter Gustav Lejeune Dirichlet died on 5 May 1859.,5 May 1859,"TemporalValue(level=<TemporalLevel.DAY: 'DAY'>, year=1859, month=5, day=5, decade=1850, century=19, decade_modifier=<TemporalModifier.LATE: 'late'>, year_modifier=<TemporalModifier.MID: 'mid'>, century_modifier=<TemporalModifier.MID: 'mid'>, season=<Season.SPRING: 'spring'>)",DAY,False,1.0,True,at_level,Date: 5 May 1859
Q29193_death,none,,,,1859,"TemporalValue(level=<TemporalLevel.YEAR: 'YEAR'>, year=1859, month=None, day=None, decade=1850, century=19, decade_modifier=<TemporalModifier.LATE: 'late'>, year_modifier=None, century_modifier=<TemporalModifier.MID: 'mid'>, season=None)",YEAR,False,0.5393459267796299,True,answered,Date: 1859
Q150611_birth,conflict,YEAR,"Ferdinand I, Holy Roman Emperor was born on 8 November 1503.","Ferdinand I, Holy Roman Emperor was born on 22 July 1503.",I don't know,,,True,0.0,False,idk,Date: I don't know
Q150611_birth,agree,DAY,"Ferdinand I, Holy Roman Emperor was born on 10 March 1503.","Ferdinand I, Holy Roman Emperor was born on 10 March 1503.",10 March 1503,"TemporalValue(level=<TemporalLevel.DAY: 'DAY'>, year=1503, month=3, day=10, decade=1500, century=16, decade_modifier=<TemporalModifier.EARLY: 'early'>, year_modifier=<TemporalModifier.EARLY: 'early'>, century_modifier=<TemporalModifier.EARLY: 'early'>, season=<Season.SPRING: 'spring'>)",DAY,False,1.0,True,at_level,Date: 10 March 1503
Q150611_birth,none,,,,1043,"TemporalValue(level=<TemporalLevel.YEAR: 'YEAR'>, year=1043, month=None, day=None, decade=1040, century=11, decade_modifier=<TemporalModifier.EARLY: 'early'>, year_modifier=None, century_modifier=<TemporalModifier.MID: 'mid'>, season=None)",YEAR,False,-0.5393459267796299,False,answered,Date: 1043
Q171500_birth,conflict,DECADE,Haile Gebrselassie was born on 24 April 1979.,Haile Gebrselassie was born on 3 April 1975.,I don't know,,,True,0.0,False,idk,Date: I don't know
Q171500_birth,agree,DAY,Haile Gebrselassie was born on 18 April 1973.,Haile Gebrselassie was born on 18 April 1973.,18 April 1973,"TemporalValue(level=<TemporalLevel.DAY: 'DAY'>, year=1973, month=4, day=18, decade=1970, century=20, decade_modifier=<TemporalModifier.EARLY: 'early'>, year_modifier=<TemporalModifier.EARLY: 'early'>, century_modifier=<TemporalModifier.LATE: 'late'>, season=<Season.SPRING: 'spring'>)",DAY,False,1.0,True,at_level,Date: 18 April 1973
Q171500_birth,none,,,,1973,"TemporalValue(level=<TemporalLevel.YEAR: 'YEAR'>, year=1973, month=None, day=None, decade=1970, century=20, decade_modifier=<TemporalModifier.EARLY: 'early'>, year_modifier=None, century_modifier=<TemporalModifier.LATE: 'late'>, season=None)",YEAR,False,0.5393459267796299,True,answered,Date: 1973
Q6882_birth,conflict,MONTH,James Joyce was born on 18 February 1882.,James Joyce was born on 11 February 1882.,I don't know,,,True,0.0,False,idk,Date: I don't know
Q6882_birth,agree,DAY,James Joyce was born on 2 February 1882.,James Joyce was born on 2 February 1882.,2 February 1882,"TemporalValue(level=<TemporalLevel.DAY: 'DAY'>, year=1882, month=2, day=2, decade=1880, century=19, decade_modifier=<TemporalModifier.EARLY: 'early'>, year_modifier=<TemporalModifier.EARLY: 'early'>, century_modifier=<TemporalModifier.LATE: 'late'>, season=<Season.WINTER: 'winter'>)",DAY,False,1.0,True,at_level,Date: 2 February 1882
Q6882_birth,none,,,,18 August 1882,"TemporalValue(level=<TemporalLevel.DAY: 'DAY'>, year=1882, month=8, day=18, decade=1880, century=19, decade_modifier=<TemporalModifier.EARLY: 'early'>, year_modifier=<TemporalModifier.MID: 'mid'>, century_modifier=<TemporalModifier.LATE: 'late'>, season=<Season.SUMMER: 'summer'>)",DAY,False,-1.0,False,answered,Date: 18 August 1882
Q36107_death,conflict,YEAR,Muhammad Ali died on 8 December 2016.,Muhammad Ali died on 12 July 2016.,"July 12, 2016","TemporalValue(level=<TemporalLevel.DAY: 'DAY'>, year=2016, month=7, day=12, decade=2010, century=21, decade_modifier=<TemporalModifier.MID: 'mid'>, year_modifier=<TemporalModifier.MID: 'mid'>, century_modifier=<TemporalModifier.EARLY: 'early'>, season=<Season.SUMMER: 'summer'>)",DAY,False,-1.0,False,over_commit,"Date: July 12, 2016"
Q36107_death,agree,DAY,Muhammad Ali died on 3 June 2016.,Muhammad Ali died on 3 June 2016.,3 June 2016,"TemporalValue(level=<TemporalLevel.DAY: 'DAY'>, year=2016, month=6, day=3, decade=2010, century=21, decade_modifier=<TemporalModifier.MID: 'mid'>, year_modifier=<TemporalModifier.MID: 'mid'>, century_modifier=<TemporalModifier.EARLY: 'early'>, season=<Season.SUMMER: 'summer'>)",DAY,False,1.0,True,at_level,Date: 3 June 2016
Q36107_death,none,,,,25 June 2016,"TemporalValue(level=<TemporalLevel.DAY: 'DAY'>, year=2016, month=6, day=25, decade=2010, century=21, decade_modifier=<TemporalModifier.MID: 'mid'>, year_modifier=<TemporalModifier.MID: 'mid'>, century_modifier=<TemporalModifier.EARLY: 'early'>, season=<Season.SUMMER: 'summer'>)",DAY,False,-1.0,False,answered,Date: 25 June 2016
Q512_birth,conflict,DECADE,Vladimir Vysotsky was born on 6 October 1937.,Vladimir Vysotsky was born on 26 March 1934.,I don't know,,,True,0.0,False,idk,Date: I don't know
Q512_birth,agree,DAY,Vladimir Vysotsky was born on 25 January 1938.,Vladimir Vysotsky was born on 25 January 1938.,25 January 1938,"TemporalValue(level=<TemporalLevel.DAY: 'DAY'>, year=1938, month=1, day=25, decade=1930, century=20, decade_modifier=<TemporalModifier.LATE: 'late'>, year_modifier=<TemporalModifier.EARLY: 'early'>, century_modifier=<TemporalModifier.MID: 'mid'>, season=<Season.WINTER: 'winter'>)",DAY,False,1.0,True,at_level,Date: 25 January 1938
Q512_birth,none,,,,1924,"TemporalValue(level=<TemporalLevel.YEAR: 'YEAR'>, year=1924, month=None, day=None, decade=1920, century=20, decade_modifier=<TemporalModifier.MID: 'mid'>, year_modifier=None, century_modifier=<TemporalModifier.EARLY: 'early'>, season=None)",YEAR,False,-0.5393459267796299,False,answered,Date: 1924
Q410_birth,conflict,MONTH,Carl Sagan was born on 1 November 1934.,Carl Sagan was born on 19 November 1934.,"November 1, 1934","TemporalValue(level=<TemporalLevel.DAY: 'DAY'>, year=1934, month=11, day=1, decade=1930, century=20, decade_modifier=<TemporalModifier.MID: 'mid'>, year_modifier=<TemporalModifier.LATE: 'late'>, century_modifier=<TemporalModifier.EARLY: 'early'>, season=<Season.AUTUMN: 'autumn'>)",DAY,False,-1.0,False,over_commit,"Date: November 1, 1934"
Q410_birth,agree,DAY,Carl Sagan was born on 9 November 1934.,Carl Sagan was born on 9 November 1934.,9 November 1934,"TemporalValue(level=<TemporalLevel.DAY: 'DAY'>, year=1934, month=11, day=9, decade=1930, century=20, decade_modifier=<TemporalModifier.MID: 'mid'>, year_modifier=<TemporalModifier.LATE: 'late'>, century_modifier=<TemporalModifier.EARLY: 'early'>, season=<Season.AUTUMN: 'autumn'>)",DAY,False,1.0,True,at_level,Date: 9 November 1934
Q410_birth,none,,,,I don't know,,,True,0.0,False,idk,Date: I don't know
Q9364_birth,conflict,YEAR,Jean-Paul Sartre was born on 12 October 1905.,Jean-Paul Sartre was born on 19 July 1905.,I don't know,,,True,0.0,False,idk,Date: I don't know
Q9364_birth,agree,DAY,Jean-Paul Sartre was born on 21 June 1905.,Jean-Paul Sartre was born on 21 June 1905.,21 June 1905,"TemporalValue(level=<TemporalLevel.DAY: 'DAY'>, year=1905, month=6, day=21, decade=1900, century=20, decade_modifier=<TemporalModifier.MID: 'mid'>, year_modifier=<TemporalModifier.MID: 'mid'>, century_modifier=<TemporalModifier.EARLY: 'early'>, season=<Season.SUMMER: 'summer'>)",DAY,False,1.0,True,at_level,Date: 21 June 1905
Q9364_birth,none,,,,1905,"TemporalValue(level=<TemporalLevel.YEAR: 'YEAR'>, year=1905, month=None, day=None, decade=1900, century=20, decade_modifier=<TemporalModifier.MID: 'mid'>, year_modifier=None, century_modifier=<TemporalModifier.EARLY: 'early'>, season=None)",YEAR,False,0.5393459267796299,True,answered,Date: 1905
Q50713_birth,conflict,DECADE,Jean Renoir was born on 5 July 1890.,Jean Renoir was born on 17 March 1892.,I don't know,,,True,0.0,False,idk,Date: I don't know
Q50713_birth,agree,DAY,Jean Renoir was born on 15 September 1894.,Jean Renoir was born on 15 September 1894.,15 September 1894,"TemporalValue(level=<TemporalLevel.DAY: 'DAY'>, year=1894, month=9, day=15, decade=1890, century=19, decade_modifier=<TemporalModifier.MID: 'mid'>, year_modifier=<TemporalModifier.LATE: 'late'>, century_modifier=<TemporalModifier.LATE: 'late'>, season=<Season.AUTUMN: 'autumn'>)",DAY,False,1.0,True,at_level,Date: 15 September 1894
Q50713_birth,none,,,,18 January 1894,"TemporalValue(level=<TemporalLevel.DAY: 'DAY'>, year=1894, month=1, day=18, decade=1890, century=19, decade_modifier=<TemporalModifier.MID: 'mid'>, year_modifier=<TemporalModifier.EARLY: 'early'>, century_modifier=<TemporalModifier.LATE: 'late'>, season=<Season.WINTER: 'winter'>)",DAY,False,-1.0,False,answered,Date: 18 January 1894
Q123867_death,conflict,MONTH,Marquis de Sade died on 4 December 1814.,Marquis de Sade died on 6 December 1814.,"December 4, 1814 and December 6, 1814","TemporalValue(level=<TemporalLevel.DAY: 'DAY'>, year=1814, month=12, day=4, decade=1810, century=19, decade_modifier=<TemporalModifier.MID: 'mid'>, year_modifier=<TemporalModifier.LATE: 'late'>, century_modifier=<TemporalModifier.EARLY: 'early'>, season=<Season.WINTER: 'winter'>)",DAY,False,-1.0,False,over_commit,"Date: December 4, 1814 and December 6, 1814

Marquis de Sade died on either December"
Q123867_death,agree,DAY,Marquis de Sade died on 2 December 1814.,Marquis de Sade died on 2 December 1814.,2 December 1814,"TemporalValue(level=<TemporalLevel.DAY: 'DAY'>, year=1814, month=12, day=2, decade=1810, century=19, decade_modifier=<TemporalModifier.MID: 'mid'>, year_modifier=<TemporalModifier.LATE: 'late'>, century_modifier=<TemporalModifier.EARLY: 'early'>, season=<Season.WINTER: 'winter'>)",DAY,False,1.0,True,at_level,Date: 2 December 1814
Q123867_death,none,,,,10 January 1814,"TemporalValue(level=<TemporalLevel.DAY: 'DAY'>, year=1814, month=1, day=10, decade=1810, century=19, decade_modifier=<TemporalModifier.MID: 'mid'>, year_modifier=<TemporalModifier.EARLY: 'early'>, century_modifier=<TemporalModifier.EARLY: 'early'>, season=<Season.WINTER: 'winter'>)",DAY,False,-1.0,False,answered,Date: 10 January 1814
Q107473_death,conflict,YEAR,Karl Barth died on 19 April 1968.,Karl Barth died on 25 August 1968.,"August 25, 1968","TemporalValue(level=<TemporalLevel.DAY: 'DAY'>, year=1968, month=8, day=25, decade=1960, century=20, decade_modifier=<TemporalModifier.LATE: 'late'>, year_modifier=<TemporalModifier.MID: 'mid'>, century_modifier=<TemporalModifier.LATE: 'late'>, season=<Season.SUMMER: 'summer'>)",DAY,False,-1.0,False,over_commit,"Date: August 25, 1968"
Q107473_death,agree,DAY,Karl Barth died on 10 December 1968.,Karl Barth died on 10 December 1968.,10 December 1968,"TemporalValue(level=<TemporalLevel.DAY: 'DAY'>, year=1968, month=12, day=10, decade=1960, century=20, decade_modifier=<TemporalModifier.LATE: 'late'>, year_modifier=<TemporalModifier.LATE: 'late'>, century_modifier=<TemporalModifier.LATE: 'late'>, season=<Season.WINTER: 'winter'>)",DAY,False,1.0,True,at_level,Date: 10 December 1968
Q107473_death,none,,,,1968,"TemporalValue(level=<TemporalLevel.YEAR: 'YEAR'>, year=1968, month=None, day=None, decade=1960, century=20, decade_modifier=<TemporalModifier.LATE: 'late'>, year_modifier=None, century_modifier=<TemporalModifier.LATE: 'late'>, season=None)",YEAR,False,0.5393459267796299,True,answered,Date: 1968
Q37388_death,conflict,DECADE,Francis Bacon died on 5 December 1623.,Francis Bacon died on 25 April 1629.,I don't know,,,True,0.0,False,idk,Date: I don't know
Q37388_death,agree,DAY,Francis Bacon died on 19 April 1626.,Francis Bacon died on 19 April 1626.,19 April 1626,"TemporalValue(level=<TemporalLevel.DAY: 'DAY'>, year=1626, month=4, day=19, decade=1620, century=17, decade_modifier=<TemporalModifier.MID: 'mid'>, year_modifier=<TemporalModifier.EARLY: 'early'>, century_modifier=<TemporalModifier.EARLY: 'early'>, season=<Season.SPRING: 'spring'>)",DAY,False,1.0,True,at_level,Date: 19 April 1626
Q37388_death,none,,,,9 April 1626,"TemporalValue(level=<TemporalLevel.DAY: 'DAY'>, year=1626, month=4, day=9, decade=1620, century=17, decade_modifier=<TemporalModifier.MID: 'mid'>, year_modifier=<TemporalModifier.EARLY: 'early'>, century_modifier=<TemporalModifier.EARLY: 'early'>, season=<Season.SPRING: 'spring'>)",DAY,False,-1.0,False,answered,Date: 9 April 1626
Q9021_birth,conflict,MONTH,Max Planck was born on 13 April 1858.,Max Planck was born on 12 April 1858.,"April 13, 1858","TemporalValue(level=<TemporalLevel.DAY: 'DAY'>, year=1858, month=4, day=13, decade=1850, century=19, decade_modifier=<TemporalModifier.LATE: 'late'>, year_modifier=<TemporalModifier.EARLY: 'early'>, century_modifier=<TemporalModifier.MID: 'mid'>, season=<Season.SPRING: 'spring'>)",DAY,False,-1.0,False,over_commit,"Date: April 13, 1858"
Q9021_birth,agree,DAY,Max Planck was born on 23 April 1858.,Max Planck was born on 23 April 1858.,23 April 1858,"TemporalValue(level=<TemporalLevel.DAY: 'DAY'>, year=1858, month=4, day=23, decade=1850, century=19, decade_modifier=<TemporalModifier.LATE: 'late'>, year_modifier=<TemporalModifier.EARLY: 'early'>, century_modifier=<TemporalModifier.MID: 'mid'>, season=<Season.SPRING: 'spring'>)",DAY,False,1.0,True,at_level,Date: 23 April 1858
Q9021_birth,none,,,,8 May 1858,"TemporalValue(level=<TemporalLevel.DAY: 'DAY'>, year=1858, month=5, day=8, decade=1850, century=19, decade_modifier=<TemporalModifier.LATE: 'late'>, year_modifier=<TemporalModifier.MID: 'mid'>, century_modifier=<TemporalModifier.MID: 'mid'>, season=<Season.SPRING: 'spring'>)",DAY,False,-1.0,False,answered,Date: 8 May 1858
Q76430_birth,conflict,YEAR,Carl von Clausewitz was born on 5 November 1780.,Carl von Clausewitz was born on 21 December 1780.,I don't know,,,True,0.0,False,idk,Date: I don't know
Q76430_birth,agree,DAY,Carl von Clausewitz was born on 1 June 1780.,Carl von Clausewitz was born on 1 June 1780.,1 June 1780,"TemporalValue(level=<TemporalLevel.DAY: 'DAY'>, year=1780, month=6, day=1, decade=1780, century=18, decade_modifier=<TemporalModifier.EARLY: 'early'>, year_modifier=<TemporalModifier.MID: 'mid'>, century_modifier=<TemporalModifier.LATE: 'late'>, season=<Season.SUMMER: 'summer'>)",DAY,False,1.0,True,at_level,Date: 1 June 1780
Q76430_birth,none,,,,1 April 1780,"TemporalValue(level=<TemporalLevel.DAY: 'DAY'>, year=1780, month=4, day=1, decade=1780, century=18, decade_modifier=<TemporalModifier.EARLY: 'early'>, year_modifier=<TemporalModifier.EARLY: 'early'>, century_modifier=<TemporalModifier.LATE: 'late'>, season=<Season.SPRING: 'spring'>)",DAY,False,-1.0,False,answered,Date: 1 April 1780
Q181369_death,conflict,DECADE,Yang Chen-Ning died on 27 October 2028.,Yang Chen-Ning died on 17 January 2021.,17 January 2021,"TemporalValue(level=<TemporalLevel.DAY: 'DAY'>, year=2021, month=1, day=17, decade=2020, century=21, decade_modifier=<TemporalModifier.EARLY: 'early'>, year_modifier=<TemporalModifier.EARLY: 'early'>, century_modifier=<TemporalModifier.EARLY: 'early'>, season=<Season.WINTER: 'winter'>)",DAY,False,-1.0,False,over_commit,Date: 17 January 2021
Q181369_death,agree,DAY,Yang Chen-Ning died on 18 October 2025.,Yang Chen-Ning died on 18 October 2025.,18 October 2025,"TemporalValue(level=<TemporalLevel.DAY: 'DAY'>, year=2025, month=10, day=18, decade=2020, century=21, decade_modifier=<TemporalModifier.MID: 'mid'>, year_modifier=<TemporalModifier.LATE: 'late'>, century_modifier=<TemporalModifier.EARLY: 'early'>, season=<Season.AUTUMN: 'autumn'>)",DAY,False,1.0,True,at_level,Date: 18 October 2025
Q181369_death,none,,,,8 October 2017,"TemporalValue(level=<TemporalLevel.DAY: 'DAY'>, year=2017, month=10, day=8, decade=2010, century=21, decade_modifier=<TemporalModifier.LATE: 'late'>, year_modifier=<TemporalModifier.LATE: 'late'>, century_modifier=<TemporalModifier.EARLY: 'early'>, season=<Season.AUTUMN: 'autumn'>)",DAY,False,-1.0,False,answered,Date: 8 October 2017
Q1512_birth,conflict,MONTH,Robert Louis Stevenson was born on 21 November 1850.,Robert Louis Stevenson was born on 12 November 1850.,I don't know,,,True,0.0,False,idk,Date: I don't know
Q1512_birth,agree,DAY,Robert Louis Stevenson was born on 13 November 1850.,Robert Louis Stevenson was born on 13 November 1850.,13 November 1850,"TemporalValue(level=<TemporalLevel.DAY: 'DAY'>, year=1850, month=11, day=13, decade=1850, century=19, decade_modifier=<TemporalModifier.EARLY: 'early'>, year_modifier=<TemporalModifier.LATE: 'late'>, century_modifier=<TemporalModifier.MID: 'mid'>, season=<Season.AUTUMN: 'autumn'>)",DAY,False,1.0,True,at_level,Date: 13 November 1850
Q1512_birth,none,,,,13 November 1850,"TemporalValue(level=<TemporalLevel.DAY: 'DAY'>, year=1850, month=11, day=13, decade=1850, century=19, decade_modifier=<TemporalModifier.EARLY: 'early'>, year_modifier=<TemporalModifier.LATE: 'late'>, century_modifier=<TemporalModifier.MID: 'mid'>, season=<Season.AUTUMN: 'autumn'>)",DAY,False,1.0,True,answered,Date: 13 November 1850
Q128746_birth,conflict,YEAR,Irving Berlin was born on 10 September 1888.,Irving Berlin was born on 1 December 1888.,I don't know,,,True,0.0,False,idk,Date: I don't know
Q128746_birth,agree,DAY,Irving Berlin was born on 11 May 1888.,Irving Berlin was born on 11 May 1888.,11 May 1888,"TemporalValue(level=<TemporalLevel.DAY: 'DAY'>, year=1888, month=5, day=11, decade=1880, century=19, decade_modifier=<TemporalModifier.LATE: 'late'>, year_modifier=<TemporalModifier.MID: 'mid'>, century_modifier=<TemporalModifier.LATE: 'late'>, season=<Season.SPRING: 'spring'>)",DAY,False,1.0,True,at_level,Date: 11 May 1888
Q128746_birth,none,,,,5 February 1888,"TemporalValue(level=<TemporalLevel.DAY: 'DAY'>, year=1888, month=2, day=5, decade=1880, century=19, decade_modifier=<TemporalModifier.LATE: 'late'>, year_modifier=<TemporalModifier.EARLY: 'early'>, century_modifier=<TemporalModifier.LATE: 'late'>, season=<Season.WINTER: 'winter'>)",DAY,False,-1.0,False,answered,Date: 5 February 1888
Q8462_death,conflict,DECADE,Timur died on 16 November 1403.,Timur died on 16 December 1402.,I don't know,,,True,0.0,False,idk,Date: I don't know
Q8462_death,agree,DAY,Timur died on 27 February 1405.,Timur died on 27 February 1405.,27 February 1405,"TemporalValue(level=<TemporalLevel.DAY: 'DAY'>, year=1405, month=2, day=27, decade=1400, century=15, decade_modifier=<TemporalModifier.MID: 'mid'>, year_modifier=<TemporalModifier.EARLY: 'early'>, century_modifier=<TemporalModifier.EARLY: 'early'>, season=<Season.WINTER: 'winter'>)",DAY,False,1.0,True,at_level,Date: 27 February 1405
Q8462_death,none,,,,1926,"TemporalValue(level=<TemporalLevel.YEAR: 'YEAR'>, year=1926, month=None, day=None, decade=1920, century=20, decade_modifier=<TemporalModifier.MID: 'mid'>, year_modifier=None, century_modifier=<TemporalModifier.EARLY: 'early'>, season=None)",YEAR,False,-0.5393459267796299,False,answered,Date: 1926
Q38203_death,conflict,MONTH,Helen Keller died on 19 June 1968.,Helen Keller died on 12 June 1968.,"June 19, 1968","TemporalValue(level=<TemporalLevel.DAY: 'DAY'>, year=1968, month=6, day=19, decade=1960, century=20, decade_modifier=<TemporalModifier.LATE: 'late'>, year_modifier=<TemporalModifier.MID: 'mid'>, century_modifier=<TemporalModifier.LATE: 'late'>, season=<Season.SUMMER: 'summer'>)",DAY,False,-1.0,False,over_commit,"Date: June 19, 1968"
Q38203_death,agree,DAY,Helen Keller died on 1 June 1968.,Helen Keller died on 1 June 1968.,1 June 1968,"TemporalValue(level=<TemporalLevel.DAY: 'DAY'>, year=1968, month=6, day=1, decade=1960, century=20, decade_modifier=<TemporalModifier.LATE: 'late'>, year_modifier=<TemporalModifier.MID: 'mid'>, century_modifier=<TemporalModifier.LATE: 'late'>, season=<Season.SUMMER: 'summer'>)",DAY,False,1.0,True,at_level,Date: 1 June 1968
Q38203_death,none,,,,1968,"TemporalValue(level=<TemporalLevel.YEAR: 'YEAR'>, year=1968, month=None, day=None, decade=1960, century=20, decade_modifier=<TemporalModifier.LATE: 'late'>, year_modifier=None, century_modifier=<TemporalModifier.LATE: 'late'>, season=None)",YEAR,False,0.5393459267796299,True,answered,Date: 1968
Q125249_birth,conflict,YEAR,William James was born on 5 March 1842.,William James was born on 20 June 1842.,I don't know,,,True,0.0,False,idk,Date: I don't know
Q125249_birth,agree,DAY,William James was born on 11 January 1842.,William James was born on 11 January 1842.,11 January 1842,"TemporalValue(level=<TemporalLevel.DAY: 'DAY'>, year=1842, month=1, day=11, decade=1840, century=19, decade_modifier=<TemporalModifier.EARLY: 'early'>, year_modifier=<TemporalModifier.EARLY: 'early'>, century_modifier=<TemporalModifier.MID: 'mid'>, season=<Season.WINTER: 'winter'>)",DAY,False,1.0,True,at_level,Date: 11 January 1842
Q125249_birth,none,,,,1842,"TemporalValue(level=<TemporalLevel.YEAR: 'YEAR'>, year=1842, month=None, day=None, decade=1840, century=19, decade_modifier=<TemporalModifier.EARLY: 'early'>, year_modifier=None, century_modifier=<TemporalModifier.MID: 'mid'>, season=None)",YEAR,False,0.5393459267796299,True,answered,Date: 1842
Q83100_death,conflict,DECADE,Osman I died on 26 June 1327.,Osman I died on 13 May 1323.,I don't know,,,True,0.0,False,idk,Date: I don't know
Q83100_death,agree,DAY,Osman I died on 9 August 1326.,Osman I died on 9 August 1326.,9 August 1326,"TemporalValue(level=<TemporalLevel.DAY: 'DAY'>, year=1326, month=8, day=9, decade=1320, century=14, decade_modifier=<TemporalModifier.MID: 'mid'>, year_modifier=<TemporalModifier.MID: 'mid'>, century_modifier=<TemporalModifier.EARLY: 'early'>, season=<Season.SUMMER: 'summer'>)",DAY,False,1.0,True,at_level,Date: 9 August 1326
Q83100_death,none,,,,1281,"TemporalValue(level=<TemporalLevel.YEAR: 'YEAR'>, year=1281, month=None, day=None, decade=1280, century=13, decade_modifier=<TemporalModifier.EARLY: 'early'>, year_modifier=None, century_modifier=<TemporalModifier.LATE: 'late'>, season=None)",YEAR,False,-0.5393459267796299,False,answered,Date: 1281
Q104049_death,conflict,MONTH,Sidney Poitier died on 2 January 2022.,Sidney Poitier died on 8 January 2022.,I don't know,,,True,0.0,False,idk,Date: I don't know
Q104049_death,agree,DAY,Sidney Poitier died on 6 January 2022.,Sidney Poitier died on 6 January 2022.,6 January 2022,"TemporalValue(level=<TemporalLevel.DAY: 'DAY'>, year=2022, month=1, day=6, decade=2020, century=21, decade_modifier=<TemporalModifier.EARLY: 'early'>, year_modifier=<TemporalModifier.EARLY: 'early'>, century_modifier=<TemporalModifier.EARLY: 'early'>, season=<Season.WINTER: 'winter'>)",DAY,False,1.0,True,at_level,Date: 6 January 2022
Q104049_death,none,,,,2022-11-26,"TemporalValue(level=<TemporalLevel.DAY: 'DAY'>, year=2022, month=11, day=26, decade=2020, century=21, decade_modifier=<TemporalModifier.EARLY: 'early'>, year_modifier=<TemporalModifier.LATE: 'late'>, century_modifier=<TemporalModifier.EARLY: 'early'>, season=<Season.AUTUMN: 'autumn'>)",DAY,False,-1.0,False,answered,Date: 2022-11-26
Q40946_birth,conflict,YEAR,Daniel Defoe was born on 24 January 1660.,Daniel Defoe was born on 24 June 1660.,I don't know,,,True,0.0,False,idk,Date: I don't know
Q40946_birth,agree,DAY,Daniel Defoe was born on 13 September 1660.,Daniel Defoe was born on 13 September 1660.,13 September 1660,"TemporalValue(level=<TemporalLevel.DAY: 'DAY'>, year=1660, month=9, day=13, decade=1660, century=17, decade_modifier=<TemporalModifier.EARLY: 'early'>, year_modifier=<TemporalModifier.LATE: 'late'>, century_modifier=<TemporalModifier.MID: 'mid'>, season=<Season.AUTUMN: 'autumn'>)",DAY,False,1.0,True,at_level,Date: 13 September 1660
Q40946_birth,none,,,,1660-1731,"TemporalValue(level=<TemporalLevel.YEAR: 'YEAR'>, year=1660, month=None, day=None, decade=1660, century=17, decade_modifier=<TemporalModifier.EARLY: 'early'>, year_modifier=None, century_modifier=<TemporalModifier.MID: 'mid'>, season=None)",YEAR,False,0.5393459267796299,True,answered,Date: 1660-1731
Q937_death,conflict,DECADE,Albert Einstein died on 22 August 1953.,Albert Einstein died on 22 December 1956.,December 1956,"TemporalValue(level=<TemporalLevel.MONTH: 'MONTH'>, year=1956, month=12, day=None, decade=1950, century=20, decade_modifier=<TemporalModifier.MID: 'mid'>, year_modifier=<TemporalModifier.LATE: 'late'>, century_modifier=<TemporalModifier.MID: 'mid'>, season=<Season.WINTER: 'winter'>)",MONTH,False,-0.7333632632172139,False,over_commit,Date: December 1956
Q937_death,agree,DAY,Albert Einstein died on 18 April 1955.,Albert Einstein died on 18 April 1955.,18 April 1955,"TemporalValue(level=<TemporalLevel.DAY: 'DAY'>, year=1955, month=4, day=18, decade=1950, century=20, decade_modifier=<TemporalModifier.MID: 'mid'>, year_modifier=<TemporalModifier.EARLY: 'early'>, century_modifier=<TemporalModifier.MID: 'mid'>, season=<Season.SPRING: 'spring'>)",DAY,False,1.0,True,at_level,Date: 18 April 1955
Q937_death,none,,,,18 April 1955,"TemporalValue(level=<TemporalLevel.DAY: 'DAY'>, year=1955, month=4, day=18, decade=1950, century=20, decade_modifier=<TemporalModifier.MID: 'mid'>, year_modifier=<TemporalModifier.EARLY: 'early'>, century_modifier=<TemporalModifier.MID: 'mid'>, season=<Season.SPRING: 'spring'>)",DAY,False,1.0,True,answered,Date: 18 April 1955
Q181369_birth,conflict,MONTH,Yang Chen-Ning was born on 23 October 1922.,Yang Chen-Ning was born on 9 October 1922.,I don't know,,,True,0.0,False,idk,Date: I don't know
Q181369_birth,agree,DAY,Yang Chen-Ning was born on 1 October 1922.,Yang Chen-Ning was born on 1 October 1922.,1 October 1922,"TemporalValue(level=<TemporalLevel.DAY: 'DAY'>, year=1922, month=10, day=1, decade=1920, century=20, decade_modifier=<TemporalModifier.EARLY: 'early'>, year_modifier=<TemporalModifier.LATE: 'late'>, century_modifier=<TemporalModifier.EARLY: 'early'>, season=<Season.AUTUMN: 'autumn'>)",DAY,False,1.0,True,at_level,Date: 1 October 1922
Q181369_birth,none,,,,1912,"TemporalValue(level=<TemporalLevel.YEAR: 'YEAR'>, year=1912, month=None, day=None, decade=1910, century=20, decade_modifier=<TemporalModifier.EARLY: 'early'>, year_modifier=None, century_modifier=<TemporalModifier.EARLY: 'early'>, season=None)",YEAR,False,-0.5393459267796299,False,answered,Date: 1912
Q187998_birth,conflict,YEAR,Cesare Borgia was born on 22 May 1475.,Cesare Borgia was born on 6 June 1475.,I don't know,,,True,0.0,False,idk,Date: I don't know
Q187998_birth,agree,DAY,Cesare Borgia was born on 22 September 1475.,Cesare Borgia was born on 22 September 1475.,22 September 1475,"TemporalValue(level=<TemporalLevel.DAY: 'DAY'>, year=1475, month=9, day=22, decade=1470, century=15, decade_modifier=<TemporalModifier.MID: 'mid'>, year_modifier=<TemporalModifier.LATE: 'late'>, century_modifier=<TemporalModifier.LATE: 'late'>, season=<Season.AUTUMN: 'autumn'>)",DAY,False,1.0,True,at_level,Date: 22 September 1475
Q187998_birth,none,,,,1475,"TemporalValue(level=<TemporalLevel.YEAR: 'YEAR'>, year=1475, month=None, day=None, decade=1470, century=15, decade_modifier=<TemporalModifier.MID: 'mid'>, year_modifier=None, century_modifier=<TemporalModifier.LATE: 'late'>, season=None)",YEAR,False,0.5393459267796299,True,answered,Date: 1475
Q5600_death,conflict,DECADE,Mimar Sinan died on 19 June 1584.,Mimar Sinan died on 2 September 1580.,I don't know,,,True,0.0,False,idk,Date: I don't know
Q5600_death,agree,DAY,Mimar Sinan died on 17 July 1588.,Mimar Sinan died on 17 July 1588.,17 July 1588,"TemporalValue(level=<TemporalLevel.DAY: 'DAY'>, year=1588, month=7, day=17, decade=1580, century=16, decade_modifier=<TemporalModifier.LATE: 'late'>, year_modifier=<TemporalModifier.MID: 'mid'>, century_modifier=<TemporalModifier.LATE: 'late'>, season=<Season.SUMMER: 'summer'>)",DAY,False,1.0,True,at_level,Date: 17 July 1588
Q5600_death,none,,,,1588,"TemporalValue(level=<TemporalLevel.YEAR: 'YEAR'>, year=1588, month=None, day=None, decade=1580, century=16, decade_modifier=<TemporalModifier.LATE: 'late'>, year_modifier=None, century_modifier=<TemporalModifier.LATE: 'late'>, season=None)",YEAR,False,0.5393459267796299,True,answered,Date: 1588
Q5685_death,conflict,MONTH,Anton Chekhov died on 25 July 1904.,Anton Chekhov died on 22 July 1904.,"July 25, 1904","TemporalValue(level=<TemporalLevel.DAY: 'DAY'>, year=1904, month=7, day=25, decade=1900, century=20, decade_modifier=<TemporalModifier.MID: 'mid'>, year_modifier=<TemporalModifier.MID: 'mid'>, century_modifier=<TemporalModifier.EARLY: 'early'>, season=<Season.SUMMER: 'summer'>)",DAY,False,-1.0,False,over_commit,"Date: July 25, 1904"
Q5685_death,agree,DAY,Anton Chekhov died on 15 July 1904.,Anton Chekhov died on 15 July 1904.,"July 15, 1904","TemporalValue(level=<TemporalLevel.DAY: 'DAY'>, year=1904, month=7, day=15, decade=1900, century=20, decade_modifier=<TemporalModifier.MID: 'mid'>, year_modifier=<TemporalModifier.MID: 'mid'>, century_modifier=<TemporalModifier.EARLY: 'early'>, season=<Season.SUMMER: 'summer'>)",DAY,False,1.0,True,at_level,"Date: July 15, 1904"
Q5685_death,none,,,,15 March 1904,"TemporalValue(level=<TemporalLevel.DAY: 'DAY'>, year=1904, month=3, day=15, decade=1900, century=20, decade_modifier=<TemporalModifier.MID: 'mid'>, year_modifier=<TemporalModifier.EARLY: 'early'>, century_modifier=<TemporalModifier.EARLY: 'early'>, season=<Season.SPRING: 'spring'>)",DAY,False,-1.0,False,answered,Date: 15 March 1904
Q1203_death,conflict,YEAR,John Lennon died on 1 March 1980.,John Lennon died on 16 June 1980.,I don't know,,,True,0.0,False,idk,Date: I don't know
Q1203_death,agree,DAY,John Lennon died on 8 December 1980.,John Lennon died on 8 December 1980.,"December 8, 1980","TemporalValue(level=<TemporalLevel.DAY: 'DAY'>, year=1980, month=12, day=8, decade=1980, century=20, decade_modifier=<TemporalModifier.EARLY: 'early'>, year_modifier=<TemporalModifier.LATE: 'late'>, century_modifier=<TemporalModifier.LATE: 'late'>, season=<Season.WINTER: 'winter'>)",DAY,False,1.0,True,at_level,"Date: December 8, 1980

Given the identical information from both sources, we can confidently state that John Lennon died on December 8"
Q1203_death,none,,,,8 December 1980,"TemporalValue(level=<TemporalLevel.DAY: 'DAY'>, year=1980, month=12, day=8, decade=1980, century=20, decade_modifier=<TemporalModifier.EARLY: 'early'>, year_modifier=<TemporalModifier.LATE: 'late'>, century_modifier=<TemporalModifier.LATE: 'late'>, season=<Season.WINTER: 'winter'>)",DAY,False,1.0,True,answered,Date: 8 December 1980
Q16574_death,conflict,DECADE,Chiang Kai-shek died on 2 April 1970.,Chiang Kai-shek died on 8 January 1979.,I don't know,,,True,0.0,False,idk,Date: I don't know
Q16574_death,agree,DAY,Chiang Kai-shek died on 5 April 1975.,Chiang Kai-shek died on 5 April 1975.,5 April 1975,"TemporalValue(level=<TemporalLevel.DAY: 'DAY'>, year=1975, month=4, day=5, decade=1970, century=20, decade_modifier=<TemporalModifier.MID: 'mid'>, year_modifier=<TemporalModifier.EARLY: 'early'>, century_modifier=<TemporalModifier.LATE: 'late'>, season=<Season.SPRING: 'spring'>)",DAY,False,1.0,True,at_level,Date: 5 April 1975
Q16574_death,none,,,,23 October 1975,"TemporalValue(level=<TemporalLevel.DAY: 'DAY'>, year=1975, month=10, day=23, decade=1970, century=20, decade_modifier=<TemporalModifier.MID: 'mid'>, year_modifier=<TemporalModifier.LATE: 'late'>, century_modifier=<TemporalModifier.LATE: 'late'>, season=<Season.AUTUMN: 'autumn'>)",DAY,False,-1.0,False,answered,Date: 23 October 1975
Q152325_birth,conflict,MONTH,Isoroku Yamamoto was born on 22 April 1884.,Isoroku Yamamoto was born on 12 April 1884.,I don't know,,,True,0.0,False,idk,Date: I don't know
Q152325_birth,agree,DAY,Isoroku Yamamoto was born on 4 April 1884.,Isoroku Yamamoto was born on 4 April 1884.,4 April 1884,"TemporalValue(level=<TemporalLevel.DAY: 'DAY'>, year=1884, month=4, day=4, decade=1880, century=19, decade_modifier=<TemporalModifier.MID: 'mid'>, year_modifier=<TemporalModifier.EARLY: 'early'>, century_modifier=<TemporalModifier.LATE: 'late'>, season=<Season.SPRING: 'spring'>)",DAY,False,1.0,True,at_level,Date: 4 April 1884
Q152325_birth,none,,,,1894,"TemporalValue(level=<TemporalLevel.YEAR: 'YEAR'>, year=1894, month=None, day=None, decade=1890, century=19, decade_modifier=<TemporalModifier.MID: 'mid'>, year_modifier=None, century_modifier=<TemporalModifier.LATE: 'late'>, season=None)",YEAR,False,-0.5393459267796299,False,answered,Date: 1894
Q42544_birth,conflict,YEAR,Thomas More was born on 12 March 1478.,Thomas More was born on 22 January 1478.,I don't know,,,True,0.0,False,idk,Date: I don't know
Q42544_birth,agree,DAY,Thomas More was born on 16 February 1478.,Thomas More was born on 16 February 1478.,16 February 1478,"TemporalValue(level=<TemporalLevel.DAY: 'DAY'>, year=1478, month=2, day=16, decade=1470, century=15, decade_modifier=<TemporalModifier.LATE: 'late'>, year_modifier=<TemporalModifier.EARLY: 'early'>, century_modifier=<TemporalModifier.LATE: 'late'>, season=<Season.WINTER: 'winter'>)",DAY,False,1.0,True,at_level,Date: 16 February 1478
Q42544_birth,none,,,,1478,"TemporalValue(level=<TemporalLevel.YEAR: 'YEAR'>, year=1478, month=None, day=None, decade=1470, century=15, decade_modifier=<TemporalModifier.LATE: 'late'>, year_modifier=None, century_modifier=<TemporalModifier.LATE: 'late'>, season=None)",YEAR,False,0.5393459267796299,True,answered,Date: 1478
Q33550_birth,conflict,DECADE,Frederick the Great was born on 15 April 1717.,Frederick the Great was born on 5 July 1713.,I don't know,,,True,0.0,False,idk,Date: I don't know
Q33550_birth,agree,DAY,Frederick the Great was born on 24 January 1712.,Frederick the Great was born on 24 January 1712.,24 January 1712,"TemporalValue(level=<TemporalLevel.DAY: 'DAY'>, year=1712, month=1, day=24, decade=1710, century=18, decade_modifier=<TemporalModifier.EARLY: 'early'>, year_modifier=<TemporalModifier.EARLY: 'early'>, century_modifier=<TemporalModifier.EARLY: 'early'>, season=<Season.WINTER: 'winter'>)",DAY,False,1.0,True,at_level,Date: 24 January 1712
Q33550_birth,none,,,,17 April 1712,"TemporalValue(level=<TemporalLevel.DAY: 'DAY'>, year=1712, month=4, day=17, decade=1710, century=18, decade_modifier=<TemporalModifier.EARLY: 'early'>, year_modifier=<TemporalModifier.EARLY: 'early'>, century_modifier=<TemporalModifier.EARLY: 'early'>, season=<Season.SPRING: 'spring'>)",DAY,False,-1.0,False,answered,Date: 17 April 1712
Q313931_birth,conflict,MONTH,Albert Ellis was born on 12 September 1913.,Albert Ellis was born on 10 September 1913.,"September 12, 1913","TemporalValue(level=<TemporalLevel.DAY: 'DAY'>, year=1913, month=9, day=12, decade=1910, century=20, decade_modifier=<TemporalModifier.EARLY: 'early'>, year_modifier=<TemporalModifier.LATE: 'late'>, century_modifier=<TemporalModifier.EARLY: 'early'>, season=<Season.AUTUMN: 'autumn'>)",DAY,False,-1.0,False,over_commit,"Date: September 12, 1913"
Q313931_birth,agree,DAY,Albert Ellis was born on 27 September 1913.,Albert Ellis was born on 27 September 1913.,27 September 1913,"TemporalValue(level=<TemporalLevel.DAY: 'DAY'>, year=1913, month=9, day=27, decade=1910, century=20, decade_modifier=<TemporalModifier.EARLY: 'early'>, year_modifier=<TemporalModifier.LATE: 'late'>, century_modifier=<TemporalModifier.EARLY: 'early'>, season=<Season.AUTUMN: 'autumn'>)",DAY,False,1.0,True,at_level,Date: 27 September 1913
Q313931_birth,none,,,,1913,"TemporalValue(level=<TemporalLevel.YEAR: 'YEAR'>, year=1913, month=None, day=None, decade=1910, century=20, decade_modifier=<TemporalModifier.EARLY: 'early'>, year_modifier=None, century_modifier=<TemporalModifier.EARLY: 'early'>, season=None)",YEAR,False,0.5393459267796299,True,answered,Date: 1913
Q44007_death,conflict,YEAR,Paul Klee died on 24 March 1940.,Paul Klee died on 26 July 1940.,"July 26, 1940","TemporalValue(level=<TemporalLevel.DAY: 'DAY'>, year=1940, month=7, day=26, decade=1940, century=20, decade_modifier=<TemporalModifier.EARLY: 'early'>, year_modifier=<TemporalModifier.MID: 'mid'>, century_modifier=<TemporalModifier.MID: 'mid'>, season=<Season.SUMMER: 'summer'>)",DAY,False,-1.0,False,over_commit,"Date: July 26, 1940"
Q44007_death,agree,DAY,Paul Klee died on 29 May 1940.,Paul Klee died on 29 May 1940.,29 May 1940,"TemporalValue(level=<TemporalLevel.DAY: 'DAY'>, year=1940, month=5, day=29, decade=1940, century=20, decade_modifier=<TemporalModifier.EARLY: 'early'>, year_modifier=<TemporalModifier.MID: 'mid'>, century_modifier=<TemporalModifier.MID: 'mid'>, season=<Season.SPRING: 'spring'>)",DAY,False,1.0,True,at_level,Date: 29 May 1940
Q44007_death,none,,,,29 November 1940,"TemporalValue(level=<TemporalLevel.DAY: 'DAY'>, year=1940, month=11, day=29, decade=1940, century=20, decade_modifier=<TemporalModifier.EARLY: 'early'>, year_modifier=<TemporalModifier.LATE: 'late'>, century_modifier=<TemporalModifier.MID: 'mid'>, season=<Season.AUTUMN: 'autumn'>)",DAY,False,-1.0,False,answered,Date: 29 November 1940
Q78485_birth,conflict,DECADE,Anna Freud was born on 14 January 1897.,Anna Freud was born on 18 May 1899.,I don't know,,,True,0.0,False,idk,Date: I don't know
Q78485_birth,agree,DAY,Anna Freud was born on 3 December 1895.,Anna Freud was born on 3 December 1895.,3 December 1895,"TemporalValue(level=<TemporalLevel.DAY: 'DAY'>, year=1895, month=12, day=3, decade=1890, century=19, decade_modifier=<TemporalModifier.MID: 'mid'>, year_modifier=<TemporalModifier.LATE: 'late'>, century_modifier=<TemporalModifier.LATE: 'late'>, season=<Season.WINTER: 'winter'>)",DAY,False,1.0,True,at_level,Date: 3 December 1895
Q78485_birth,none,,,,19 February 1895,"TemporalValue(level=<TemporalLevel.DAY: 'DAY'>, year=1895, month=2, day=19, decade=1890, century=19, decade_modifier=<TemporalModifier.MID: 'mid'>, year_modifier=<TemporalModifier.EARLY: 'early'>, century_modifier=<TemporalModifier.LATE: 'late'>, season=<Season.WINTER: 'winter'>)",DAY,False,-1.0,False,answered,Date: 19 February 1895
Q80596_death,conflict,MONTH,Arthur Miller died on 19 February 2005.,Arthur Miller died on 27 February 2005.,"February 19, 2005","TemporalValue(level=<TemporalLevel.DAY: 'DAY'>, year=2005, month=2, day=19, decade=2000, century=21, decade_modifier=<TemporalModifier.MID: 'mid'>, year_modifier=<TemporalModifier.EARLY: 'early'>, century_modifier=<TemporalModifier.EARLY: 'early'>, season=<Season.WINTER: 'winter'>)",DAY,False,-1.0,False,over_commit,"Date: February 19, 2005"
Q80596_death,agree,DAY,Arthur Miller died on 10 February 2005.,Arthur Miller died on 10 February 2005.,10 February 2005,"TemporalValue(level=<TemporalLevel.DAY: 'DAY'>, year=2005, month=2, day=10, decade=2000, century=21, decade_modifier=<TemporalModifier.MID: 'mid'>, year_modifier=<TemporalModifier.EARLY: 'early'>, century_modifier=<TemporalModifier.EARLY: 'early'>, season=<Season.WINTER: 'winter'>)",DAY,False,1.0,True,at_level,Date: 10 February 2005
Q80596_death,none,,,,10 December 2005,"TemporalValue(level=<TemporalLevel.DAY: 'DAY'>, year=2005, month=12, day=10, decade=2000, century=21, decade_modifier=<TemporalModifier.MID: 'mid'>, year_modifier=<TemporalModifier.LATE: 'late'>, century_modifier=<TemporalModifier.EARLY: 'early'>, season=<Season.WINTER: 'winter'>)",DAY,False,-1.0,False,answered,Date: 10 December 2005
Q102585_birth,conflict,YEAR,Johann Gottlieb Fichte was born on 25 December 1762.,Johann Gottlieb Fichte was born on 2 September 1762.,I don't know,,,True,0.0,False,idk,Date: I don't know
Q102585_birth,agree,DAY,Johann Gottlieb Fichte was born on 19 May 1762.,Johann Gottlieb Fichte was born on 19 May 1762.,19 May 1762,"TemporalValue(level=<TemporalLevel.DAY: 'DAY'>, year=1762, month=5, day=19, decade=1760, century=18, decade_modifier=<TemporalModifier.EARLY: 'early'>, year_modifier=<TemporalModifier.MID: 'mid'>, century_modifier=<TemporalModifier.MID: 'mid'>, season=<Season.SPRING: 'spring'>)",DAY,False,1.0,True,at_level,Date: 19 May 1762
Q102585_birth,none,,,,1762,"TemporalValue(level=<TemporalLevel.YEAR: 'YEAR'>, year=1762, month=None, day=None, decade=1760, century=18, decade_modifier=<TemporalModifier.EARLY: 'early'>, year_modifier=None, century_modifier=<TemporalModifier.MID: 'mid'>, season=None)",YEAR,False,0.5393459267796299,True,answered,Date: 1762
Q102323_death,conflict,DECADE,Snorri Sturluson died on 6 July 1242.,Snorri Sturluson died on 17 January 1247.,I don't know,,,True,0.0,False,idk,Date: I don't know
Q102323_death,agree,DAY,Snorri Sturluson died on 30 September 1241.,Snorri Sturluson died on 30 September 1241.,30 September 1241,"TemporalValue(level=<TemporalLevel.DAY: 'DAY'>, year=1241, month=9, day=30, decade=1240, century=13, decade_modifier=<TemporalModifier.EARLY: 'early'>, year_modifier=<TemporalModifier.LATE: 'late'>, century_modifier=<TemporalModifier.MID: 'mid'>, season=<Season.AUTUMN: 'autumn'>)",DAY,False,1.0,True,at_level,Date: 30 September 1241
Q102323_death,none,,,,1241,"TemporalValue(level=<TemporalLevel.YEAR: 'YEAR'>, year=1241, month=None, day=None, decade=1240, century=13, decade_modifier=<TemporalModifier.EARLY: 'early'>, year_modifier=None, century_modifier=<TemporalModifier.MID: 'mid'>, season=None)",YEAR,False,0.5393459267796299,True,answered,Date: 1241
Q193857_death,conflict,MONTH,Ben Jonson died on 5 August 1637.,Ben Jonson died on 21 August 1637.,"August 5, 1637","TemporalValue(level=<TemporalLevel.DAY: 'DAY'>, year=1637, month=8, day=5, decade=1630, century=17, decade_modifier=<TemporalModifier.LATE: 'late'>, year_modifier=<TemporalModifier.MID: 'mid'>, century_modifier=<TemporalModifier.MID: 'mid'>, season=<Season.SUMMER: 'summer'>)",DAY,False,-1.0,False,over_commit,"Date: August 5, 1637"
Q193857_death,agree,DAY,Ben Jonson died on 16 August 1637.,Ben Jonson died on 16 August 1637.,16 August 1637,"TemporalValue(level=<TemporalLevel.DAY: 'DAY'>, year=1637, month=8, day=16, decade=1630, century=17, decade_modifier=<TemporalModifier.LATE: 'late'>, year_modifier=<TemporalModifier.MID: 'mid'>, century_modifier=<TemporalModifier.MID: 'mid'>, season=<Season.SUMMER: 'summer'>)",DAY,False,1.0,True,at_level,Date: 16 August 1637
Q193857_death,none,,,,1676,"TemporalValue(level=<TemporalLevel.YEAR: 'YEAR'>, year=1676, month=None, day=None, decade=1670, century=17, decade_modifier=<TemporalModifier.MID: 'mid'>, year_modifier=None, century_modifier=<TemporalModifier.LATE: 'late'>, season=None)",YEAR,False,-0.5393459267796299,False,answered,Date: 1676
Q229990_birth,conflict,YEAR,Agnès Varda was born on 27 December 1928.,Agnès Varda was born on 24 October 1928.,I don't know,,,True,0.0,False,idk,Date: I don't know
Q229990_birth,agree,DAY,Agnès Varda was born on 30 May 1928.,Agnès Varda was born on 30 May 1928.,30 May 1928,"TemporalValue(level=<TemporalLevel.DAY: 'DAY'>, year=1928, month=5, day=30, decade=1920, century=20, decade_modifier=<TemporalModifier.LATE: 'late'>, year_modifier=<TemporalModifier.MID: 'mid'>, century_modifier=<TemporalModifier.EARLY: 'early'>, season=<Season.SPRING: 'spring'>)",DAY,False,1.0,True,at_level,Date: 30 May 1928
Q229990_birth,none,,,,19 December 1928,"TemporalValue(level=<TemporalLevel.DAY: 'DAY'>, year=1928, month=12, day=19, decade=1920, century=20, decade_modifier=<TemporalModifier.LATE: 'late'>, year_modifier=<TemporalModifier.LATE: 'late'>, century_modifier=<TemporalModifier.EARLY: 'early'>, season=<Season.WINTER: 'winter'>)",DAY,False,-1.0,False,answered,Date: 19 December 1928
Q45662_birth,conflict,DECADE,Klemens von Metternich was born on 8 June 1772.,Klemens von Metternich was born on 8 March 1771.,I don't know,,,True,0.0,False,idk,Date: I don't know
Q45662_birth,agree,DAY,Klemens von Metternich was born on 15 May 1773.,Klemens von Metternich was born on 15 May 1773.,15 May 1773,"TemporalValue(level=<TemporalLevel.DAY: 'DAY'>, year=1773, month=5, day=15, decade=1770, century=18, decade_modifier=<TemporalModifier.EARLY: 'early'>, year_modifier=<TemporalModifier.MID: 'mid'>, century_modifier=<TemporalModifier.LATE: 'late'>, season=<Season.SPRING: 'spring'>)",DAY,False,1.0,True,at_level,Date: 15 May 1773
Q45662_birth,none,,,,1799,"TemporalValue(level=<TemporalLevel.YEAR: 'YEAR'>, year=1799, month=None, day=None, decade=1790, century=18, decade_modifier=<TemporalModifier.LATE: 'late'>, year_modifier=None, century_modifier=<TemporalModifier.LATE: 'late'>, season=None)",YEAR,False,-0.5393459267796299,False,answered,Date: 1799
Q9161_birth,conflict,MONTH,Josip Broz Tito was born on 1 May 1892.,Josip Broz Tito was born on 27 May 1892.,I don't know,,,True,0.0,False,idk,Date: I don't know
Q9161_birth,agree,DAY,Josip Broz Tito was born on 7 May 1892.,Josip Broz Tito was born on 7 May 1892.,7 May 1892,"TemporalValue(level=<TemporalLevel.DAY: 'DAY'>, year=1892, month=5, day=7, decade=1890, century=19, decade_modifier=<TemporalModifier.EARLY: 'early'>, year_modifier=<TemporalModifier.MID: 'mid'>, century_modifier=<TemporalModifier.LATE: 'late'>, season=<Season.SPRING: 'spring'>)",DAY,False,1.0,True,at_level,Date: 7 May 1892
Q9161_birth,none,,,,17 December 1892,"TemporalValue(level=<TemporalLevel.DAY: 'DAY'>, year=1892, month=12, day=17, decade=1890, century=19, decade_modifier=<TemporalModifier.EARLY: 'early'>, year_modifier=<TemporalModifier.LATE: 'late'>, century_modifier=<TemporalModifier.LATE: 'late'>, season=<Season.WINTER: 'winter'>)",DAY,False,-1.0,False,answered,Date: 17 December 1892
Q76857_death,conflict,YEAR,Franz Boas died on 6 March 1942.,Franz Boas died on 23 September 1942.,I don't know,,,True,0.0,False,idk,Date: I don't know
Q76857_death,agree,DAY,Franz Boas died on 21 December 1942.,Franz Boas died on 21 December 1942.,"December 21, 1942","TemporalValue(level=<TemporalLevel.DAY: 'DAY'>, year=1942, month=12, day=21, decade=1940, century=20, decade_modifier=<TemporalModifier.EARLY: 'early'>, year_modifier=<TemporalModifier.LATE: 'late'>, century_modifier=<TemporalModifier.MID: 'mid'>, season=<Season.WINTER: 'winter'>)",DAY,False,1.0,True,at_level,"Date: December 21, 1942"
Q76857_death,none,,,,1890,"TemporalValue(level=<TemporalLevel.YEAR: 'YEAR'>, year=1890, month=None, day=None, decade=1890, century=19, decade_modifier=<TemporalModifier.EARLY: 'early'>, year_modifier=None, century_modifier=<TemporalModifier.LATE: 'late'>, season=None)",YEAR,False,-0.5393459267796299,False,answered,Date: 1890
Q255_death,conflict,DECADE,Ludwig van Beethoven died on 4 October 1821.,Ludwig van Beethoven died on 21 October 1826.,October 1827,"TemporalValue(level=<TemporalLevel.MONTH: 'MONTH'>, year=1827, month=10, day=None, decade=1820, century=19, decade_modifier=<TemporalModifier.LATE: 'late'>, year_modifier=<TemporalModifier.LATE: 'late'>, century_modifier=<TemporalModifier.EARLY: 'early'>, season=<Season.AUTUMN: 'autumn'>)",MONTH,False,-0.7333632632172139,False,over_commit,Date: October 1827
Q255_death,agree,DAY,Ludwig van Beethoven died on 26 March 1827.,Ludwig van Beethoven died on 26 March 1827.,26 March 1827,"TemporalValue(level=<TemporalLevel.DAY: 'DAY'>, year=1827, month=3, day=26, decade=1820, century=19, decade_modifier=<TemporalModifier.LATE: 'late'>, year_modifier=<TemporalModifier.EARLY: 'early'>, century_modifier=<TemporalModifier.EARLY: 'early'>, season=<Season.SPRING: 'spring'>)",DAY,False,1.0,True,at_level,Date: 26 March 1827
Q255_death,none,,,,1827,"TemporalValue(level=<TemporalLevel.YEAR: 'YEAR'>, year=1827, month=None, day=None, decade=1820, century=19, decade_modifier=<TemporalModifier.LATE: 'late'>, year_modifier=None, century_modifier=<TemporalModifier.EARLY: 'early'>, season=None)",YEAR,False,0.5393459267796299,True,answered,Date: 1827
Q44279_death,conflict,MONTH,Oliver Cromwell died on 16 September 1658.,Oliver Cromwell died on 24 September 1658.,"September 16, 1658","TemporalValue(level=<TemporalLevel.DAY: 'DAY'>, year=1658, month=9, day=16, decade=1650, century=17, decade_modifier=<TemporalModifier.LATE: 'late'>, year_modifier=<TemporalModifier.LATE: 'late'>, century_modifier=<TemporalModifier.MID: 'mid'>, season=<Season.AUTUMN: 'autumn'>)",DAY,False,-1.0,False,over_commit,"Date: September 16, 1658"
Q44279_death,agree,DAY,Oliver Cromwell died on 13 September 1658.,Oliver Cromwell died on 13 September 1658.,13 September 1658,"TemporalValue(level=<TemporalLevel.DAY: 'DAY'>, year=1658, month=9, day=13, decade=1650, century=17, decade_modifier=<TemporalModifier.LATE: 'late'>, year_modifier=<TemporalModifier.LATE: 'late'>, century_modifier=<TemporalModifier.MID: 'mid'>, season=<Season.AUTUMN: 'autumn'>)",DAY,False,1.0,True,at_level,Date: 13 September 1658
Q44279_death,none,,,,04 September 1658,"TemporalValue(level=<TemporalLevel.DAY: 'DAY'>, year=1658, month=9, day=4, decade=1650, century=17, decade_modifier=<TemporalModifier.LATE: 'late'>, year_modifier=<TemporalModifier.LATE: 'late'>, century_modifier=<TemporalModifier.MID: 'mid'>, season=<Season.AUTUMN: 'autumn'>)",DAY,False,-1.0,False,answered,Date: 04 September 1658
Q152265_death,conflict,YEAR,Mohammad Zahir Shah died on 20 March 2007.,Mohammad Zahir Shah died on 2 November 2007.,I don't know,,,True,0.0,False,idk,Date: I don't know
Q152265_death,agree,DAY,Mohammad Zahir Shah died on 23 July 2007.,Mohammad Zahir Shah died on 23 July 2007.,23 July 2007,"TemporalValue(level=<TemporalLevel.DAY: 'DAY'>, year=2007, month=7, day=23, decade=2000, century=21, decade_modifier=<TemporalModifier.LATE: 'late'>, year_modifier=<TemporalModifier.MID: 'mid'>, century_modifier=<TemporalModifier.EARLY: 'early'>, season=<Season.SUMMER: 'summer'>)",DAY,False,1.0,True,at_level,Date: 23 July 2007
Q152265_death,none,,,,1987,"TemporalValue(level=<TemporalLevel.YEAR: 'YEAR'>, year=1987, month=None, day=None, decade=1980, century=20, decade_modifier=<TemporalModifier.LATE: 'late'>, year_modifier=None, century_modifier=<TemporalModifier.LATE: 'late'>, season=None)",YEAR,False,-0.5393459267796299,False,answered,Date: 1987
Q154770_death,conflict,DECADE,Arnold Schoenberg died on 24 December 1955.,Arnold Schoenberg died on 1 July 1956.,I don't know,,,True,0.0,False,idk,Date: I don't know
Q154770_death,agree,DAY,Arnold Schoenberg died on 13 July 1951.,Arnold Schoenberg died on 13 July 1951.,"July 13, 1951","TemporalValue(level=<TemporalLevel.DAY: 'DAY'>, year=1951, month=7, day=13, decade=1950, century=20, decade_modifier=<TemporalModifier.EARLY: 'early'>, year_modifier=<TemporalModifier.MID: 'mid'>, century_modifier=<TemporalModifier.MID: 'mid'>, season=<Season.SUMMER: 'summer'>)",DAY,False,1.0,True,at_level,"Date: July 13, 1951"
Q154770_death,none,,,,12 October 1951,"TemporalValue(level=<TemporalLevel.DAY: 'DAY'>, year=1951, month=10, day=12, decade=1950, century=20, decade_modifier=<TemporalModifier.EARLY: 'early'>, year_modifier=<TemporalModifier.LATE: 'late'>, century_modifier=<TemporalModifier.MID: 'mid'>, season=<Season.AUTUMN: 'autumn'>)",DAY,False,-1.0,False,answered,Date: 12 October 1951
Q27645_death,conflict,MONTH,Mikhail Bakunin died on 22 July 1876.,Mikhail Bakunin died on 3 July 1876.,"July 22, 1876","TemporalValue(level=<TemporalLevel.DAY: 'DAY'>, year=1876, month=7, day=22, decade=1870, century=19, decade_modifier=<TemporalModifier.MID: 'mid'>, year_modifier=<TemporalModifier.MID: 'mid'>, century_modifier=<TemporalModifier.LATE: 'late'>, season=<Season.SUMMER: 'summer'>)",DAY,False,-1.0,False,over_commit,"Date: July 22, 1876"
Q27645_death,agree,DAY,Mikhail Bakunin died on 1 July 1876.,Mikhail Bakunin died on 1 July 1876.,1 July 1876,"TemporalValue(level=<TemporalLevel.DAY: 'DAY'>, year=1876, month=7, day=1, decade=1870, century=19, decade_modifier=<TemporalModifier.MID: 'mid'>, year_modifier=<TemporalModifier.MID: 'mid'>, century_modifier=<TemporalModifier.LATE: 'late'>, season=<Season.SUMMER: 'summer'>)",DAY,False,1.0,True,at_level,Date: 1 July 1876
Q27645_death,none,,,,15 November 1876,"TemporalValue(level=<TemporalLevel.DAY: 'DAY'>, year=1876, month=11, day=15, decade=1870, century=19, decade_modifier=<TemporalModifier.MID: 'mid'>, year_modifier=<TemporalModifier.LATE: 'late'>, century_modifier=<TemporalModifier.LATE: 'late'>, season=<Season.AUTUMN: 'autumn'>)",DAY,False,-1.0,False,answered,Date: 15 November 1876
Q7251_death,conflict,YEAR,Alan Turing died on 12 September 1954.,Alan Turing died on 10 February 1954.,I don't know,,,True,0.0,False,idk,Date: I don't know
Q7251_death,agree,DAY,Alan Turing died on 7 June 1954.,Alan Turing died on 7 June 1954.,7 June 1954,"TemporalValue(level=<TemporalLevel.DAY: 'DAY'>, year=1954, month=6, day=7, decade=1950, century=20, decade_modifier=<TemporalModifier.MID: 'mid'>, year_modifier=<TemporalModifier.MID: 'mid'>, century_modifier=<TemporalModifier.MID: 'mid'>, season=<Season.SUMMER: 'summer'>)",DAY,False,1.0,True,at_level,Date: 7 June 1954
Q7251_death,none,,,,7 June 1954,"TemporalValue(level=<TemporalLevel.DAY: 'DAY'>, year=1954, month=6, day=7, decade=1950, century=20, decade_modifier=<TemporalModifier.MID: 'mid'>, year_modifier=<TemporalModifier.MID: 'mid'>, century_modifier=<TemporalModifier.MID: 'mid'>, season=<Season.SUMMER: 'summer'>)",DAY,False,1.0,True,answered,Date: 7 June 1954
Q72267_death,conflict,DECADE,Cecil B. DeMille died on 17 April 1952.,Cecil B. DeMille died on 6 June 1957.,I don't know,,,True,0.0,False,idk,Date: I don't know
Q72267_death,agree,DAY,Cecil B. DeMille died on 21 January 1959.,Cecil B. DeMille died on 21 January 1959.,21 January 1959,"TemporalValue(level=<TemporalLevel.DAY: 'DAY'>, year=1959, month=1, day=21, decade=1950, century=20, decade_modifier=<TemporalModifier.LATE: 'late'>, year_modifier=<TemporalModifier.EARLY: 'early'>, century_modifier=<TemporalModifier.MID: 'mid'>, season=<Season.WINTER: 'winter'>)",DAY,False,1.0,True,at_level,Date: 21 January 1959
Q72267_death,none,,,,30 December 1956,"TemporalValue(level=<TemporalLevel.DAY: 'DAY'>, year=1956, month=12, day=30, decade=1950, century=20, decade_modifier=<TemporalModifier.MID: 'mid'>, year_modifier=<TemporalModifier.LATE: 'late'>, century_modifier=<TemporalModifier.MID: 'mid'>, season=<Season.WINTER: 'winter'>)",DAY,False,-1.0,False,answered,Date: 30 December 1956
Q5597_death,conflict,MONTH,Raphael died on 25 April 1520.,Raphael died on 26 April 1520.,"April 25/26, 1520","TemporalValue(level=<TemporalLevel.MONTH: 'MONTH'>, year=25, month=4, day=None, decade=20, century=1, decade_modifier=<TemporalModifier.MID: 'mid'>, year_modifier=<TemporalModifier.EARLY: 'early'>, century_modifier=<TemporalModifier.EARLY: 'early'>, season=<Season.SPRING: 'spring'>)",MONTH,False,-0.7333632632172139,False,at_level_wrong,"Date: April 25/26, 1520"
Q5597_death,agree,DAY,Raphael died on 17 April 1520.,Raphael died on 17 April 1520.,17 April 1520,"TemporalValue(level=<TemporalLevel.DAY: 'DAY'>, year=1520, month=4, day=17, decade=1520, century=16, decade_modifier=<TemporalModifier.EARLY: 'early'>, year_modifier=<TemporalModifier.EARLY: 'early'>, century_modifier=<TemporalModifier.EARLY: 'early'>, season=<Season.SPRING: 'spring'>)",DAY,False,1.0,True,at_level,Date: 17 April 1520
Q5597_death,none,,,,1492,"TemporalValue(level=<TemporalLevel.YEAR: 'YEAR'>, year=1492, month=None, day=None, decade=1490, century=15, decade_modifier=<TemporalModifier.EARLY: 'early'>, year_modifier=None, century_modifier=<TemporalModifier.LATE: 'late'>, season=None)",YEAR,False,-0.5393459267796299,False,answered,Date: 1492
Q188969_birth,conflict,YEAR,B. B. King was born on 9 July 1925.,B. B. King was born on 26 June 1925.,I don't know,,,True,0.0,False,idk,Date: I don't know
Q188969_birth,agree,DAY,B. B. King was born on 16 September 1925.,B. B. King was born on 16 September 1925.,16 September 1925,"TemporalValue(level=<TemporalLevel.DAY: 'DAY'>, year=1925, month=9, day=16, decade=1920, century=20, decade_modifier=<TemporalModifier.MID: 'mid'>, year_modifier=<TemporalModifier.LATE: 'late'>, century_modifier=<TemporalModifier.EARLY: 'early'>, season=<Season.AUTUMN: 'autumn'>)",DAY,False,1.0,True,at_level,Date: 16 September 1925
Q188969_birth,none,,,,I don't know,,,True,0.0,False,idk,Date: I don't know
Q221048_death,conflict,DECADE,Jackie Robinson died on 10 January 1978.,Jackie Robinson died on 10 September 1977.,I don't know,,,True,0.0,False,idk,Date: I don't know
Q221048_death,agree,DAY,Jackie Robinson died on 24 October 1972.,Jackie Robinson died on 24 October 1972.,24 October 1972,"TemporalValue(level=<TemporalLevel.DAY: 'DAY'>, year=1972, month=10, day=24, decade=1970, century=20, decade_modifier=<TemporalModifier.EARLY: 'early'>, year_modifier=<TemporalModifier.LATE: 'late'>, century_modifier=<TemporalModifier.LATE: 'late'>, season=<Season.AUTUMN: 'autumn'>)",DAY,False,1.0,True,at_level,Date: 24 October 1972
Q221048_death,none,,,,"April 15, 1972","TemporalValue(level=<TemporalLevel.DAY: 'DAY'>, year=1972, month=4, day=15, decade=1970, century=20, decade_modifier=<TemporalModifier.EARLY: 'early'>, year_modifier=<TemporalModifier.EARLY: 'early'>, century_modifier=<TemporalModifier.LATE: 'late'>, season=<Season.SPRING: 'spring'>)",DAY,False,-1.0,False,answered,"Date: April 15, 1972"
Q44054_birth,conflict,MONTH,Franz Marc was born on 19 February 1880.,Franz Marc was born on 17 February 1880.,"February 19, 1880","TemporalValue(level=<TemporalLevel.DAY: 'DAY'>, year=1880, month=2, day=19, decade=1880, century=19, decade_modifier=<TemporalModifier.EARLY: 'early'>, year_modifier=<TemporalModifier.EARLY: 'early'>, century_modifier=<TemporalModifier.LATE: 'late'>, season=<Season.WINTER: 'winter'>)",DAY,False,-1.0,False,over_commit,"Date: February 19, 1880"
Q44054_birth,agree,DAY,Franz Marc was born on 8 February 1880.,Franz Marc was born on 8 February 1880.,8 February 1880,"TemporalValue(level=<TemporalLevel.DAY: 'DAY'>, year=1880, month=2, day=8, decade=1880, century=19, decade_modifier=<TemporalModifier.EARLY: 'early'>, year_modifier=<TemporalModifier.EARLY: 'early'>, century_modifier=<TemporalModifier.LATE: 'late'>, season=<Season.WINTER: 'winter'>)",DAY,False,1.0,True,at_level,Date: 8 February 1880
Q44054_birth,none,,,,1880,"TemporalValue(level=<TemporalLevel.YEAR: 'YEAR'>, year=1880, month=None, day=None, decade=1880, century=19, decade_modifier=<TemporalModifier.EARLY: 'early'>, year_modifier=None, century_modifier=<TemporalModifier.LATE: 'late'>, season=None)",YEAR,False,0.5393459267796299,True,answered,Date: 1880
Q154545_death,conflict,YEAR,Léopold Sédar Senghor died on 19 January 2001.,Léopold Sédar Senghor died on 18 September 2001.,I don't know,,,True,0.0,False,idk,Date: I don't know
Q154545_death,agree,DAY,Léopold Sédar Senghor died on 20 December 2001.,Léopold Sédar Senghor died on 20 December 2001.,"December 20, 2001","TemporalValue(level=<TemporalLevel.DAY: 'DAY'>, year=2001, month=12, day=20, decade=2000, century=21, decade_modifier=<TemporalModifier.EARLY: 'early'>, year_modifier=<TemporalModifier.LATE: 'late'>, century_modifier=<TemporalModifier.EARLY: 'early'>, season=<Season.WINTER: 'winter'>)",DAY,False,1.0,True,at_level,"Date: December 20, 2001"
Q154545_death,none,,,,20 December 2019,"TemporalValue(level=<TemporalLevel.DAY: 'DAY'>, year=2019, month=12, day=20, decade=2010, century=21, decade_modifier=<TemporalModifier.LATE: 'late'>, year_modifier=<TemporalModifier.LATE: 'late'>, century_modifier=<TemporalModifier.EARLY: 'early'>, season=<Season.WINTER: 'winter'>)",DAY,False,-1.0,False,answered,Date: 20 December 2019
Q310794_death,conflict,DECADE,Karl Pearson died on 13 August 1934.,Karl Pearson died on 4 December 1930.,"December 4, 1930","TemporalValue(level=<TemporalLevel.DAY: 'DAY'>, year=1930, month=12, day=4, decade=1930, century=20, decade_modifier=<TemporalModifier.EARLY: 'early'>, year_modifier=<TemporalModifier.LATE: 'late'>, century_modifier=<TemporalModifier.EARLY: 'early'>, season=<Season.WINTER: 'winter'>)",DAY,False,-1.0,False,over_commit,"Date: December 4, 1930"
Q310794_death,agree,DAY,Karl Pearson died on 27 April 1936.,Karl Pearson died on 27 April 1936.,27 April 1936,"TemporalValue(level=<TemporalLevel.DAY: 'DAY'>, year=1936, month=4, day=27, decade=1930, century=20, decade_modifier=<TemporalModifier.MID: 'mid'>, year_modifier=<TemporalModifier.EARLY: 'early'>, century_modifier=<TemporalModifier.MID: 'mid'>, season=<Season.SPRING: 'spring'>)",DAY,False,1.0,True,at_level,Date: 27 April 1936
Q310794_death,none,,,,1980,"TemporalValue(level=<TemporalLevel.YEAR: 'YEAR'>, year=1980, month=None, day=None, decade=1980, century=20, decade_modifier=<TemporalModifier.EARLY: 'early'>, year_modifier=None, century_modifier=<TemporalModifier.LATE: 'late'>, season=None)",YEAR,False,-0.5393459267796299,False,answered,Date: 1980
Q7349_birth,conflict,MONTH,Joseph Haydn was born on 13 March 1732.,Joseph Haydn was born on 12 March 1732.,"March 13, 1732","TemporalValue(level=<TemporalLevel.DAY: 'DAY'>, year=1732, month=3, day=13, decade=1730, century=18, decade_modifier=<TemporalModifier.EARLY: 'early'>, year_modifier=<TemporalModifier.EARLY: 'early'>, century_modifier=<TemporalModifier.EARLY: 'early'>, season=<Season.SPRING: 'spring'>)",DAY,False,-1.0,False,over_commit,"Date: March 13, 1732"
Q7349_birth,agree,DAY,Joseph Haydn was born on 31 March 1732.,Joseph Haydn was born on 31 March 1732.,31 March 1732,"TemporalValue(level=<TemporalLevel.DAY: 'DAY'>, year=1732, month=3, day=31, decade=1730, century=18, decade_modifier=<TemporalModifier.EARLY: 'early'>, year_modifier=<TemporalModifier.EARLY: 'early'>, century_modifier=<TemporalModifier.EARLY: 'early'>, season=<Season.SPRING: 'spring'>)",DAY,False,1.0,True,at_level,Date: 31 March 1732
Q7349_birth,none,,,,31 December 1732,"TemporalValue(level=<TemporalLevel.DAY: 'DAY'>, year=1732, month=12, day=31, decade=1730, century=18, decade_modifier=<TemporalModifier.EARLY: 'early'>, year_modifier=<TemporalModifier.LATE: 'late'>, century_modifier=<TemporalModifier.EARLY: 'early'>, season=<Season.WINTER: 'winter'>)",DAY,False,-1.0,False,answered,Date: 31 December 1732
Q47152_birth,conflict,YEAR,Mary Shelley was born on 1 September 1797.,Mary Shelley was born on 9 January 1797.,I don't know,,,True,0.0,False,idk,Date: I don't know
Q47152_birth,agree,DAY,Mary Shelley was born on 30 August 1797.,Mary Shelley was born on 30 August 1797.,30 August 1797,"TemporalValue(level=<TemporalLevel.DAY: 'DAY'>, year=1797, month=8, day=30, decade=1790, century=18, decade_modifier=<TemporalModifier.LATE: 'late'>, year_modifier=<TemporalModifier.MID: 'mid'>, century_modifier=<TemporalModifier.LATE: 'late'>, season=<Season.SUMMER: 'summer'>)",DAY,False,1.0,True,at_level,Date: 30 August 1797
Q47152_birth,none,,,,18 January 1797,"TemporalValue(level=<TemporalLevel.DAY: 'DAY'>, year=1797, month=1, day=18, decade=1790, century=18, decade_modifier=<TemporalModifier.LATE: 'late'>, year_modifier=<TemporalModifier.EARLY: 'early'>, century_modifier=<TemporalModifier.LATE: 'late'>, season=<Season.WINTER: 'winter'>)",DAY,False,-1.0,False,answered,Date: 18 January 1797
Q190089_death,conflict,DECADE,Duns Scotus died on 22 November 1300.,Duns Scotus died on 23 October 1304.,"October 23, 1304","TemporalValue(level=<TemporalLevel.DAY: 'DAY'>, year=1304, month=10, day=23, decade=1300, century=14, decade_modifier=<TemporalModifier.MID: 'mid'>, year_modifier=<TemporalModifier.LATE: 'late'>, century_modifier=<TemporalModifier.EARLY: 'early'>, season=<Season.AUTUMN: 'autumn'>)",DAY,False,-1.0,False,over_commit,"Date: October 23, 1304"
Q190089_death,agree,DAY,Duns Scotus died on 16 November 1308.,Duns Scotus died on 16 November 1308.,16 November 1308,"TemporalValue(level=<TemporalLevel.DAY: 'DAY'>, year=1308, month=11, day=16, decade=1300, century=14, decade_modifier=<TemporalModifier.LATE: 'late'>, year_modifier=<TemporalModifier.LATE: 'late'>, century_modifier=<TemporalModifier.EARLY: 'early'>, season=<Season.AUTUMN: 'autumn'>)",DAY,False,1.0,True,at_level,Date: 16 November 1308
Q190089_death,none,,,,14 February 1420,"TemporalValue(level=<TemporalLevel.DAY: 'DAY'>, year=1420, month=2, day=14, decade=1420, century=15, decade_modifier=<TemporalModifier.EARLY: 'early'>, year_modifier=<TemporalModifier.EARLY: 'early'>, century_modifier=<TemporalModifier.EARLY: 'early'>, season=<Season.WINTER: 'winter'>)",DAY,False,-1.0,False,answered,Date: 14 February 1420
Q298678_death,conflict,MONTH,Muhammad Ahmad died on 26 June 1885.,Muhammad Ahmad died on 10 June 1885.,June 1885,"TemporalValue(level=<TemporalLevel.MONTH: 'MONTH'>, year=1885, month=6, day=None, decade=1880, century=19, decade_modifier=<TemporalModifier.MID: 'mid'>, year_modifier=<TemporalModifier.MID: 'mid'>, century_modifier=<TemporalModifier.LATE: 'late'>, season=<Season.SUMMER: 'summer'>)",MONTH,False,0.7333632632172139,True,at_level,Date: June 1885
Q298678_death,agree,DAY,Muhammad Ahmad died on 22 June 1885.,Muhammad Ahmad died on 22 June 1885.,22 June 1885,"TemporalValue(level=<TemporalLevel.DAY: 'DAY'>, year=1885, month=6, day=22, decade=1880, century=19, decade_modifier=<TemporalModifier.MID: 'mid'>, year_modifier=<TemporalModifier.MID: 'mid'>, century_modifier=<TemporalModifier.LATE: 'late'>, season=<Season.SUMMER: 'summer'>)",DAY,False,1.0,True,at_level,Date: 22 June 1885
Q298678_death,none,,,,1892,"TemporalValue(level=<TemporalLevel.YEAR: 'YEAR'>, year=1892, month=None, day=None, decade=1890, century=19, decade_modifier=<TemporalModifier.EARLY: 'early'>, year_modifier=None, century_modifier=<TemporalModifier.LATE: 'late'>, season=None)",YEAR,False,-0.5393459267796299,False,answered,Date: 1892
Q216466_death,conflict,YEAR,Alejo Carpentier died on 25 December 1980.,Alejo Carpentier died on 17 May 1980.,I don't know,,,True,0.0,False,idk,Date: I don't know
Q216466_death,agree,DAY,Alejo Carpentier died on 24 April 1980.,Alejo Carpentier died on 24 April 1980.,24 April 1980,"TemporalValue(level=<TemporalLevel.DAY: 'DAY'>, year=1980, month=4, day=24, decade=1980, century=20, decade_modifier=<TemporalModifier.EARLY: 'early'>, year_modifier=<TemporalModifier.EARLY: 'early'>, century_modifier=<TemporalModifier.LATE: 'late'>, season=<Season.SPRING: 'spring'>)",DAY,False,1.0,True,at_level,Date: 24 April 1980
Q216466_death,none,,,,1980,"TemporalValue(level=<TemporalLevel.YEAR: 'YEAR'>, year=1980, month=None, day=None, decade=1980, century=20, decade_modifier=<TemporalModifier.EARLY: 'early'>, year_modifier=None, century_modifier=<TemporalModifier.LATE: 'late'>, season=None)",YEAR,False,0.5393459267796299,True,answered,Date: 1980
Q203401_birth,conflict,DECADE,Edward Hopper was born on 27 July 1889.,Edward Hopper was born on 7 May 1886.,I don't know,,,True,0.0,False,idk,Date: I don't know
Q203401_birth,agree,DAY,Edward Hopper was born on 23 July 1882.,Edward Hopper was born on 23 July 1882.,"July 23, 1882","TemporalValue(level=<TemporalLevel.DAY: 'DAY'>, year=1882, month=7, day=23, decade=1880, century=19, decade_modifier=<TemporalModifier.EARLY: 'early'>, year_modifier=<TemporalModifier.MID: 'mid'>, century_modifier=<TemporalModifier.LATE: 'late'>, season=<Season.SUMMER: 'summer'>)",DAY,False,1.0,True,at_level,"Date: July 23, 1882"
Q203401_birth,none,,,,I don't know,,,True,0.0,False,idk,Date: I don't know
Q38203_birth,conflict,MONTH,Helen Keller was born on 4 June 1880.,Helen Keller was born on 19 June 1880.,I don't know,,,True,0.0,False,idk,Date: I don't know
Q38203_birth,agree,DAY,Helen Keller was born on 27 June 1880.,Helen Keller was born on 27 June 1880.,27 June 1880,"TemporalValue(level=<TemporalLevel.DAY: 'DAY'>, year=1880, month=6, day=27, decade=1880, century=19, decade_modifier=<TemporalModifier.EARLY: 'early'>, year_modifier=<TemporalModifier.MID: 'mid'>, century_modifier=<TemporalModifier.LATE: 'late'>, season=<Season.SUMMER: 'summer'>)",DAY,False,1.0,True,at_level,Date: 27 June 1880
Q38203_birth,none,,,,1880,"TemporalValue(level=<TemporalLevel.YEAR: 'YEAR'>, year=1880, month=None, day=None, decade=1880, century=19, decade_modifier=<TemporalModifier.EARLY: 'early'>, year_modifier=None, century_modifier=<TemporalModifier.LATE: 'late'>, season=None)",YEAR,False,0.5393459267796299,True,answered,Date: 1880
Q101054_birth,conflict,YEAR,Baháʼu'lláh was born on 19 June 1817.,Baháʼu'lláh was born on 22 April 1817.,I don't know,,,True,0.0,False,idk,Date: I don't know
Q101054_birth,agree,DAY,Baháʼu'lláh was born on 12 November 1817.,Baháʼu'lláh was born on 12 November 1817.,12 November 1817,"TemporalValue(level=<TemporalLevel.DAY: 'DAY'>, year=1817, month=11, day=12, decade=1810, century=19, decade_modifier=<TemporalModifier.LATE: 'late'>, year_modifier=<TemporalModifier.LATE: 'late'>, century_modifier=<TemporalModifier.EARLY: 'early'>, season=<Season.AUTUMN: 'autumn'>)",DAY,False,1.0,True,at_level,Date: 12 November 1817
Q101054_birth,none,,,,1817,"TemporalValue(level=<TemporalLevel.YEAR: 'YEAR'>, year=1817, month=None, day=None, decade=1810, century=19, decade_modifier=<TemporalModifier.LATE: 'late'>, year_modifier=None, century_modifier=<TemporalModifier.EARLY: 'early'>, season=None)",YEAR,False,0.5393459267796299,True,answered,Date: 1817
Q309850_birth,conflict,DECADE,Will Eisner was born on 28 March 1919.,Will Eisner was born on 11 March 1915.,I don't know,,,True,0.0,False,idk,Date: I don't know
Q309850_birth,agree,DAY,Will Eisner was born on 6 March 1917.,Will Eisner was born on 6 March 1917.,6 March 1917,"TemporalValue(level=<TemporalLevel.DAY: 'DAY'>, year=1917, month=3, day=6, decade=1910, century=20, decade_modifier=<TemporalModifier.LATE: 'late'>, year_modifier=<TemporalModifier.EARLY: 'early'>, century_modifier=<TemporalModifier.EARLY: 'early'>, season=<Season.SPRING: 'spring'>)",DAY,False,1.0,True,at_level,Date: 6 March 1917
Q309850_birth,none,,,,I don't know,,,True,0.0,False,idk,Date: I don't know
Q182546_birth,conflict,MONTH,Robert H. Goddard was born on 25 October 1882.,Robert H. Goddard was born on 28 October 1882.,"October 25, 1882","TemporalValue(level=<TemporalLevel.DAY: 'DAY'>, year=1882, month=10, day=25, decade=1880, century=19, decade_modifier=<TemporalModifier.EARLY: 'early'>, year_modifier=<TemporalModifier.LATE: 'late'>, century_modifier=<TemporalModifier.LATE: 'late'>, season=<Season.AUTUMN: 'autumn'>)",DAY,False,-1.0,False,over_commit,"Date: October 25, 1882"
Q182546_birth,agree,DAY,Robert H. Goddard was born on 5 October 1882.,Robert H. Goddard was born on 5 October 1882.,5 October 1882,"TemporalValue(level=<TemporalLevel.DAY: 'DAY'>, year=1882, month=10, day=5, decade=1880, century=19, decade_modifier=<TemporalModifier.EARLY: 'early'>, year_modifier=<TemporalModifier.LATE: 'late'>, century_modifier=<TemporalModifier.LATE: 'late'>, season=<Season.AUTUMN: 'autumn'>)",DAY,False,1.0,True,at_level,Date: 5 October 1882
Q182546_birth,none,,,,18 October 1882,"TemporalValue(level=<TemporalLevel.DAY: 'DAY'>, year=1882, month=10, day=18, decade=1880, century=19, decade_modifier=<TemporalModifier.EARLY: 'early'>, year_modifier=<TemporalModifier.LATE: 'late'>, century_modifier=<TemporalModifier.LATE: 'late'>, season=<Season.AUTUMN: 'autumn'>)",DAY,False,-1.0,False,answered,Date: 18 October 1882
Q1771067_death,conflict,YEAR,Muthuswami Dikshitar died on 27 January 1835.,Muthuswami Dikshitar died on 2 November 1835.,I don't know,,,True,0.0,False,idk,Date: I don't know
Q1771067_death,agree,DAY,Muthuswami Dikshitar died on 21 October 1835.,Muthuswami Dikshitar died on 21 October 1835.,21 October 1835,"TemporalValue(level=<TemporalLevel.DAY: 'DAY'>, year=1835, month=10, day=21, decade=1830, century=19, decade_modifier=<TemporalModifier.MID: 'mid'>, year_modifier=<TemporalModifier.LATE: 'late'>, century_modifier=<TemporalModifier.MID: 'mid'>, season=<Season.AUTUMN: 'autumn'>)",DAY,False,1.0,True,at_level,Date: 21 October 1835
Q1771067_death,none,,,,1875,"TemporalValue(level=<TemporalLevel.YEAR: 'YEAR'>, year=1875, month=None, day=None, decade=1870, century=19, decade_modifier=<TemporalModifier.MID: 'mid'>, year_modifier=None, century_modifier=<TemporalModifier.LATE: 'late'>, season=None)",YEAR,False,-0.5393459267796299,False,answered,Date: 1875
Q51552_birth,conflict,DECADE,Roman Polanski was born on 10 June 1932.,Roman Polanski was born on 10 November 1936.,I don't know,,,True,0.0,False,idk,Date: I don't know
Q51552_birth,agree,DAY,Roman Polanski was born on 18 August 1933.,Roman Polanski was born on 18 August 1933.,"August 18, 1933","TemporalValue(level=<TemporalLevel.DAY: 'DAY'>, year=1933, month=8, day=18, decade=1930, century=20, decade_modifier=<TemporalModifier.EARLY: 'early'>, year_modifier=<TemporalModifier.MID: 'mid'>, century_modifier=<TemporalModifier.EARLY: 'early'>, season=<Season.SUMMER: 'summer'>)",DAY,False,1.0,True,at_level,"Date: August 18, 1933"
Q51552_birth,none,,,,I don't know,,,True,0.0,False,idk,Date: I don't know
Q100937_birth,conflict,MONTH,Fred Astaire was born on 12 May 1899.,Fred Astaire was born on 17 May 1899.,I don't know,,,True,0.0,False,idk,Date: I don't know
Q100937_birth,agree,DAY,Fred Astaire was born on 10 May 1899.,Fred Astaire was born on 10 May 1899.,10 May 1899,"TemporalValue(level=<TemporalLevel.DAY: 'DAY'>, year=1899, month=5, day=10, decade=1890, century=19, decade_modifier=<TemporalModifier.LATE: 'late'>, year_modifier=<TemporalModifier.MID: 'mid'>, century_modifier=<TemporalModifier.LATE: 'late'>, season=<Season.SPRING: 'spring'>)",DAY,False,1.0,True,at_level,Date: 10 May 1899
Q100937_birth,none,,,,I don't know,,,True,0.0,False,idk,Date: I don't know
Q102585_death,conflict,YEAR,Johann Gottlieb Fichte died on 14 August 1814.,Johann Gottlieb Fichte died on 6 November 1814.,I don't know,,,True,0.0,False,idk,Date: I don't know
Q102585_death,agree,DAY,Johann Gottlieb Fichte died on 27 January 1814.,Johann Gottlieb Fichte died on 27 January 1814.,27 January 1814,"TemporalValue(level=<TemporalLevel.DAY: 'DAY'>, year=1814, month=1, day=27, decade=1810, century=19, decade_modifier=<TemporalModifier.MID: 'mid'>, year_modifier=<TemporalModifier.EARLY: 'early'>, century_modifier=<TemporalModifier.EARLY: 'early'>, season=<Season.WINTER: 'winter'>)",DAY,False,1.0,True,at_level,Date: 27 January 1814
Q102585_death,none,,,,1814,"TemporalValue(level=<TemporalLevel.YEAR: 'YEAR'>, year=1814, month=None, day=None, decade=1810, century=19, decade_modifier=<TemporalModifier.MID: 'mid'>, year_modifier=None, century_modifier=<TemporalModifier.EARLY: 'early'>, season=None)",YEAR,False,0.5393459267796299,True,answered,Date: 1814
Q130752_birth,conflict,DECADE,Elizabeth of Russia was born on 2 October 1700.,Elizabeth of Russia was born on 5 August 1702.,I don't know,,,True,0.0,False,idk,Date: I don't know
Q130752_birth,agree,DAY,Elizabeth of Russia was born on 29 December 1709.,Elizabeth of Russia was born on 29 December 1709.,29 December 1709,"TemporalValue(level=<TemporalLevel.DAY: 'DAY'>, year=1709, month=12, day=29, decade=1700, century=18, decade_modifier=<TemporalModifier.LATE: 'late'>, year_modifier=<TemporalModifier.LATE: 'late'>, century_modifier=<TemporalModifier.EARLY: 'early'>, season=<Season.WINTER: 'winter'>)",DAY,False,1.0,True,at_level,Date: 29 December 1709
Q130752_birth,none,,,,1645,"TemporalValue(level=<TemporalLevel.YEAR: 'YEAR'>, year=1645, month=None, day=None, decade=1640, century=17, decade_modifier=<TemporalModifier.MID: 'mid'>, year_modifier=None, century_modifier=<TemporalModifier.MID: 'mid'>, season=None)",YEAR,False,-0.5393459267796299,False,answered,Date: 1645
Q855_death,conflict,MONTH,Joseph Stalin died on 12 March 1953.,Joseph Stalin died on 1 March 1953.,"March 12, 1953","TemporalValue(level=<TemporalLevel.DAY: 'DAY'>, year=1953, month=3, day=12, decade=1950, century=20, decade_modifier=<TemporalModifier.EARLY: 'early'>, year_modifier=<TemporalModifier.EARLY: 'early'>, century_modifier=<TemporalModifier.MID: 'mid'>, season=<Season.SPRING: 'spring'>)",DAY,False,-1.0,False,over_commit,"Date: March 12, 1953"
Q855_death,agree,DAY,Joseph Stalin died on 5 March 1953.,Joseph Stalin died on 5 March 1953.,5 March 1953,"TemporalValue(level=<TemporalLevel.DAY: 'DAY'>, year=1953, month=3, day=5, decade=1950, century=20, decade_modifier=<TemporalModifier.EARLY: 'early'>, year_modifier=<TemporalModifier.EARLY: 'early'>, century_modifier=<TemporalModifier.MID: 'mid'>, season=<Season.SPRING: 'spring'>)",DAY,False,1.0,True,at_level,Date: 5 March 1953
Q855_death,none,,,,5 March 1953,"TemporalValue(level=<TemporalLevel.DAY: 'DAY'>, year=1953, month=3, day=5, decade=1950, century=20, decade_modifier=<TemporalModifier.EARLY: 'early'>, year_modifier=<TemporalModifier.EARLY: 'early'>, century_modifier=<TemporalModifier.MID: 'mid'>, season=<Season.SPRING: 'spring'>)",DAY,False,1.0,True,answered,Date: 5 March 1953
Q1771067_birth,conflict,YEAR,Muthuswami Dikshitar was born on 24 September 1775.,Muthuswami Dikshitar was born on 20 June 1775.,I don't know,,,True,0.0,False,idk,Date: I don't know
Q1771067_birth,agree,DAY,Muthuswami Dikshitar was born on 24 March 1775.,Muthuswami Dikshitar was born on 24 March 1775.,24 March 1775,"TemporalValue(level=<TemporalLevel.DAY: 'DAY'>, year=1775, month=3, day=24, decade=1770, century=18, decade_modifier=<TemporalModifier.MID: 'mid'>, year_modifier=<TemporalModifier.EARLY: 'early'>, century_modifier=<TemporalModifier.LATE: 'late'>, season=<Season.SPRING: 'spring'>)",DAY,False,1.0,True,at_level,Date: 24 March 1775
Q1771067_birth,none,,,,1750-1824,"TemporalValue(level=<TemporalLevel.YEAR: 'YEAR'>, year=1750, month=None, day=None, decade=1750, century=18, decade_modifier=<TemporalModifier.EARLY: 'early'>, year_modifier=None, century_modifier=<TemporalModifier.MID: 'mid'>, season=None)",YEAR,False,-0.5393459267796299,False,answered,Date: 1750-1824
Q44279_birth,conflict,DECADE,Oliver Cromwell was born on 14 September 1593.,Oliver Cromwell was born on 27 May 1591.,I don't know,,,True,0.0,False,idk,Date: I don't know
Q44279_birth,agree,DAY,Oliver Cromwell was born on 5 May 1599.,Oliver Cromwell was born on 5 May 1599.,5 May 1599,"TemporalValue(level=<TemporalLevel.DAY: 'DAY'>, year=1599, month=5, day=5, decade=1590, century=16, decade_modifier=<TemporalModifier.LATE: 'late'>, year_modifier=<TemporalModifier.MID: 'mid'>, century_modifier=<TemporalModifier.LATE: 'late'>, season=<Season.SPRING: 'spring'>)",DAY,False,1.0,True,at_level,Date: 5 May 1599
Q44279_birth,none,,,,1639,"TemporalValue(level=<TemporalLevel.YEAR: 'YEAR'>, year=1639, month=None, day=None, decade=1630, century=17, decade_modifier=<TemporalModifier.LATE: 'late'>, year_modifier=None, century_modifier=<TemporalModifier.MID: 'mid'>, season=None)",YEAR,False,-0.5393459267796299,False,answered,Date: 1639
Q156774_death,conflict,MONTH,Pedro II of Brazil died on 7 December 1891.,Pedro II of Brazil died on 18 December 1891.,December 1891,"TemporalValue(level=<TemporalLevel.MONTH: 'MONTH'>, year=1891, month=12, day=None, decade=1890, century=19, decade_modifier=<TemporalModifier.EARLY: 'early'>, year_modifier=<TemporalModifier.LATE: 'late'>, century_modifier=<TemporalModifier.LATE: 'late'>, season=<Season.WINTER: 'winter'>)",MONTH,False,0.7333632632172139,True,at_level,Date: December 1891
Q156774_death,agree,DAY,Pedro II of Brazil died on 5 December 1891.,Pedro II of Brazil died on 5 December 1891.,5 December 1891,"TemporalValue(level=<TemporalLevel.DAY: 'DAY'>, year=1891, month=12, day=5, decade=1890, century=19, decade_modifier=<TemporalModifier.EARLY: 'early'>, year_modifier=<TemporalModifier.LATE: 'late'>, century_modifier=<TemporalModifier.LATE: 'late'>, season=<Season.WINTER: 'winter'>)",DAY,False,1.0,True,at_level,Date: 5 December 1891
Q156774_death,none,,,,1891,"TemporalValue(level=<TemporalLevel.YEAR: 'YEAR'>, year=1891, month=None, day=None, decade=1890, century=19, decade_modifier=<TemporalModifier.EARLY: 'early'>, year_modifier=None, century_modifier=<TemporalModifier.LATE: 'late'>, season=None)",YEAR,False,0.5393459267796299,True,answered,Date: 1891
Q9047_birth,conflict,YEAR,Gottfried Wilhelm Leibniz was born on 22 March 1646.,Gottfried Wilhelm Leibniz was born on 21 February 1646.,I don't know,,,True,0.0,False,idk,Date: I don't know
Q9047_birth,agree,DAY,Gottfried Wilhelm Leibniz was born on 1 July 1646.,Gottfried Wilhelm Leibniz was born on 1 July 1646.,1 June 1646,"TemporalValue(level=<TemporalLevel.DAY: 'DAY'>, year=1646, month=6, day=1, decade=1640, century=17, decade_modifier=<TemporalModifier.MID: 'mid'>, year_modifier=<TemporalModifier.MID: 'mid'>, century_modifier=<TemporalModifier.MID: 'mid'>, season=<Season.SUMMER: 'summer'>)",DAY,False,-1.0,False,at_level_wrong,Date: 1 June 1646
Q9047_birth,none,,,,1 July 1646,"TemporalValue(level=<TemporalLevel.DAY: 'DAY'>, year=1646, month=7, day=1, decade=1640, century=17, decade_modifier=<TemporalModifier.MID: 'mid'>, year_modifier=<TemporalModifier.MID: 'mid'>, century_modifier=<TemporalModifier.MID: 'mid'>, season=<Season.SUMMER: 'summer'>)",DAY,False,1.0,True,answered,Date: 1 July 1646
Q154770_birth,conflict,DECADE,Arnold Schoenberg was born on 21 September 1872.,Arnold Schoenberg was born on 20 September 1871.,I don't know,,,True,0.0,False,idk,Date: I don't know
Q154770_birth,agree,DAY,Arnold Schoenberg was born on 13 September 1874.,Arnold Schoenberg was born on 13 September 1874.,13 September 1874,"TemporalValue(level=<TemporalLevel.DAY: 'DAY'>, year=1874, month=9, day=13, decade=1870, century=19, decade_modifier=<TemporalModifier.MID: 'mid'>, year_modifier=<TemporalModifier.LATE: 'late'>, century_modifier=<TemporalModifier.LATE: 'late'>, season=<Season.AUTUMN: 'autumn'>)",DAY,False,1.0,True,at_level,Date: 13 September 1874
Q154770_birth,none,,,,13 September 1874,"TemporalValue(level=<TemporalLevel.DAY: 'DAY'>, year=1874, month=9, day=13, decade=1870, century=19, decade_modifier=<TemporalModifier.MID: 'mid'>, year_modifier=<TemporalModifier.LATE: 'late'>, century_modifier=<TemporalModifier.LATE: 'late'>, season=<Season.AUTUMN: 'autumn'>)",DAY,False,1.0,True,answered,Date: 13 September 1874
Q203643_birth,conflict,MONTH,James McNeill Whistler was born on 14 July 1834.,James McNeill Whistler was born on 26 July 1834.,"July 14, 1834","TemporalValue(level=<TemporalLevel.DAY: 'DAY'>, year=1834, month=7, day=14, decade=1830, century=19, decade_modifier=<TemporalModifier.MID: 'mid'>, year_modifier=<TemporalModifier.MID: 'mid'>, century_modifier=<TemporalModifier.EARLY: 'early'>, season=<Season.SUMMER: 'summer'>)",DAY,False,-1.0,False,over_commit,"Date: July 14, 1834"
Q203643_birth,agree,DAY,James McNeill Whistler was born on 10 July 1834.,James McNeill Whistler was born on 10 July 1834.,"July 10, 1834","TemporalValue(level=<TemporalLevel.DAY: 'DAY'>, year=1834, month=7, day=10, decade=1830, century=19, decade_modifier=<TemporalModifier.MID: 'mid'>, year_modifier=<TemporalModifier.MID: 'mid'>, century_modifier=<TemporalModifier.EARLY: 'early'>, season=<Season.SUMMER: 'summer'>)",DAY,False,1.0,True,at_level,"Date: July 10, 1834"
Q203643_birth,none,,,,17 February 1834,"TemporalValue(level=<TemporalLevel.DAY: 'DAY'>, year=1834, month=2, day=17, decade=1830, century=19, decade_modifier=<TemporalModifier.MID: 'mid'>, year_modifier=<TemporalModifier.EARLY: 'early'>, century_modifier=<TemporalModifier.EARLY: 'early'>, season=<Season.WINTER: 'winter'>)",DAY,False,-1.0,False,answered,Date: 17 February 1834
Q203401_death,conflict,YEAR,Edward Hopper died on 10 August 1967.,Edward Hopper died on 10 June 1967.,I don't know,,,True,0.0,False,idk,Date: I don't know
Q203401_death,agree,DAY,Edward Hopper died on 15 May 1967.,Edward Hopper died on 15 May 1967.,15 May 1967,"TemporalValue(level=<TemporalLevel.DAY: 'DAY'>, year=1967, month=5, day=15, decade=1960, century=20, decade_modifier=<TemporalModifier.LATE: 'late'>, year_modifier=<TemporalModifier.MID: 'mid'>, century_modifier=<TemporalModifier.MID: 'mid'>, season=<Season.SPRING: 'spring'>)",DAY,False,1.0,True,at_level,Date: 15 May 1967
Q203401_death,none,,,,1967,"TemporalValue(level=<TemporalLevel.YEAR: 'YEAR'>, year=1967, month=None, day=None, decade=1960, century=20, decade_modifier=<TemporalModifier.LATE: 'late'>, year_modifier=None, century_modifier=<TemporalModifier.MID: 'mid'>, season=None)",YEAR,False,0.5393459267796299,True,answered,Date: 1967
Q43476_birth,conflict,DECADE,Amedeo Avogadro was born on 9 December 1770.,Amedeo Avogadro was born on 18 May 1777.,I don't know,,,True,0.0,False,idk,Date: I don't know
Q43476_birth,agree,DAY,Amedeo Avogadro was born on 9 June 1776.,Amedeo Avogadro was born on 9 June 1776.,9 June 1776,"TemporalValue(level=<TemporalLevel.DAY: 'DAY'>, year=1776, month=6, day=9, decade=1770, century=18, decade_modifier=<TemporalModifier.MID: 'mid'>, year_modifier=<TemporalModifier.MID: 'mid'>, century_modifier=<TemporalModifier.LATE: 'late'>, season=<Season.SUMMER: 'summer'>)",DAY,False,1.0,True,at_level,Date: 9 June 1776
Q43476_birth,none,,,,1776,"TemporalValue(level=<TemporalLevel.YEAR: 'YEAR'>, year=1776, month=None, day=None, decade=1770, century=18, decade_modifier=<TemporalModifier.MID: 'mid'>, year_modifier=None, century_modifier=<TemporalModifier.LATE: 'late'>, season=None)",YEAR,False,0.5393459267796299,True,answered,Date: 1776
Q9387_death,conflict,MONTH,Max Weber died on 18 June 1920.,Max Weber died on 19 June 1920.,"June 18, 1920","TemporalValue(level=<TemporalLevel.DAY: 'DAY'>, year=1920, month=6, day=18, decade=1920, century=20, decade_modifier=<TemporalModifier.EARLY: 'early'>, year_modifier=<TemporalModifier.MID: 'mid'>, century_modifier=<TemporalModifier.EARLY: 'early'>, season=<Season.SUMMER: 'summer'>)",DAY,False,-1.0,False,over_commit,"Date: June 18, 1920"
Q9387_death,agree,DAY,Max Weber died on 14 June 1920.,Max Weber died on 14 June 1920.,14 June 1920,"TemporalValue(level=<TemporalLevel.DAY: 'DAY'>, year=1920, month=6, day=14, decade=1920, century=20, decade_modifier=<TemporalModifier.EARLY: 'early'>, year_modifier=<TemporalModifier.MID: 'mid'>, century_modifier=<TemporalModifier.EARLY: 'early'>, season=<Season.SUMMER: 'summer'>)",DAY,False,1.0,True,at_level,Date: 14 June 1920
Q9387_death,none,,,,14 June 1920,"TemporalValue(level=<TemporalLevel.DAY: 'DAY'>, year=1920, month=6, day=14, decade=1920, century=20, decade_modifier=<TemporalModifier.EARLY: 'early'>, year_modifier=<TemporalModifier.MID: 'mid'>, century_modifier=<TemporalModifier.EARLY: 'early'>, season=<Season.SUMMER: 'summer'>)",DAY,False,1.0,True,answered,Date: 14 June 1920
Q152325_death,conflict,YEAR,Isoroku Yamamoto died on 7 July 1943.,Isoroku Yamamoto died on 23 December 1943.,"December 23, 1943","TemporalValue(level=<TemporalLevel.DAY: 'DAY'>, year=1943, month=12, day=23, decade=1940, century=20, decade_modifier=<TemporalModifier.EARLY: 'early'>, year_modifier=<TemporalModifier.LATE: 'late'>, century_modifier=<TemporalModifier.MID: 'mid'>, season=<Season.WINTER: 'winter'>)",DAY,False,-1.0,False,over_commit,"Date: December 23, 1943"
Q152325_death,agree,DAY,Isoroku Yamamoto died on 18 April 1943.,Isoroku Yamamoto died on 18 April 1943.,18 April 1943,"TemporalValue(level=<TemporalLevel.DAY: 'DAY'>, year=1943, month=4, day=18, decade=1940, century=20, decade_modifier=<TemporalModifier.EARLY: 'early'>, year_modifier=<TemporalModifier.EARLY: 'early'>, century_modifier=<TemporalModifier.MID: 'mid'>, season=<Season.SPRING: 'spring'>)",DAY,False,1.0,True,at_level,Date: 18 April 1943
Q152325_death,none,,,,1943,"TemporalValue(level=<TemporalLevel.YEAR: 'YEAR'>, year=1943, month=None, day=None, decade=1940, century=20, decade_modifier=<TemporalModifier.EARLY: 'early'>, year_modifier=None, century_modifier=<TemporalModifier.MID: 'mid'>, season=None)",YEAR,False,0.5393459267796299,True,answered,Date: 1943
Q855_birth,conflict,DECADE,Joseph Stalin was born on 25 January 1876.,Joseph Stalin was born on 5 September 1872.,I don't know,,,True,0.0,False,idk,Date: I don't know
Q855_birth,agree,DAY,Joseph Stalin was born on 18 December 1878.,Joseph Stalin was born on 18 December 1878.,18 December 1878,"TemporalValue(level=<TemporalLevel.DAY: 'DAY'>, year=1878, month=12, day=18, decade=1870, century=19, decade_modifier=<TemporalModifier.LATE: 'late'>, year_modifier=<TemporalModifier.LATE: 'late'>, century_modifier=<TemporalModifier.LATE: 'late'>, season=<Season.WINTER: 'winter'>)",DAY,False,1.0,True,at_level,Date: 18 December 1878
Q855_birth,none,,,,1878,"TemporalValue(level=<TemporalLevel.YEAR: 'YEAR'>, year=1878, month=None, day=None, decade=1870, century=19, decade_modifier=<TemporalModifier.LATE: 'late'>, year_modifier=None, century_modifier=<TemporalModifier.LATE: 'late'>, season=None)",YEAR,False,0.5393459267796299,True,answered,Date: 1878
Q79822_birth,conflict,MONTH,Adam Mickiewicz was born on 27 December 1798.,Adam Mickiewicz was born on 22 December 1798.,I don't know,,,True,0.0,False,idk,Date: I don't know
Q79822_birth,agree,DAY,Adam Mickiewicz was born on 24 December 1798.,Adam Mickiewicz was born on 24 December 1798.,24 December 1798,"TemporalValue(level=<TemporalLevel.DAY: 'DAY'>, year=1798, month=12, day=24, decade=1790, century=18, decade_modifier=<TemporalModifier.LATE: 'late'>, year_modifier=<TemporalModifier.LATE: 'late'>, century_modifier=<TemporalModifier.LATE: 'late'>, season=<Season.WINTER: 'winter'>)",DAY,False,1.0,True,at_level,Date: 24 December 1798
Q79822_birth,none,,,,18 November 1798,"TemporalValue(level=<TemporalLevel.DAY: 'DAY'>, year=1798, month=11, day=18, decade=1790, century=18, decade_modifier=<TemporalModifier.LATE: 'late'>, year_modifier=<TemporalModifier.LATE: 'late'>, century_modifier=<TemporalModifier.LATE: 'late'>, season=<Season.AUTUMN: 'autumn'>)",DAY,False,-1.0,False,answered,Date: 18 November 1798
Q129006_death,conflict,YEAR,Clement Attlee died on 12 November 1967.,Clement Attlee died on 15 July 1967.,"July 15, 1967","TemporalValue(level=<TemporalLevel.DAY: 'DAY'>, year=1967, month=7, day=15, decade=1960, century=20, decade_modifier=<TemporalModifier.LATE: 'late'>, year_modifier=<TemporalModifier.MID: 'mid'>, century_modifier=<TemporalModifier.MID: 'mid'>, season=<Season.SUMMER: 'summer'>)",DAY,False,-1.0,False,over_commit,"Date: July 15, 1967"
Q129006_death,agree,DAY,Clement Attlee died on 8 October 1967.,Clement Attlee died on 8 October 1967.,8 October 1967,"TemporalValue(level=<TemporalLevel.DAY: 'DAY'>, year=1967, month=10, day=8, decade=1960, century=20, decade_modifier=<TemporalModifier.LATE: 'late'>, year_modifier=<TemporalModifier.LATE: 'late'>, century_modifier=<TemporalModifier.MID: 'mid'>, season=<Season.AUTUMN: 'autumn'>)",DAY,False,1.0,True,at_level,Date: 8 October 1967
Q129006_death,none,,,,1975,"TemporalValue(level=<TemporalLevel.YEAR: 'YEAR'>, year=1975, month=None, day=None, decade=1970, century=20, decade_modifier=<TemporalModifier.MID: 'mid'>, year_modifier=None, century_modifier=<TemporalModifier.LATE: 'late'>, season=None)",YEAR,False,-0.5393459267796299,False,answered,Date: 1975
Q58720_birth,conflict,DECADE,Mikhail Lomonosov was born on 20 November 1710.,Mikhail Lomonosov was born on 1 April 1717.,I don't know,,,True,0.0,False,idk,Date: I don't know
Q58720_birth,agree,DAY,Mikhail Lomonosov was born on 19 November 1711.,Mikhail Lomonosov was born on 19 November 1711.,19 November 1711,"TemporalValue(level=<TemporalLevel.DAY: 'DAY'>, year=1711, month=11, day=19, decade=1710, century=18, decade_modifier=<TemporalModifier.EARLY: 'early'>, year_modifier=<TemporalModifier.LATE: 'late'>, century_modifier=<TemporalModifier.EARLY: 'early'>, season=<Season.AUTUMN: 'autumn'>)",DAY,False,1.0,True,at_level,Date: 19 November 1711
Q58720_birth,none,,,,14 April 1711,"TemporalValue(level=<TemporalLevel.DAY: 'DAY'>, year=1711, month=4, day=14, decade=1710, century=18, decade_modifier=<TemporalModifier.EARLY: 'early'>, year_modifier=<TemporalModifier.EARLY: 'early'>, century_modifier=<TemporalModifier.EARLY: 'early'>, season=<Season.SPRING: 'spring'>)",DAY,False,-1.0,False,answered,Date: 14 April 1711
Q44007_birth,conflict,MONTH,Paul Klee was born on 12 February 1879.,Paul Klee was born on 17 February 1879.,I don't know,,,True,0.0,False,idk,Date: I don't know
Q44007_birth,agree,DAY,Paul Klee was born on 18 February 1879.,Paul Klee was born on 18 February 1879.,18 February 1879,"TemporalValue(level=<TemporalLevel.DAY: 'DAY'>, year=1879, month=2, day=18, decade=1870, century=19, decade_modifier=<TemporalModifier.LATE: 'late'>, year_modifier=<TemporalModifier.EARLY: 'early'>, century_modifier=<TemporalModifier.LATE: 'late'>, season=<Season.WINTER: 'winter'>)",DAY,False,1.0,True,at_level,Date: 18 February 1879
Q44007_birth,none,,,,18 December 1879,"TemporalValue(level=<TemporalLevel.DAY: 'DAY'>, year=1879, month=12, day=18, decade=1870, century=19, decade_modifier=<TemporalModifier.LATE: 'late'>, year_modifier=<TemporalModifier.LATE: 'late'>, century_modifier=<TemporalModifier.LATE: 'late'>, season=<Season.WINTER: 'winter'>)",DAY,False,-1.0,False,answered,Date: 18 December 1879
Q150910_death,conflict,YEAR,Charles Algernon Parsons died on 21 April 1931.,Charles Algernon Parsons died on 12 May 1931.,I don't know,,,True,0.0,False,idk,Date: I don't know
Q150910_death,agree,DAY,Charles Algernon Parsons died on 11 February 1931.,Charles Algernon Parsons died on 11 February 1931.,11 February 1931,"TemporalValue(level=<TemporalLevel.DAY: 'DAY'>, year=1931, month=2, day=11, decade=1930, century=20, decade_modifier=<TemporalModifier.EARLY: 'early'>, year_modifier=<TemporalModifier.EARLY: 'early'>, century_modifier=<TemporalModifier.EARLY: 'early'>, season=<Season.WINTER: 'winter'>)",DAY,False,1.0,True,at_level,Date: 11 February 1931
Q150910_death,none,,,,1960,"TemporalValue(level=<TemporalLevel.YEAR: 'YEAR'>, year=1960, month=None, day=None, decade=1960, century=20, decade_modifier=<TemporalModifier.EARLY: 'early'>, year_modifier=None, century_modifier=<TemporalModifier.MID: 'mid'>, season=None)",YEAR,False,-0.5393459267796299,False,answered,Date: 1960
Q271884_birth,conflict,DECADE,Norman Rockwell was born on 24 December 1898.,Norman Rockwell was born on 19 April 1890.,I don't know,,,True,0.0,False,idk,Date: I don't know
Q271884_birth,agree,DAY,Norman Rockwell was born on 3 February 1894.,Norman Rockwell was born on 3 February 1894.,3 February 1894,"TemporalValue(level=<TemporalLevel.DAY: 'DAY'>, year=1894, month=2, day=3, decade=1890, century=19, decade_modifier=<TemporalModifier.MID: 'mid'>, year_modifier=<TemporalModifier.EARLY: 'early'>, century_modifier=<TemporalModifier.LATE: 'late'>, season=<Season.WINTER: 'winter'>)",DAY,False,1.0,True,at_level,Date: 3 February 1894
Q271884_birth,none,,,,I don't know,,,True,0.0,False,idk,Date: I don't know
Q16977_death,conflict,MONTH,Deng Xiaoping died on 8 February 1997.,Deng Xiaoping died on 9 February 1997.,"February 9, 1997","TemporalValue(level=<TemporalLevel.DAY: 'DAY'>, year=1997, month=2, day=9, decade=1990, century=20, decade_modifier=<TemporalModifier.LATE: 'late'>, year_modifier=<TemporalModifier.EARLY: 'early'>, century_modifier=<TemporalModifier.LATE: 'late'>, season=<Season.WINTER: 'winter'>)",DAY,False,-1.0,False,over_commit,"Date: February 9, 1997"
Q16977_death,agree,DAY,Deng Xiaoping died on 19 February 1997.,Deng Xiaoping died on 19 February 1997.,19 February 1997,"TemporalValue(level=<TemporalLevel.DAY: 'DAY'>, year=1997, month=2, day=19, decade=1990, century=20, decade_modifier=<TemporalModifier.LATE: 'late'>, year_modifier=<TemporalModifier.EARLY: 'early'>, century_modifier=<TemporalModifier.LATE: 'late'>, season=<Season.WINTER: 'winter'>)",DAY,False,1.0,True,at_level,Date: 19 February 1997
Q16977_death,none,,,,19 February 2023,"TemporalValue(level=<TemporalLevel.DAY: 'DAY'>, year=2023, month=2, day=19, decade=2020, century=21, decade_modifier=<TemporalModifier.EARLY: 'early'>, year_modifier=<TemporalModifier.EARLY: 'early'>, century_modifier=<TemporalModifier.EARLY: 'early'>, season=<Season.WINTER: 'winter'>)",DAY,False,-1.0,False,answered,Date: 19 February 2023
Q55767_death,conflict,YEAR,Astrid Lindgren died on 3 April 2002.,Astrid Lindgren died on 19 August 2002.,I don't know,,,True,0.0,False,idk,Date: I don't know
Q55767_death,agree,DAY,Astrid Lindgren died on 28 January 2002.,Astrid Lindgren died on 28 January 2002.,28 January 2002,"TemporalValue(level=<TemporalLevel.DAY: 'DAY'>, year=2002, month=1, day=28, decade=2000, century=21, decade_modifier=<TemporalModifier.EARLY: 'early'>, year_modifier=<TemporalModifier.EARLY: 'early'>, century_modifier=<TemporalModifier.EARLY: 'early'>, season=<Season.WINTER: 'winter'>)",DAY,False,1.0,True,at_level,Date: 28 January 2002
Q55767_death,none,,,,1982,"TemporalValue(level=<TemporalLevel.YEAR: 'YEAR'>, year=1982, month=None, day=None, decade=1980, century=20, decade_modifier=<TemporalModifier.EARLY: 'early'>, year_modifier=None, century_modifier=<TemporalModifier.LATE: 'late'>, season=None)",YEAR,False,-0.5393459267796299,False,answered,Date: 1982
Q40224_birth,conflict,DECADE,Carl Benz was born on 23 December 1848.,Carl Benz was born on 28 August 1843.,I don't know,,,True,0.0,False,idk,Date: I don't know
Q40224_birth,agree,DAY,Carl Benz was born on 25 November 1844.,Carl Benz was born on 25 November 1844.,25 November 1844,"TemporalValue(level=<TemporalLevel.DAY: 'DAY'>, year=1844, month=11, day=25, decade=1840, century=19, decade_modifier=<TemporalModifier.MID: 'mid'>, year_modifier=<TemporalModifier.LATE: 'late'>, century_modifier=<TemporalModifier.MID: 'mid'>, season=<Season.AUTUMN: 'autumn'>)",DAY,False,1.0,True,at_level,Date: 25 November 1844
Q40224_birth,none,,,,14 June 1844,"TemporalValue(level=<TemporalLevel.DAY: 'DAY'>, year=1844, month=6, day=14, decade=1840, century=19, decade_modifier=<TemporalModifier.MID: 'mid'>, year_modifier=<TemporalModifier.MID: 'mid'>, century_modifier=<TemporalModifier.MID: 'mid'>, season=<Season.SUMMER: 'summer'>)",DAY,False,-1.0,False,answered,Date: 14 June 1844
Q80956_birth,conflict,MONTH,Svante Arrhenius was born on 17 February 1859.,Svante Arrhenius was born on 27 February 1859.,"February 17, 1859","TemporalValue(level=<TemporalLevel.DAY: 'DAY'>, year=1859, month=2, day=17, decade=1850, century=19, decade_modifier=<TemporalModifier.LATE: 'late'>, year_modifier=<TemporalModifier.EARLY: 'early'>, century_modifier=<TemporalModifier.MID: 'mid'>, season=<Season.WINTER: 'winter'>)",DAY,False,-1.0,False,over_commit,"Date: February 17, 1859"
Q80956_birth,agree,DAY,Svante Arrhenius was born on 19 February 1859.,Svante Arrhenius was born on 19 February 1859.,19 February 1859,"TemporalValue(level=<TemporalLevel.DAY: 'DAY'>, year=1859, month=2, day=19, decade=1850, century=19, decade_modifier=<TemporalModifier.LATE: 'late'>, year_modifier=<TemporalModifier.EARLY: 'early'>, century_modifier=<TemporalModifier.MID: 'mid'>, season=<Season.WINTER: 'winter'>)",DAY,False,1.0,True,at_level,Date: 19 February 1859
Q80956_birth,none,,,,18 May 1859,"TemporalValue(level=<TemporalLevel.DAY: 'DAY'>, year=1859, month=5, day=18, decade=1850, century=19, decade_modifier=<TemporalModifier.LATE: 'late'>, year_modifier=<TemporalModifier.MID: 'mid'>, century_modifier=<TemporalModifier.MID: 'mid'>, season=<Season.SPRING: 'spring'>)",DAY,False,-1.0,False,answered,Date: 18 May 1859
Q46696_birth,conflict,YEAR,Theodosius I was born on 6 March 347.,Theodosius I was born on 15 May 347.,I don't know,,,True,0.0,False,idk,Date: I don't know
Q46696_birth,agree,DAY,Theodosius I was born on 12 January 347.,Theodosius I was born on 12 January 347.,12 January 347,"TemporalValue(level=<TemporalLevel.DAY: 'DAY'>, year=347, month=1, day=12, decade=340, century=4, decade_modifier=<TemporalModifier.LATE: 'late'>, year_modifier=<TemporalModifier.EARLY: 'early'>, century_modifier=<TemporalModifier.MID: 'mid'>, season=<Season.WINTER: 'winter'>)",DAY,False,1.0,True,at_level,Date: 12 January 347
Q46696_birth,none,,,,I don't know,,,True,0.0,False,idk,Date: I don't know
Q312555_death,conflict,DECADE,Bal Gangadhar Tilak died on 13 November 1922.,Bal Gangadhar Tilak died on 9 May 1927.,I don't know,,,True,0.0,False,idk,Date: I don't know
Q312555_death,agree,DAY,Bal Gangadhar Tilak died on 1 September 1920.,Bal Gangadhar Tilak died on 1 September 1920.,1 September 1920,"TemporalValue(level=<TemporalLevel.DAY: 'DAY'>, year=1920, month=9, day=1, decade=1920, century=20, decade_modifier=<TemporalModifier.EARLY: 'early'>, year_modifier=<TemporalModifier.LATE: 'late'>, century_modifier=<TemporalModifier.EARLY: 'early'>, season=<Season.AUTUMN: 'autumn'>)",DAY,False,1.0,True,at_level,Date: 1 September 1920
Q312555_death,none,,,,18 June 1920,"TemporalValue(level=<TemporalLevel.DAY: 'DAY'>, year=1920, month=6, day=18, decade=1920, century=20, decade_modifier=<TemporalModifier.EARLY: 'early'>, year_modifier=<TemporalModifier.MID: 'mid'>, century_modifier=<TemporalModifier.EARLY: 'early'>, season=<Season.SUMMER: 'summer'>)",DAY,False,-1.0,False,answered,Date: 18 June 1920
Q274334_birth,conflict,MONTH,Svetlana Alexievich was born on 14 May 1948.,Svetlana Alexievich was born on 25 May 1948.,I don't know,,,True,0.0,False,idk,Date: I don't know
Q274334_birth,agree,DAY,Svetlana Alexievich was born on 31 May 1948.,Svetlana Alexievich was born on 31 May 1948.,31 May 1948,"TemporalValue(level=<TemporalLevel.DAY: 'DAY'>, year=1948, month=5, day=31, decade=1940, century=20, decade_modifier=<TemporalModifier.LATE: 'late'>, year_modifier=<TemporalModifier.MID: 'mid'>, century_modifier=<TemporalModifier.MID: 'mid'>, season=<Season.SPRING: 'spring'>)",DAY,False,1.0,True,at_level,Date: 31 May 1948
Q274334_birth,none,,,,1948,"TemporalValue(level=<TemporalLevel.YEAR: 'YEAR'>, year=1948, month=None, day=None, decade=1940, century=20, decade_modifier=<TemporalModifier.LATE: 'late'>, year_modifier=None, century_modifier=<TemporalModifier.MID: 'mid'>, season=None)",YEAR,False,0.5393459267796299,True,answered,Date: 1948
Q13230_birth,conflict,YEAR,Ferdinand de Saussure was born on 11 June 1857.,Ferdinand de Saussure was born on 3 October 1857.,I don't know,,,True,0.0,False,idk,Date: I don't know
Q13230_birth,agree,DAY,Ferdinand de Saussure was born on 26 November 1857.,Ferdinand de Saussure was born on 26 November 1857.,26 November 1857,"TemporalValue(level=<TemporalLevel.DAY: 'DAY'>, year=1857, month=11, day=26, decade=1850, century=19, decade_modifier=<TemporalModifier.LATE: 'late'>, year_modifier=<TemporalModifier.LATE: 'late'>, century_modifier=<TemporalModifier.MID: 'mid'>, season=<Season.AUTUMN: 'autumn'>)",DAY,False,1.0,True,at_level,Date: 26 November 1857
Q13230_birth,none,,,,1857,"TemporalValue(level=<TemporalLevel.YEAR: 'YEAR'>, year=1857, month=None, day=None, decade=1850, century=19, decade_modifier=<TemporalModifier.LATE: 'late'>, year_modifier=None, century_modifier=<TemporalModifier.MID: 'mid'>, season=None)",YEAR,False,0.5393459267796299,True,answered,Date: 1857
Q200131_death,conflict,DECADE,Antônio Carlos Jobim died on 1 August 1995.,Antônio Carlos Jobim died on 7 May 1990.,I don't know,,,True,0.0,False,idk,Date: I don't know
Q200131_death,agree,DAY,Antônio Carlos Jobim died on 8 December 1994.,Antônio Carlos Jobim died on 8 December 1994.,"December 8, 1994","TemporalValue(level=<TemporalLevel.DAY: 'DAY'>, year=1994, month=12, day=8, decade=1990, century=20, decade_modifier=<TemporalModifier.MID: 'mid'>, year_modifier=<TemporalModifier.LATE: 'late'>, century_modifier=<TemporalModifier.LATE: 'late'>, season=<Season.WINTER: 'winter'>)",DAY,False,1.0,True,at_level,"Date: December 8, 1994"
Q200131_death,none,,,,5 October 2016,"TemporalValue(level=<TemporalLevel.DAY: 'DAY'>, year=2016, month=10, day=5, decade=2010, century=21, decade_modifier=<TemporalModifier.MID: 'mid'>, year_modifier=<TemporalModifier.LATE: 'late'>, century_modifier=<TemporalModifier.EARLY: 'early'>, season=<Season.AUTUMN: 'autumn'>)",DAY,False,-1.0,False,answered,Date: 5 October 2016
Q1047_birth,conflict,MONTH,Jawaharlal Nehru was born on 26 November 1889.,Jawaharlal Nehru was born on 13 November 1889.,I don't know,,,True,0.0,False,idk,Date: I don't know
Q1047_birth,agree,DAY,Jawaharlal Nehru was born on 14 November 1889.,Jawaharlal Nehru was born on 14 November 1889.,14 November 1889,"TemporalValue(level=<TemporalLevel.DAY: 'DAY'>, year=1889, month=11, day=14, decade=1880, century=19, decade_modifier=<TemporalModifier.LATE: 'late'>, year_modifier=<TemporalModifier.LATE: 'late'>, century_modifier=<TemporalModifier.LATE: 'late'>, season=<Season.AUTUMN: 'autumn'>)",DAY,False,1.0,True,at_level,Date: 14 November 1889
Q1047_birth,none,,,,1906,"TemporalValue(level=<TemporalLevel.YEAR: 'YEAR'>, year=1906, month=None, day=None, decade=1900, century=20, decade_modifier=<TemporalModifier.MID: 'mid'>, year_modifier=None, century_modifier=<TemporalModifier.EARLY: 'early'>, season=None)",YEAR,False,-0.5393459267796299,False,answered,Date: 1906
Q55431_birth,conflict,YEAR,Wong Kar-wai was born on 25 August 1958.,Wong Kar-wai was born on 21 December 1958.,I don't know,,,True,0.0,False,idk,Date: I don't know
Q55431_birth,agree,DAY,Wong Kar-wai was born on 17 July 1958.,Wong Kar-wai was born on 17 July 1958.,17 July 1958,"TemporalValue(level=<TemporalLevel.DAY: 'DAY'>, year=1958, month=7, day=17, decade=1950, century=20, decade_modifier=<TemporalModifier.LATE: 'late'>, year_modifier=<TemporalModifier.MID: 'mid'>, century_modifier=<TemporalModifier.MID: 'mid'>, season=<Season.SUMMER: 'summer'>)",DAY,False,1.0,True,at_level,Date: 17 July 1958
Q55431_birth,none,,,,1954,"TemporalValue(level=<TemporalLevel.YEAR: 'YEAR'>, year=1954, month=None, day=None, decade=1950, century=20, decade_modifier=<TemporalModifier.MID: 'mid'>, year_modifier=None, century_modifier=<TemporalModifier.MID: 'mid'>, season=None)",YEAR,False,-0.5393459267796299,False,answered,Date: 1954
Q313256_death,conflict,DECADE,Bob Fosse died on 15 October 1986.,Bob Fosse died on 27 June 1980.,I don't know,,,True,0.0,False,idk,Date: I don't know
Q313256_death,agree,DAY,Bob Fosse died on 23 September 1987.,Bob Fosse died on 23 September 1987.,23 September 1987,"TemporalValue(level=<TemporalLevel.DAY: 'DAY'>, year=1987, month=9, day=23, decade=1980, century=20, decade_modifier=<TemporalModifier.LATE: 'late'>, year_modifier=<TemporalModifier.LATE: 'late'>, century_modifier=<TemporalModifier.LATE: 'late'>, season=<Season.AUTUMN: 'autumn'>)",DAY,False,1.0,True,at_level,Date: 23 September 1987
Q313256_death,none,,,,2017,"TemporalValue(level=<TemporalLevel.YEAR: 'YEAR'>, year=2017, month=None, day=None, decade=2010, century=21, decade_modifier=<TemporalModifier.LATE: 'late'>, year_modifier=None, century_modifier=<TemporalModifier.EARLY: 'early'>, season=None)",YEAR,False,-0.5393459267796299,False,answered,Date: 2017
Q172840_death,conflict,MONTH,Murray Gell-Mann died on 19 May 2019.,Murray Gell-Mann died on 5 May 2019.,I don't know,,,True,0.0,False,idk,Date: I don't know
Q172840_death,agree,DAY,Murray Gell-Mann died on 24 May 2019.,Murray Gell-Mann died on 24 May 2019.,24 May 2019,"TemporalValue(level=<TemporalLevel.DAY: 'DAY'>, year=2019, month=5, day=24, decade=2010, century=21, decade_modifier=<TemporalModifier.LATE: 'late'>, year_modifier=<TemporalModifier.MID: 'mid'>, century_modifier=<TemporalModifier.EARLY: 'early'>, season=<Season.SPRING: 'spring'>)",DAY,False,1.0,True,at_level,Date: 24 May 2019
Q172840_death,none,,,,2019-06-15,"TemporalValue(level=<TemporalLevel.DAY: 'DAY'>, year=2019, month=6, day=15, decade=2010, century=21, decade_modifier=<TemporalModifier.LATE: 'late'>, year_modifier=<TemporalModifier.MID: 'mid'>, century_modifier=<TemporalModifier.EARLY: 'early'>, season=<Season.SUMMER: 'summer'>)",DAY,False,-1.0,False,answered,Date: 2019-06-15
Q183679_birth,conflict,YEAR,Tsung-Dao Lee was born on 11 October 1926.,Tsung-Dao Lee was born on 27 May 1926.,I don't know,,,True,0.0,False,idk,Date: I don't know
Q183679_birth,agree,DAY,Tsung-Dao Lee was born on 25 November 1926.,Tsung-Dao Lee was born on 25 November 1926.,25 November 1926,"TemporalValue(level=<TemporalLevel.DAY: 'DAY'>, year=1926, month=11, day=25, decade=1920, century=20, decade_modifier=<TemporalModifier.MID: 'mid'>, year_modifier=<TemporalModifier.LATE: 'late'>, century_modifier=<TemporalModifier.EARLY: 'early'>, season=<Season.AUTUMN: 'autumn'>)",DAY,False,1.0,True,at_level,Date: 25 November 1926
Q183679_birth,none,,,,1926,"TemporalValue(level=<TemporalLevel.YEAR: 'YEAR'>, year=1926, month=None, day=None, decade=1920, century=20, decade_modifier=<TemporalModifier.MID: 'mid'>, year_modifier=None, century_modifier=<TemporalModifier.EARLY: 'early'>, season=None)",YEAR,False,0.5393459267796299,True,answered,Date: 1926
Q60887_death,conflict,DECADE,Jeremy Bentham died on 17 August 1830.,Jeremy Bentham died on 2 March 1837.,I don't know,,,True,0.0,False,idk,Date: I don't know
Q60887_death,agree,DAY,Jeremy Bentham died on 6 June 1832.,Jeremy Bentham died on 6 June 1832.,6 June 1832,"TemporalValue(level=<TemporalLevel.DAY: 'DAY'>, year=1832, month=6, day=6, decade=1830, century=19, decade_modifier=<TemporalModifier.EARLY: 'early'>, year_modifier=<TemporalModifier.MID: 'mid'>, century_modifier=<TemporalModifier.EARLY: 'early'>, season=<Season.SUMMER: 'summer'>)",DAY,False,1.0,True,at_level,Date: 6 June 1832
Q60887_death,none,,,,6 June 1832,"TemporalValue(level=<TemporalLevel.DAY: 'DAY'>, year=1832, month=6, day=6, decade=1830, century=19, decade_modifier=<TemporalModifier.EARLY: 'early'>, year_modifier=<TemporalModifier.MID: 'mid'>, century_modifier=<TemporalModifier.EARLY: 'early'>, season=<Season.SUMMER: 'summer'>)",DAY,False,1.0,True,answered,Date: 6 June 1832
Q127318_birth,conflict,MONTH,George III was born on 3 June 1738.,George III was born on 20 June 1738.,I don't know,,,True,0.0,False,idk,Date: I don't know
Q127318_birth,agree,DAY,George III was born on 4 June 1738.,George III was born on 4 June 1738.,4 June 1738,"TemporalValue(level=<TemporalLevel.DAY: 'DAY'>, year=1738, month=6, day=4, decade=1730, century=18, decade_modifier=<TemporalModifier.LATE: 'late'>, year_modifier=<TemporalModifier.MID: 'mid'>, century_modifier=<TemporalModifier.MID: 'mid'>, season=<Season.SUMMER: 'summer'>)",DAY,False,1.0,True,at_level,Date: 4 June 1738
Q127318_birth,none,,,,1738,"TemporalValue(level=<TemporalLevel.YEAR: 'YEAR'>, year=1738, month=None, day=None, decade=1730, century=18, decade_modifier=<TemporalModifier.LATE: 'late'>, year_modifier=None, century_modifier=<TemporalModifier.MID: 'mid'>, season=None)",YEAR,False,0.5393459267796299,True,answered,Date: 1738
Q174152_death,conflict,YEAR,Premchand died on 1 June 1936.,Premchand died on 3 December 1936.,I don't know,,,True,0.0,False,idk,Date: I don't know
Q174152_death,agree,DAY,Premchand died on 8 October 1936.,Premchand died on 8 October 1936.,8 October 1936,"TemporalValue(level=<TemporalLevel.DAY: 'DAY'>, year=1936, month=10, day=8, decade=1930, century=20, decade_modifier=<TemporalModifier.MID: 'mid'>, year_modifier=<TemporalModifier.LATE: 'late'>, century_modifier=<TemporalModifier.MID: 'mid'>, season=<Season.AUTUMN: 'autumn'>)",DAY,False,1.0,True,at_level,Date: 8 October 1936
Q174152_death,none,,,,1980,"TemporalValue(level=<TemporalLevel.YEAR: 'YEAR'>, year=1980, month=None, day=None, decade=1980, century=20, decade_modifier=<TemporalModifier.EARLY: 'early'>, year_modifier=None, century_modifier=<TemporalModifier.LATE: 'late'>, season=None)",YEAR,False,-0.5393459267796299,False,answered,Date: 1980
Q172840_birth,conflict,DECADE,Murray Gell-Mann was born on 18 November 1923.,Murray Gell-Mann was born on 2 August 1921.,I don't know,,,True,0.0,False,idk,Date: I don't know
Q172840_birth,agree,DAY,Murray Gell-Mann was born on 15 September 1929.,Murray Gell-Mann was born on 15 September 1929.,15 September 1929,"TemporalValue(level=<TemporalLevel.DAY: 'DAY'>, year=1929, month=9, day=15, decade=1920, century=20, decade_modifier=<TemporalModifier.LATE: 'late'>, year_modifier=<TemporalModifier.LATE: 'late'>, century_modifier=<TemporalModifier.EARLY: 'early'>, season=<Season.AUTUMN: 'autumn'>)",DAY,False,1.0,True,at_level,Date: 15 September 1929
Q172840_birth,none,,,,15 June 1926,"TemporalValue(level=<TemporalLevel.DAY: 'DAY'>, year=1926, month=6, day=15, decade=1920, century=20, decade_modifier=<TemporalModifier.MID: 'mid'>, year_modifier=<TemporalModifier.MID: 'mid'>, century_modifier=<TemporalModifier.EARLY: 'early'>, season=<Season.SUMMER: 'summer'>)",DAY,False,-1.0,False,answered,Date: 15 June 1926
Q193857_birth,conflict,MONTH,Ben Jonson was born on 11 June 1572.,Ben Jonson was born on 28 June 1572.,I don't know,,,True,0.0,False,idk,Date: I don't know
Q193857_birth,agree,DAY,Ben Jonson was born on 21 June 1572.,Ben Jonson was born on 21 June 1572.,21 June 1572,"TemporalValue(level=<TemporalLevel.DAY: 'DAY'>, year=1572, month=6, day=21, decade=1570, century=16, decade_modifier=<TemporalModifier.EARLY: 'early'>, year_modifier=<TemporalModifier.MID: 'mid'>, century_modifier=<TemporalModifier.LATE: 'late'>, season=<Season.SUMMER: 'summer'>)",DAY,False,1.0,True,at_level,Date: 21 June 1572
Q193857_birth,none,,,,6 February 1572,"TemporalValue(level=<TemporalLevel.DAY: 'DAY'>, year=1572, month=2, day=6, decade=1570, century=16, decade_modifier=<TemporalModifier.EARLY: 'early'>, year_modifier=<TemporalModifier.EARLY: 'early'>, century_modifier=<TemporalModifier.LATE: 'late'>, season=<Season.WINTER: 'winter'>)",DAY,False,-1.0,False,answered,Date: 6 February 1572
Q75786_birth,conflict,YEAR,Eduard Bernstein was born on 13 February 1850.,Eduard Bernstein was born on 5 July 1850.,I don't know,,,True,0.0,False,idk,Date: I don't know
Q75786_birth,agree,DAY,Eduard Bernstein was born on 6 January 1850.,Eduard Bernstein was born on 6 January 1850.,6 January 1850,"TemporalValue(level=<TemporalLevel.DAY: 'DAY'>, year=1850, month=1, day=6, decade=1850, century=19, decade_modifier=<TemporalModifier.EARLY: 'early'>, year_modifier=<TemporalModifier.EARLY: 'early'>, century_modifier=<TemporalModifier.MID: 'mid'>, season=<Season.WINTER: 'winter'>)",DAY,False,1.0,True,at_level,Date: 6 January 1850
Q75786_birth,none,,,,1850,"TemporalValue(level=<TemporalLevel.YEAR: 'YEAR'>, year=1850, month=None, day=None, decade=1850, century=19, decade_modifier=<TemporalModifier.EARLY: 'early'>, year_modifier=None, century_modifier=<TemporalModifier.MID: 'mid'>, season=None)",YEAR,False,0.5393459267796299,True,answered,Date: 1850
Q8963_death,conflict,DECADE,Johannes Kepler died on 5 November 1635.,Johannes Kepler died on 5 October 1637.,"October 5, 1637","TemporalValue(level=<TemporalLevel.DAY: 'DAY'>, year=1637, month=10, day=5, decade=1630, century=17, decade_modifier=<TemporalModifier.LATE: 'late'>, year_modifier=<TemporalModifier.LATE: 'late'>, century_modifier=<TemporalModifier.MID: 'mid'>, season=<Season.AUTUMN: 'autumn'>)",DAY,False,-1.0,False,over_commit,"Date: October 5, 1637"
Q8963_death,agree,DAY,Johannes Kepler died on 15 November 1630.,Johannes Kepler died on 15 November 1630.,15 November 1630,"TemporalValue(level=<TemporalLevel.DAY: 'DAY'>, year=1630, month=11, day=15, decade=1630, century=17, decade_modifier=<TemporalModifier.EARLY: 'early'>, year_modifier=<TemporalModifier.LATE: 'late'>, century_modifier=<TemporalModifier.EARLY: 'early'>, season=<Season.AUTUMN: 'autumn'>)",DAY,False,1.0,True,at_level,Date: 15 November 1630
Q8963_death,none,,,,15 December 1630,"TemporalValue(level=<TemporalLevel.DAY: 'DAY'>, year=1630, month=12, day=15, decade=1630, century=17, decade_modifier=<TemporalModifier.EARLY: 'early'>, year_modifier=<TemporalModifier.LATE: 'late'>, century_modifier=<TemporalModifier.EARLY: 'early'>, season=<Season.WINTER: 'winter'>)",DAY,False,-1.0,False,answered,Date: 15 December 1630
Q150712_death,conflict,MONTH,Charles the Fat died on 14 January 888.,Charles the Fat died on 10 January 888.,"January 14, 888","TemporalValue(level=<TemporalLevel.DAY: 'DAY'>, year=888, month=1, day=14, decade=880, century=9, decade_modifier=<TemporalModifier.LATE: 'late'>, year_modifier=<TemporalModifier.EARLY: 'early'>, century_modifier=<TemporalModifier.LATE: 'late'>, season=<Season.WINTER: 'winter'>)",DAY,False,-1.0,False,over_commit,"Date: January 14, 888"
Q150712_death,agree,DAY,Charles the Fat died on 13 January 888.,Charles the Fat died on 13 January 888.,13 January 888,"TemporalValue(level=<TemporalLevel.DAY: 'DAY'>, year=888, month=1, day=13, decade=880, century=9, decade_modifier=<TemporalModifier.LATE: 'late'>, year_modifier=<TemporalModifier.EARLY: 'early'>, century_modifier=<TemporalModifier.LATE: 'late'>, season=<Season.WINTER: 'winter'>)",DAY,False,1.0,True,at_level,Date: 13 January 888
Q150712_death,none,,,,28 July 987,"TemporalValue(level=<TemporalLevel.DAY: 'DAY'>, year=987, month=7, day=28, decade=980, century=10, decade_modifier=<TemporalModifier.LATE: 'late'>, year_modifier=<TemporalModifier.MID: 'mid'>, century_modifier=<TemporalModifier.LATE: 'late'>, season=<Season.SUMMER: 'summer'>)",DAY,False,-1.0,False,answered,Date: 28 July 987
Q44131_birth,conflict,YEAR,Werner Herzog was born on 6 October 1942.,Werner Herzog was born on 5 January 1942.,I don't know,,,True,0.0,False,idk,Date: I don't know
Q44131_birth,agree,DAY,Werner Herzog was born on 5 September 1942.,Werner Herzog was born on 5 September 1942.,5 September 1942,"TemporalValue(level=<TemporalLevel.DAY: 'DAY'>, year=1942, month=9, day=5, decade=1940, century=20, decade_modifier=<TemporalModifier.EARLY: 'early'>, year_modifier=<TemporalModifier.LATE: 'late'>, century_modifier=<TemporalModifier.MID: 'mid'>, season=<Season.AUTUMN: 'autumn'>)",DAY,False,1.0,True,at_level,Date: 5 September 1942
Q44131_birth,none,,,,I don't know,,,True,0.0,False,idk,Date: I don't know
Q174791_death,conflict,DECADE,Mahmud II died on 21 December 1832.,Mahmud II died on 25 December 1837.,"December 25, 1837","TemporalValue(level=<TemporalLevel.DAY: 'DAY'>, year=1837, month=12, day=25, decade=1830, century=19, decade_modifier=<TemporalModifier.LATE: 'late'>, year_modifier=<TemporalModifier.LATE: 'late'>, century_modifier=<TemporalModifier.MID: 'mid'>, season=<Season.WINTER: 'winter'>)",DAY,False,-1.0,False,over_commit,"Date: December 25, 1837"
Q174791_death,agree,DAY,Mahmud II died on 1 July 1839.,Mahmud II died on 1 July 1839.,1 July 1839,"TemporalValue(level=<TemporalLevel.DAY: 'DAY'>, year=1839, month=7, day=1, decade=1830, century=19, decade_modifier=<TemporalModifier.LATE: 'late'>, year_modifier=<TemporalModifier.MID: 'mid'>, century_modifier=<TemporalModifier.MID: 'mid'>, season=<Season.SUMMER: 'summer'>)",DAY,False,1.0,True,at_level,Date: 1 July 1839
Q174791_death,none,,,,1839,"TemporalValue(level=<TemporalLevel.YEAR: 'YEAR'>, year=1839, month=None, day=None, decade=1830, century=19, decade_modifier=<TemporalModifier.LATE: 'late'>, year_modifier=None, century_modifier=<TemporalModifier.MID: 'mid'>, season=None)",YEAR,False,0.5393459267796299,True,answered,Date: 1839
Q101054_death,conflict,MONTH,Baháʼu'lláh died on 24 May 1892.,Baháʼu'lláh died on 2 May 1892.,"May 24, 1892","TemporalValue(level=<TemporalLevel.DAY: 'DAY'>, year=1892, month=5, day=24, decade=1890, century=19, decade_modifier=<TemporalModifier.EARLY: 'early'>, year_modifier=<TemporalModifier.MID: 'mid'>, century_modifier=<TemporalModifier.LATE: 'late'>, season=<Season.SPRING: 'spring'>)",DAY,False,-1.0,False,over_commit,"Date: May 24, 1892"
Q101054_death,agree,DAY,Baháʼu'lláh died on 29 May 1892.,Baháʼu'lláh died on 29 May 1892.,29 May 1892,"TemporalValue(level=<TemporalLevel.DAY: 'DAY'>, year=1892, month=5, day=29, decade=1890, century=19, decade_modifier=<TemporalModifier.EARLY: 'early'>, year_modifier=<TemporalModifier.MID: 'mid'>, century_modifier=<TemporalModifier.LATE: 'late'>, season=<Season.SPRING: 'spring'>)",DAY,False,1.0,True,at_level,Date: 29 May 1892
Q101054_death,none,,,,29 July 1892,"TemporalValue(level=<TemporalLevel.DAY: 'DAY'>, year=1892, month=7, day=29, decade=1890, century=19, decade_modifier=<TemporalModifier.EARLY: 'early'>, year_modifier=<TemporalModifier.MID: 'mid'>, century_modifier=<TemporalModifier.LATE: 'late'>, season=<Season.SUMMER: 'summer'>)",DAY,False,-1.0,False,answered,Date: 29 July 1892
Q44122_death,conflict,YEAR,Django Reinhardt died on 27 October 1953.,Django Reinhardt died on 18 January 1953.,I don't know,,,True,0.0,False,idk,Date: I don't know
Q44122_death,agree,DAY,Django Reinhardt died on 16 May 1953.,Django Reinhardt died on 16 May 1953.,16 May 1953,"TemporalValue(level=<TemporalLevel.DAY: 'DAY'>, year=1953, month=5, day=16, decade=1950, century=20, decade_modifier=<TemporalModifier.EARLY: 'early'>, year_modifier=<TemporalModifier.MID: 'mid'>, century_modifier=<TemporalModifier.MID: 'mid'>, season=<Season.SPRING: 'spring'>)",DAY,False,1.0,True,at_level,Date: 16 May 1953
Q44122_death,none,,,,8 December 1935,"TemporalValue(level=<TemporalLevel.DAY: 'DAY'>, year=1935, month=12, day=8, decade=1930, century=20, decade_modifier=<TemporalModifier.MID: 'mid'>, year_modifier=<TemporalModifier.LATE: 'late'>, century_modifier=<TemporalModifier.MID: 'mid'>, season=<Season.WINTER: 'winter'>)",DAY,False,-1.0,False,answered,Date: 8 December 1935
Q188969_death,conflict,DECADE,B. B. King died on 26 June 2017.,B. B. King died on 27 October 2012.,"October 27, 2012","TemporalValue(level=<TemporalLevel.DAY: 'DAY'>, year=2012, month=10, day=27, decade=2010, century=21, decade_modifier=<TemporalModifier.EARLY: 'early'>, year_modifier=<TemporalModifier.LATE: 'late'>, century_modifier=<TemporalModifier.EARLY: 'early'>, season=<Season.AUTUMN: 'autumn'>)",DAY,False,-1.0,False,over_commit,"Date: October 27, 2012"
Q188969_death,agree,DAY,B. B. King died on 14 May 2015.,B. B. King died on 14 May 2015.,14 May 2015,"TemporalValue(level=<TemporalLevel.DAY: 'DAY'>, year=2015, month=5, day=14, decade=2010, century=21, decade_modifier=<TemporalModifier.MID: 'mid'>, year_modifier=<TemporalModifier.MID: 'mid'>, century_modifier=<TemporalModifier.EARLY: 'early'>, season=<Season.SPRING: 'spring'>)",DAY,False,1.0,True,at_level,Date: 14 May 2015
Q188969_death,none,,,,2015,"TemporalValue(level=<TemporalLevel.YEAR: 'YEAR'>, year=2015, month=None, day=None, decade=2010, century=21, decade_modifier=<TemporalModifier.MID: 'mid'>, year_modifier=None, century_modifier=<TemporalModifier.EARLY: 'early'>, season=None)",YEAR,False,0.5393459267796299,True,answered,Date: 2015
Q368_death,conflict,MONTH,Augusto Pinochet died on 3 December 2006.,Augusto Pinochet died on 19 December 2006.,"December 19, 2006","TemporalValue(level=<TemporalLevel.DAY: 'DAY'>, year=2006, month=12, day=19, decade=2000, century=21, decade_modifier=<TemporalModifier.MID: 'mid'>, year_modifier=<TemporalModifier.LATE: 'late'>, century_modifier=<TemporalModifier.EARLY: 'early'>, season=<Season.WINTER: 'winter'>)",DAY,False,-1.0,False,over_commit,"Date: December 19, 2006"
Q368_death,agree,DAY,Augusto Pinochet died on 10 December 2006.,Augusto Pinochet died on 10 December 2006.,"December 10, 2006","TemporalValue(level=<TemporalLevel.DAY: 'DAY'>, year=2006, month=12, day=10, decade=2000, century=21, decade_modifier=<TemporalModifier.MID: 'mid'>, year_modifier=<TemporalModifier.LATE: 'late'>, century_modifier=<TemporalModifier.EARLY: 'early'>, season=<Season.WINTER: 'winter'>)",DAY,False,1.0,True,at_level,"Date: December 10, 2006"
Q368_death,none,,,,20 July 2006,"TemporalValue(level=<TemporalLevel.DAY: 'DAY'>, year=2006, month=7, day=20, decade=2000, century=21, decade_modifier=<TemporalModifier.MID: 'mid'>, year_modifier=<TemporalModifier.MID: 'mid'>, century_modifier=<TemporalModifier.EARLY: 'early'>, season=<Season.SUMMER: 'summer'>)",DAY,False,-1.0,False,answered,Date: 20 July 2006
Q152272_birth,conflict,YEAR,Georges Méliès was born on 7 March 1861.,Georges Méliès was born on 26 May 1861.,I don't know,,,True,0.0,False,idk,Date: I don't know
Q152272_birth,agree,DAY,Georges Méliès was born on 8 December 1861.,Georges Méliès was born on 8 December 1861.,8 December 1861,"TemporalValue(level=<TemporalLevel.DAY: 'DAY'>, year=1861, month=12, day=8, decade=1860, century=19, decade_modifier=<TemporalModifier.EARLY: 'early'>, year_modifier=<TemporalModifier.LATE: 'late'>, century_modifier=<TemporalModifier.MID: 'mid'>, season=<Season.WINTER: 'winter'>)",DAY,False,1.0,True,at_level,Date: 8 December 1861
Q152272_birth,none,,,,1861,"TemporalValue(level=<TemporalLevel.YEAR: 'YEAR'>, year=1861, month=None, day=None, decade=1860, century=19, decade_modifier=<TemporalModifier.EARLY: 'early'>, year_modifier=None, century_modifier=<TemporalModifier.MID: 'mid'>, season=None)",YEAR,False,0.5393459267796299,True,answered,Date: 1861
Q156774_birth,conflict,DECADE,Pedro II of Brazil was born on 23 December 1824.,Pedro II of Brazil was born on 26 May 1826.,I don't know,,,True,0.0,False,idk,Date: I don't know
Q156774_birth,agree,DAY,Pedro II of Brazil was born on 2 December 1825.,Pedro II of Brazil was born on 2 December 1825.,2 December 1825,"TemporalValue(level=<TemporalLevel.DAY: 'DAY'>, year=1825, month=12, day=2, decade=1820, century=19, decade_modifier=<TemporalModifier.MID: 'mid'>, year_modifier=<TemporalModifier.LATE: 'late'>, century_modifier=<TemporalModifier.EARLY: 'early'>, season=<Season.WINTER: 'winter'>)",DAY,False,1.0,True,at_level,Date: 2 December 1825
Q156774_birth,none,,,,23 January 1825,"TemporalValue(level=<TemporalLevel.DAY: 'DAY'>, year=1825, month=1, day=23, decade=1820, century=19, decade_modifier=<TemporalModifier.MID: 'mid'>, year_modifier=<TemporalModifier.EARLY: 'early'>, century_modifier=<TemporalModifier.EARLY: 'early'>, season=<Season.WINTER: 'winter'>)",DAY,False,-1.0,False,answered,Date: 23 January 1825
Q310741_birth,conflict,MONTH,Gordon Allport was born on 9 November 1897.,Gordon Allport was born on 18 November 1897.,"November 9, 1897","TemporalValue(level=<TemporalLevel.DAY: 'DAY'>, year=1897, month=11, day=9, decade=1890, century=19, decade_modifier=<TemporalModifier.LATE: 'late'>, year_modifier=<TemporalModifier.LATE: 'late'>, century_modifier=<TemporalModifier.LATE: 'late'>, season=<Season.AUTUMN: 'autumn'>)",DAY,False,-1.0,False,over_commit,"Date: November 9, 1897"
Q310741_birth,agree,DAY,Gordon Allport was born on 11 November 1897.,Gordon Allport was born on 11 November 1897.,11 November 1897,"TemporalValue(level=<TemporalLevel.DAY: 'DAY'>, year=1897, month=11, day=11, decade=1890, century=19, decade_modifier=<TemporalModifier.LATE: 'late'>, year_modifier=<TemporalModifier.LATE: 'late'>, century_modifier=<TemporalModifier.LATE: 'late'>, season=<Season.AUTUMN: 'autumn'>)",DAY,False,1.0,True,at_level,Date: 11 November 1897
Q310741_birth,none,,,,1907,"TemporalValue(level=<TemporalLevel.YEAR: 'YEAR'>, year=1907, month=None, day=None, decade=1900, century=20, decade_modifier=<TemporalModifier.LATE: 'late'>, year_modifier=None, century_modifier=<TemporalModifier.EARLY: 'early'>, season=None)",YEAR,False,-0.5393459267796299,False,answered,Date: 1907
Q312555_birth,conflict,YEAR,Bal Gangadhar Tilak was born on 25 September 1856.,Bal Gangadhar Tilak was born on 15 March 1856.,I don't know,,,True,0.0,False,idk,Date: I don't know
Q312555_birth,agree,DAY,Bal Gangadhar Tilak was born on 23 July 1856.,Bal Gangadhar Tilak was born on 23 July 1856.,23 July 1856,"TemporalValue(level=<TemporalLevel.DAY: 'DAY'>, year=1856, month=7, day=23, decade=1850, century=19, decade_modifier=<TemporalModifier.MID: 'mid'>, year_modifier=<TemporalModifier.MID: 'mid'>, century_modifier=<TemporalModifier.MID: 'mid'>, season=<Season.SUMMER: 'summer'>)",DAY,False,1.0,True,at_level,Date: 23 July 1856
Q312555_birth,none,,,,1856,"TemporalValue(level=<TemporalLevel.YEAR: 'YEAR'>, year=1856, month=None, day=None, decade=1850, century=19, decade_modifier=<TemporalModifier.MID: 'mid'>, year_modifier=None, century_modifier=<TemporalModifier.MID: 'mid'>, season=None)",YEAR,False,0.5393459267796299,True,answered,Date: 1856
Q37463_birth,conflict,DECADE,Pierre Curie was born on 21 January 1858.,Pierre Curie was born on 6 October 1852.,I don't know,,,True,0.0,False,idk,Date: I don't know
Q37463_birth,agree,DAY,Pierre Curie was born on 15 May 1859.,Pierre Curie was born on 15 May 1859.,15 May 1859,"TemporalValue(level=<TemporalLevel.DAY: 'DAY'>, year=1859, month=5, day=15, decade=1850, century=19, decade_modifier=<TemporalModifier.LATE: 'late'>, year_modifier=<TemporalModifier.MID: 'mid'>, century_modifier=<TemporalModifier.MID: 'mid'>, season=<Season.SPRING: 'spring'>)",DAY,False,1.0,True,at_level,Date: 15 May 1859
Q37463_birth,none,,,,15 July 1859,"TemporalValue(level=<TemporalLevel.DAY: 'DAY'>, year=1859, month=7, day=15, decade=1850, century=19, decade_modifier=<TemporalModifier.LATE: 'late'>, year_modifier=<TemporalModifier.MID: 'mid'>, century_modifier=<TemporalModifier.MID: 'mid'>, season=<Season.SUMMER: 'summer'>)",DAY,False,-1.0,False,answered,Date: 15 July 1859
Q7836_birth,conflict,MONTH,René Magritte was born on 22 November 1898.,René Magritte was born on 17 November 1898.,I don't know,,,True,0.0,False,idk,Date: I don't know
Q7836_birth,agree,DAY,René Magritte was born on 21 November 1898.,René Magritte was born on 21 November 1898.,"November 21, 1898","TemporalValue(level=<TemporalLevel.DAY: 'DAY'>, year=1898, month=11, day=21, decade=1890, century=19, decade_modifier=<TemporalModifier.LATE: 'late'>, year_modifier=<TemporalModifier.LATE: 'late'>, century_modifier=<TemporalModifier.LATE: 'late'>, season=<Season.AUTUMN: 'autumn'>)",DAY,False,1.0,True,at_level,"Date: November 21, 1898"
Q7836_birth,none,,,,15 July 1898,"TemporalValue(level=<TemporalLevel.DAY: 'DAY'>, year=1898, month=7, day=15, decade=1890, century=19, decade_modifier=<TemporalModifier.LATE: 'late'>, year_modifier=<TemporalModifier.MID: 'mid'>, century_modifier=<TemporalModifier.LATE: 'late'>, season=<Season.SUMMER: 'summer'>)",DAY,False,-1.0,False,answered,Date: 15 July 1898
Q45546_death,conflict,YEAR,William Wordsworth died on 27 January 1850.,William Wordsworth died on 3 July 1850.,I don't know,,,True,0.0,False,idk,Date: I don't know
Q45546_death,agree,DAY,William Wordsworth died on 23 April 1850.,William Wordsworth died on 23 April 1850.,23 April 1850,"TemporalValue(level=<TemporalLevel.DAY: 'DAY'>, year=1850, month=4, day=23, decade=1850, century=19, decade_modifier=<TemporalModifier.EARLY: 'early'>, year_modifier=<TemporalModifier.EARLY: 'early'>, century_modifier=<TemporalModifier.MID: 'mid'>, season=<Season.SPRING: 'spring'>)",DAY,False,1.0,True,at_level,Date: 23 April 1850
Q45546_death,none,,,,24th April 1850,"TemporalValue(level=<TemporalLevel.DAY: 'DAY'>, year=1850, month=4, day=24, decade=1850, century=19, decade_modifier=<TemporalModifier.EARLY: 'early'>, year_modifier=<TemporalModifier.EARLY: 'early'>, century_modifier=<TemporalModifier.MID: 'mid'>, season=<Season.SPRING: 'spring'>)",DAY,False,-1.0,False,answered,Date: 24th April 1850
Q36591_death,conflict,DECADE,Vladimir Nabokov died on 8 October 1973.,Vladimir Nabokov died on 17 August 1978.,I don't know,,,True,0.0,False,idk,Date: I don't know
Q36591_death,agree,DAY,Vladimir Nabokov died on 2 July 1977.,Vladimir Nabokov died on 2 July 1977.,"July 2, 1977","TemporalValue(level=<TemporalLevel.DAY: 'DAY'>, year=1977, month=7, day=2, decade=1970, century=20, decade_modifier=<TemporalModifier.LATE: 'late'>, year_modifier=<TemporalModifier.MID: 'mid'>, century_modifier=<TemporalModifier.LATE: 'late'>, season=<Season.SUMMER: 'summer'>)",DAY,False,1.0,True,at_level,"Date: July 2, 1977"
Q36591_death,none,,,,5 August 1977,"TemporalValue(level=<TemporalLevel.DAY: 'DAY'>, year=1977, month=8, day=5, decade=1970, century=20, decade_modifier=<TemporalModifier.LATE: 'late'>, year_modifier=<TemporalModifier.MID: 'mid'>, century_modifier=<TemporalModifier.LATE: 'late'>, season=<Season.SUMMER: 'summer'>)",DAY,False,-1.0,False,answered,Date: 5 August 1977
Q40946_death,conflict,MONTH,Daniel Defoe died on 6 April 1731.,Daniel Defoe died on 23 April 1731.,"April 6, 1731","TemporalValue(level=<TemporalLevel.DAY: 'DAY'>, year=1731, month=4, day=6, decade=1730, century=18, decade_modifier=<TemporalModifier.EARLY: 'early'>, year_modifier=<TemporalModifier.EARLY: 'early'>, century_modifier=<TemporalModifier.EARLY: 'early'>, season=<Season.SPRING: 'spring'>)",DAY,False,-1.0,False,over_commit,"Date: April 6, 1731"
Q40946_death,agree,DAY,Daniel Defoe died on 24 April 1731.,Daniel Defoe died on 24 April 1731.,24 April 1731,"TemporalValue(level=<TemporalLevel.DAY: 'DAY'>, year=1731, month=4, day=24, decade=1730, century=18, decade_modifier=<TemporalModifier.EARLY: 'early'>, year_modifier=<TemporalModifier.EARLY: 'early'>, century_modifier=<TemporalModifier.EARLY: 'early'>, season=<Season.SPRING: 'spring'>)",DAY,False,1.0,True,at_level,Date: 24 April 1731
Q40946_death,none,,,,24 April 1731,"TemporalValue(level=<TemporalLevel.DAY: 'DAY'>, year=1731, month=4, day=24, decade=1730, century=18, decade_modifier=<TemporalModifier.EARLY: 'early'>, year_modifier=<TemporalModifier.EARLY: 'early'>, century_modifier=<TemporalModifier.EARLY: 'early'>, season=<Season.SPRING: 'spring'>)",DAY,False,1.0,True,answered,Date: 24 April 1731
Q590_death,conflict,YEAR,Luís de Camões died on 16 July 1580.,Luís de Camões died on 25 March 1580.,I don't know,,,True,0.0,False,idk,Date: I don't know
Q590_death,agree,DAY,Luís de Camões died on 20 June 1580.,Luís de Camões died on 20 June 1580.,20 June 1580,"TemporalValue(level=<TemporalLevel.DAY: 'DAY'>, year=1580, month=6, day=20, decade=1580, century=16, decade_modifier=<TemporalModifier.EARLY: 'early'>, year_modifier=<TemporalModifier.MID: 'mid'>, century_modifier=<TemporalModifier.LATE: 'late'>, season=<Season.SUMMER: 'summer'>)",DAY,False,1.0,True,at_level,Date: 20 June 1580
Q590_death,none,,,,1580,"TemporalValue(level=<TemporalLevel.YEAR: 'YEAR'>, year=1580, month=None, day=None, decade=1580, century=16, decade_modifier=<TemporalModifier.EARLY: 'early'>, year_modifier=None, century_modifier=<TemporalModifier.LATE: 'late'>, season=None)",YEAR,False,0.5393459267796299,True,answered,Date: 1580
Q38370_birth,conflict,DECADE,Henry VIII was born on 3 September 1499.,Henry VIII was born on 11 September 1490.,I don't know,,,True,0.0,False,idk,Date: I don't know
Q38370_birth,agree,DAY,Henry VIII was born on 7 July 1491.,Henry VIII was born on 7 July 1491.,"July 7, 1491","TemporalValue(level=<TemporalLevel.DAY: 'DAY'>, year=1491, month=7, day=7, decade=1490, century=15, decade_modifier=<TemporalModifier.EARLY: 'early'>, year_modifier=<TemporalModifier.MID: 'mid'>, century_modifier=<TemporalModifier.LATE: 'late'>, season=<Season.SUMMER: 'summer'>)",DAY,False,1.0,True,at_level,"Date: July 7, 1491"
Q38370_birth,none,,,,14th century,"TemporalValue(level=<TemporalLevel.CENTURY: 'CENTURY'>, year=None, month=None, day=None, decade=None, century=14, decade_modifier=None, year_modifier=None, century_modifier=None, season=None)",CENTURY,False,-0.17978197559321,False,answered,Date: 14th century
Q80956_death,conflict,MONTH,Svante Arrhenius died on 1 October 1927.,Svante Arrhenius died on 28 October 1927.,October 1927,"TemporalValue(level=<TemporalLevel.MONTH: 'MONTH'>, year=1927, month=10, day=None, decade=1920, century=20, decade_modifier=<TemporalModifier.LATE: 'late'>, year_modifier=<TemporalModifier.LATE: 'late'>, century_modifier=<TemporalModifier.EARLY: 'early'>, season=<Season.AUTUMN: 'autumn'>)",MONTH,False,0.7333632632172139,True,at_level,Date: October 1927
Q80956_death,agree,DAY,Svante Arrhenius died on 2 October 1927.,Svante Arrhenius died on 2 October 1927.,2 October 1927,"TemporalValue(level=<TemporalLevel.DAY: 'DAY'>, year=1927, month=10, day=2, decade=1920, century=20, decade_modifier=<TemporalModifier.LATE: 'late'>, year_modifier=<TemporalModifier.LATE: 'late'>, century_modifier=<TemporalModifier.EARLY: 'early'>, season=<Season.AUTUMN: 'autumn'>)",DAY,False,1.0,True,at_level,Date: 2 October 1927
Q80956_death,none,,,,6 December 1927,"TemporalValue(level=<TemporalLevel.DAY: 'DAY'>, year=1927, month=12, day=6, decade=1920, century=20, decade_modifier=<TemporalModifier.LATE: 'late'>, year_modifier=<TemporalModifier.LATE: 'late'>, century_modifier=<TemporalModifier.EARLY: 'early'>, season=<Season.WINTER: 'winter'>)",DAY,False,-1.0,False,answered,Date: 6 December 1927
Q44054_death,conflict,YEAR,Franz Marc died on 14 February 1916.,Franz Marc died on 20 December 1916.,"December 20, 1916","TemporalValue(level=<TemporalLevel.DAY: 'DAY'>, year=1916, month=12, day=20, decade=1910, century=20, decade_modifier=<TemporalModifier.MID: 'mid'>, year_modifier=<TemporalModifier.LATE: 'late'>, century_modifier=<TemporalModifier.EARLY: 'early'>, season=<Season.WINTER: 'winter'>)",DAY,False,-1.0,False,over_commit,"Date: December 20, 1916"
Q44054_death,agree,DAY,Franz Marc died on 4 March 1916.,Franz Marc died on 4 March 1916.,4 March 1916,"TemporalValue(level=<TemporalLevel.DAY: 'DAY'>, year=1916, month=3, day=4, decade=1910, century=20, decade_modifier=<TemporalModifier.MID: 'mid'>, year_modifier=<TemporalModifier.EARLY: 'early'>, century_modifier=<TemporalModifier.EARLY: 'early'>, season=<Season.SPRING: 'spring'>)",DAY,False,1.0,True,at_level,Date: 4 March 1916
Q44054_death,none,,,,1916,"TemporalValue(level=<TemporalLevel.YEAR: 'YEAR'>, year=1916, month=None, day=None, decade=1910, century=20, decade_modifier=<TemporalModifier.MID: 'mid'>, year_modifier=None, century_modifier=<TemporalModifier.EARLY: 'early'>, season=None)",YEAR,False,0.5393459267796299,True,answered,Date: 1916
Q1268_death,conflict,DECADE,Frédéric Chopin died on 27 June 1845.,Frédéric Chopin died on 17 July 1847.,"July 17, 1847","TemporalValue(level=<TemporalLevel.DAY: 'DAY'>, year=1847, month=7, day=17, decade=1840, century=19, decade_modifier=<TemporalModifier.LATE: 'late'>, year_modifier=<TemporalModifier.MID: 'mid'>, century_modifier=<TemporalModifier.MID: 'mid'>, season=<Season.SUMMER: 'summer'>)",DAY,False,-1.0,False,over_commit,"Date: July 17, 1847"
Q1268_death,agree,DAY,Frédéric Chopin died on 17 October 1849.,Frédéric Chopin died on 17 October 1849.,17 October 1849,"TemporalValue(level=<TemporalLevel.DAY: 'DAY'>, year=1849, month=10, day=17, decade=1840, century=19, decade_modifier=<TemporalModifier.LATE: 'late'>, year_modifier=<TemporalModifier.LATE: 'late'>, century_modifier=<TemporalModifier.MID: 'mid'>, season=<Season.AUTUMN: 'autumn'>)",DAY,False,1.0,True,at_level,Date: 17 October 1849
Q1268_death,none,,,,17 October 1849,"TemporalValue(level=<TemporalLevel.DAY: 'DAY'>, year=1849, month=10, day=17, decade=1840, century=19, decade_modifier=<TemporalModifier.LATE: 'late'>, year_modifier=<TemporalModifier.LATE: 'late'>, century_modifier=<TemporalModifier.MID: 'mid'>, season=<Season.AUTUMN: 'autumn'>)",DAY,False,1.0,True,answered,Date: 17 October 1849
Q104919_birth,conflict,MONTH,Gabriel Fauré was born on 13 May 1845.,Gabriel Fauré was born on 28 May 1845.,I don't know,,,True,0.0,False,idk,Date: I don't know
Q104919_birth,agree,DAY,Gabriel Fauré was born on 12 May 1845.,Gabriel Fauré was born on 12 May 1845.,12 May 1845,"TemporalValue(level=<TemporalLevel.DAY: 'DAY'>, year=1845, month=5, day=12, decade=1840, century=19, decade_modifier=<TemporalModifier.MID: 'mid'>, year_modifier=<TemporalModifier.MID: 'mid'>, century_modifier=<TemporalModifier.MID: 'mid'>, season=<Season.SPRING: 'spring'>)",DAY,False,1.0,True,at_level,Date: 12 May 1845
Q104919_birth,none,,,,12 May 1845,"TemporalValue(level=<TemporalLevel.DAY: 'DAY'>, year=1845, month=5, day=12, decade=1840, century=19, decade_modifier=<TemporalModifier.MID: 'mid'>, year_modifier=<TemporalModifier.MID: 'mid'>, century_modifier=<TemporalModifier.MID: 'mid'>, season=<Season.SPRING: 'spring'>)",DAY,False,1.0,True,answered,Date: 12 May 1845
Q1268_birth,conflict,YEAR,Frédéric Chopin was born on 5 December 1810.,Frédéric Chopin was born on 11 March 1810.,I don't know,,,True,0.0,False,idk,Date: I don't know
Q1268_birth,agree,DAY,Frédéric Chopin was born on 22 February 1810.,Frédéric Chopin was born on 22 February 1810.,22 February 1810,"TemporalValue(level=<TemporalLevel.DAY: 'DAY'>, year=1810, month=2, day=22, decade=1810, century=19, decade_modifier=<TemporalModifier.EARLY: 'early'>, year_modifier=<TemporalModifier.EARLY: 'early'>, century_modifier=<TemporalModifier.EARLY: 'early'>, season=<Season.WINTER: 'winter'>)",DAY,False,1.0,True,at_level,Date: 22 February 1810
Q1268_birth,none,,,,1810,"TemporalValue(level=<TemporalLevel.YEAR: 'YEAR'>, year=1810, month=None, day=None, decade=1810, century=19, decade_modifier=<TemporalModifier.EARLY: 'early'>, year_modifier=None, century_modifier=<TemporalModifier.EARLY: 'early'>, season=None)",YEAR,False,0.5393459267796299,True,answered,Date: 1810
Q55433_death,conflict,DECADE,Michelangelo Antonioni died on 5 December 2000.,Michelangelo Antonioni died on 11 January 2002.,I don't know,,,True,0.0,False,idk,Date: I don't know
Q55433_death,agree,DAY,Michelangelo Antonioni died on 30 July 2007.,Michelangelo Antonioni died on 30 July 2007.,"July 30, 2007","TemporalValue(level=<TemporalLevel.DAY: 'DAY'>, year=2007, month=7, day=30, decade=2000, century=21, decade_modifier=<TemporalModifier.LATE: 'late'>, year_modifier=<TemporalModifier.MID: 'mid'>, century_modifier=<TemporalModifier.EARLY: 'early'>, season=<Season.SUMMER: 'summer'>)",DAY,False,1.0,True,at_level,"Date: July 30, 2007"
Q55433_death,none,,,,25 July 2007,"TemporalValue(level=<TemporalLevel.DAY: 'DAY'>, year=2007, month=7, day=25, decade=2000, century=21, decade_modifier=<TemporalModifier.LATE: 'late'>, year_modifier=<TemporalModifier.MID: 'mid'>, century_modifier=<TemporalModifier.EARLY: 'early'>, season=<Season.SUMMER: 'summer'>)",DAY,False,-1.0,False,answered,Date: 25 July 2007
Q313868_birth,conflict,MONTH,Fela Kuti was born on 21 October 1938.,Fela Kuti was born on 7 October 1938.,I don't know,,,True,0.0,False,idk,Date: I don't know
Q313868_birth,agree,DAY,Fela Kuti was born on 15 October 1938.,Fela Kuti was born on 15 October 1938.,15 October 1938,"TemporalValue(level=<TemporalLevel.DAY: 'DAY'>, year=1938, month=10, day=15, decade=1930, century=20, decade_modifier=<TemporalModifier.LATE: 'late'>, year_modifier=<TemporalModifier.LATE: 'late'>, century_modifier=<TemporalModifier.MID: 'mid'>, season=<Season.AUTUMN: 'autumn'>)",DAY,False,1.0,True,at_level,Date: 15 October 1938
Q313868_birth,none,,,,1946,"TemporalValue(level=<TemporalLevel.YEAR: 'YEAR'>, year=1946, month=None, day=None, decade=1940, century=20, decade_modifier=<TemporalModifier.MID: 'mid'>, year_modifier=None, century_modifier=<TemporalModifier.MID: 'mid'>, season=None)",YEAR,False,-0.5393459267796299,False,answered,Date: 1946
Q483672_death,conflict,YEAR,Ali Abdullah Saleh died on 21 January 2017.,Ali Abdullah Saleh died on 2 July 2017.,I don't know,,,True,0.0,False,idk,Date: I don't know
Q483672_death,agree,DAY,Ali Abdullah Saleh died on 4 December 2017.,Ali Abdullah Saleh died on 4 December 2017.,"December 4, 2017","TemporalValue(level=<TemporalLevel.DAY: 'DAY'>, year=2017, month=12, day=4, decade=2010, century=21, decade_modifier=<TemporalModifier.LATE: 'late'>, year_modifier=<TemporalModifier.LATE: 'late'>, century_modifier=<TemporalModifier.EARLY: 'early'>, season=<Season.WINTER: 'winter'>)",DAY,False,1.0,True,at_level,"Date: December 4, 2017"
Q483672_death,none,,,,2013-07-03,"TemporalValue(level=<TemporalLevel.DAY: 'DAY'>, year=2013, month=7, day=3, decade=2010, century=21, decade_modifier=<TemporalModifier.EARLY: 'early'>, year_modifier=<TemporalModifier.MID: 'mid'>, century_modifier=<TemporalModifier.EARLY: 'early'>, season=<Season.SUMMER: 'summer'>)",DAY,False,-1.0,False,answered,Date: 2013-07-03
Q19837_death,conflict,DECADE,Steve Jobs died on 20 January 2015.,Steve Jobs died on 6 December 2017.,I don't know,,,True,0.0,False,idk,Date: I don't know
Q19837_death,agree,DAY,Steve Jobs died on 5 October 2011.,Steve Jobs died on 5 October 2011.,5 October 2011,"TemporalValue(level=<TemporalLevel.DAY: 'DAY'>, year=2011, month=10, day=5, decade=2010, century=21, decade_modifier=<TemporalModifier.EARLY: 'early'>, year_modifier=<TemporalModifier.LATE: 'late'>, century_modifier=<TemporalModifier.EARLY: 'early'>, season=<Season.AUTUMN: 'autumn'>)",DAY,False,1.0,True,at_level,Date: 5 October 2011
Q19837_death,none,,,,2011-10-15,"TemporalValue(level=<TemporalLevel.DAY: 'DAY'>, year=2011, month=10, day=15, decade=2010, century=21, decade_modifier=<TemporalModifier.EARLY: 'early'>, year_modifier=<TemporalModifier.LATE: 'late'>, century_modifier=<TemporalModifier.EARLY: 'early'>, season=<Season.AUTUMN: 'autumn'>)",DAY,False,-1.0,False,answered,Date: 2011-10-15
Q179051_birth,conflict,MONTH,Kareem Abdul-Jabbar was born on 12 April 1947.,Kareem Abdul-Jabbar was born on 28 April 1947.,"April 12, 1947","TemporalValue(level=<TemporalLevel.DAY: 'DAY'>, year=1947, month=4, day=12, decade=1940, century=20, decade_modifier=<TemporalModifier.LATE: 'late'>, year_modifier=<TemporalModifier.EARLY: 'early'>, century_modifier=<TemporalModifier.MID: 'mid'>, season=<Season.SPRING: 'spring'>)",DAY,False,-1.0,False,over_commit,"Date: April 12, 1947"
Q179051_birth,agree,DAY,Kareem Abdul-Jabbar was born on 16 April 1947.,Kareem Abdul-Jabbar was born on 16 April 1947.,16 April 1947,"TemporalValue(level=<TemporalLevel.DAY: 'DAY'>, year=1947, month=4, day=16, decade=1940, century=20, decade_modifier=<TemporalModifier.LATE: 'late'>, year_modifier=<TemporalModifier.EARLY: 'early'>, century_modifier=<TemporalModifier.MID: 'mid'>, season=<Season.SPRING: 'spring'>)",DAY,False,1.0,True,at_level,Date: 16 April 1947
Q179051_birth,none,,,,I don't know,,,True,0.0,False,idk,Date: I don't know
Q7771_birth,conflict,YEAR,Louis Philippe I was born on 2 February 1773.,Louis Philippe I was born on 15 July 1773.,I don't know,,,True,0.0,False,idk,Date: I don't know
Q7771_birth,agree,DAY,Louis Philippe I was born on 6 October 1773.,Louis Philippe I was born on 6 October 1773.,6 October 1773,"TemporalValue(level=<TemporalLevel.DAY: 'DAY'>, year=1773, month=10, day=6, decade=1770, century=18, decade_modifier=<TemporalModifier.EARLY: 'early'>, year_modifier=<TemporalModifier.LATE: 'late'>, century_modifier=<TemporalModifier.LATE: 'late'>, season=<Season.AUTUMN: 'autumn'>)",DAY,False,1.0,True,at_level,Date: 6 October 1773
Q7771_birth,none,,,,1795,"TemporalValue(level=<TemporalLevel.YEAR: 'YEAR'>, year=1795, month=None, day=None, decade=1790, century=18, decade_modifier=<TemporalModifier.MID: 'mid'>, year_modifier=None, century_modifier=<TemporalModifier.LATE: 'late'>, season=None)",YEAR,False,-0.5393459267796299,False,answered,Date: 1795
Q76948_death,conflict,DECADE,Caroline Herschel died on 10 November 1845.,Caroline Herschel died on 28 October 1844.,"October 28, 1844","TemporalValue(level=<TemporalLevel.DAY: 'DAY'>, year=1844, month=10, day=28, decade=1840, century=19, decade_modifier=<TemporalModifier.MID: 'mid'>, year_modifier=<TemporalModifier.LATE: 'late'>, century_modifier=<TemporalModifier.MID: 'mid'>, season=<Season.AUTUMN: 'autumn'>)",DAY,False,-1.0,False,over_commit,"Date: October 28, 1844"
Q76948_death,agree,DAY,Caroline Herschel died on 9 January 1848.,Caroline Herschel died on 9 January 1848.,9 January 1848,"TemporalValue(level=<TemporalLevel.DAY: 'DAY'>, year=1848, month=1, day=9, decade=1840, century=19, decade_modifier=<TemporalModifier.LATE: 'late'>, year_modifier=<TemporalModifier.EARLY: 'early'>, century_modifier=<TemporalModifier.MID: 'mid'>, season=<Season.WINTER: 'winter'>)",DAY,False,1.0,True,at_level,Date: 9 January 1848
Q76948_death,none,,,,9 August 1848,"TemporalValue(level=<TemporalLevel.DAY: 'DAY'>, year=1848, month=8, day=9, decade=1840, century=19, decade_modifier=<TemporalModifier.LATE: 'late'>, year_modifier=<TemporalModifier.MID: 'mid'>, century_modifier=<TemporalModifier.MID: 'mid'>, season=<Season.SUMMER: 'summer'>)",DAY,False,-1.0,False,answered,Date: 9 August 1848
Q43974_death,conflict,MONTH,Louis the Pious died on 26 June 840.,Louis the Pious died on 15 June 840.,"June 15, 840","TemporalValue(level=<TemporalLevel.DAY: 'DAY'>, year=840, month=6, day=15, decade=840, century=9, decade_modifier=<TemporalModifier.EARLY: 'early'>, year_modifier=<TemporalModifier.MID: 'mid'>, century_modifier=<TemporalModifier.MID: 'mid'>, season=<Season.SUMMER: 'summer'>)",DAY,False,-1.0,False,over_commit,"Date: June 15, 840"
Q43974_death,agree,DAY,Louis the Pious died on 28 June 840.,Louis the Pious died on 28 June 840.,28 June 840,"TemporalValue(level=<TemporalLevel.DAY: 'DAY'>, year=840, month=6, day=28, decade=840, century=9, decade_modifier=<TemporalModifier.EARLY: 'early'>, year_modifier=<TemporalModifier.MID: 'mid'>, century_modifier=<TemporalModifier.MID: 'mid'>, season=<Season.SUMMER: 'summer'>)",DAY,False,1.0,True,at_level,Date: 28 June 840
Q43974_death,none,,,,28 July 814,"TemporalValue(level=<TemporalLevel.DAY: 'DAY'>, year=814, month=7, day=28, decade=810, century=9, decade_modifier=<TemporalModifier.MID: 'mid'>, year_modifier=<TemporalModifier.MID: 'mid'>, century_modifier=<TemporalModifier.EARLY: 'early'>, season=<Season.SUMMER: 'summer'>)",DAY,False,-1.0,False,answered,Date: 28 July 814
Q55433_birth,conflict,YEAR,Michelangelo Antonioni was born on 1 July 1912.,Michelangelo Antonioni was born on 15 March 1912.,I don't know,,,True,0.0,False,idk,Date: I don't know
Q55433_birth,agree,DAY,Michelangelo Antonioni was born on 29 September 1912.,Michelangelo Antonioni was born on 29 September 1912.,29 September 1912,"TemporalValue(level=<TemporalLevel.DAY: 'DAY'>, year=1912, month=9, day=29, decade=1910, century=20, decade_modifier=<TemporalModifier.EARLY: 'early'>, year_modifier=<TemporalModifier.LATE: 'late'>, century_modifier=<TemporalModifier.EARLY: 'early'>, season=<Season.AUTUMN: 'autumn'>)",DAY,False,1.0,True,at_level,Date: 29 September 1912
Q55433_birth,none,,,,I don't know,,,True,0.0,False,idk,Date: I don't know
Q9161_death,conflict,DECADE,Josip Broz Tito died on 3 July 1985.,Josip Broz Tito died on 4 June 1984.,"June 4, 1984","TemporalValue(level=<TemporalLevel.DAY: 'DAY'>, year=1984, month=6, day=4, decade=1980, century=20, decade_modifier=<TemporalModifier.MID: 'mid'>, year_modifier=<TemporalModifier.MID: 'mid'>, century_modifier=<TemporalModifier.LATE: 'late'>, season=<Season.SUMMER: 'summer'>)",DAY,False,-1.0,False,over_commit,"Date: June 4, 1984"
Q9161_death,agree,DAY,Josip Broz Tito died on 4 May 1980.,Josip Broz Tito died on 4 May 1980.,4 May 1980,"TemporalValue(level=<TemporalLevel.DAY: 'DAY'>, year=1980, month=5, day=4, decade=1980, century=20, decade_modifier=<TemporalModifier.EARLY: 'early'>, year_modifier=<TemporalModifier.MID: 'mid'>, century_modifier=<TemporalModifier.LATE: 'late'>, season=<Season.SPRING: 'spring'>)",DAY,False,1.0,True,at_level,Date: 4 May 1980
Q9161_death,none,,,,4 May 1980,"TemporalValue(level=<TemporalLevel.DAY: 'DAY'>, year=1980, month=5, day=4, decade=1980, century=20, decade_modifier=<TemporalModifier.EARLY: 'early'>, year_modifier=<TemporalModifier.MID: 'mid'>, century_modifier=<TemporalModifier.LATE: 'late'>, season=<Season.SPRING: 'spring'>)",DAY,False,1.0,True,answered,Date: 4 May 1980
Q302835_birth,conflict,MONTH,Nasir al-Din al-Tusi was born on 4 February 1201.,Nasir al-Din al-Tusi was born on 1 February 1201.,I don't know,,,True,0.0,False,idk,Date: I don't know
Q302835_birth,agree,DAY,Nasir al-Din al-Tusi was born on 24 February 1201.,Nasir al-Din al-Tusi was born on 24 February 1201.,24 February 1201,"TemporalValue(level=<TemporalLevel.DAY: 'DAY'>, year=1201, month=2, day=24, decade=1200, century=13, decade_modifier=<TemporalModifier.EARLY: 'early'>, year_modifier=<TemporalModifier.EARLY: 'early'>, century_modifier=<TemporalModifier.EARLY: 'early'>, season=<Season.WINTER: 'winter'>)",DAY,False,1.0,True,at_level,Date: 24 February 1201
Q302835_birth,none,,,,1201,"TemporalValue(level=<TemporalLevel.YEAR: 'YEAR'>, year=1201, month=None, day=None, decade=1200, century=13, decade_modifier=<TemporalModifier.EARLY: 'early'>, year_modifier=None, century_modifier=<TemporalModifier.EARLY: 'early'>, season=None)",YEAR,False,0.5393459267796299,True,answered,Date: 1201
Q133544_birth,conflict,YEAR,John Logie Baird was born on 6 June 1888.,John Logie Baird was born on 13 January 1888.,I don't know,,,True,0.0,False,idk,Date: I don't know
Q133544_birth,agree,DAY,John Logie Baird was born on 13 August 1888.,John Logie Baird was born on 13 August 1888.,13 August 1888,"TemporalValue(level=<TemporalLevel.DAY: 'DAY'>, year=1888, month=8, day=13, decade=1880, century=19, decade_modifier=<TemporalModifier.LATE: 'late'>, year_modifier=<TemporalModifier.MID: 'mid'>, century_modifier=<TemporalModifier.LATE: 'late'>, season=<Season.SUMMER: 'summer'>)",DAY,False,1.0,True,at_level,Date: 13 August 1888
Q133544_birth,none,,,,13 January 1888,"TemporalValue(level=<TemporalLevel.DAY: 'DAY'>, year=1888, month=1, day=13, decade=1880, century=19, decade_modifier=<TemporalModifier.LATE: 'late'>, year_modifier=<TemporalModifier.EARLY: 'early'>, century_modifier=<TemporalModifier.LATE: 'late'>, season=<Season.WINTER: 'winter'>)",DAY,False,-1.0,False,answered,Date: 13 January 1888
Q298933_birth,conflict,DECADE,Edward Drinker Cope was born on 26 August 1841.,Edward Drinker Cope was born on 24 September 1846.,I don't know,,,True,0.0,False,idk,Date: I don't know
Q298933_birth,agree,DAY,Edward Drinker Cope was born on 28 July 1840.,Edward Drinker Cope was born on 28 July 1840.,"July 28, 1840","TemporalValue(level=<TemporalLevel.DAY: 'DAY'>, year=1840, month=7, day=28, decade=1840, century=19, decade_modifier=<TemporalModifier.EARLY: 'early'>, year_modifier=<TemporalModifier.MID: 'mid'>, century_modifier=<TemporalModifier.MID: 'mid'>, season=<Season.SUMMER: 'summer'>)",DAY,False,1.0,True,at_level,"Date: July 28, 1840"
Q298933_birth,none,,,,1840s,"TemporalValue(level=<TemporalLevel.DECADE: 'DECADE'>, year=None, month=None, day=None, decade=1840, century=19, decade_modifier=None, year_modifier=None, century_modifier=<TemporalModifier.MID: 'mid'>, season=None)",DECADE,False,0.35956395118642,True,answered,Date: 1840s
Q151929_birth,conflict,MONTH,Eduard Shevardnadze was born on 23 January 1928.,Eduard Shevardnadze was born on 16 January 1928.,I don't know,,,True,0.0,False,idk,Date: I don't know
Q151929_birth,agree,DAY,Eduard Shevardnadze was born on 25 January 1928.,Eduard Shevardnadze was born on 25 January 1928.,25 January 1928,"TemporalValue(level=<TemporalLevel.DAY: 'DAY'>, year=1928, month=1, day=25, decade=1920, century=20, decade_modifier=<TemporalModifier.LATE: 'late'>, year_modifier=<TemporalModifier.EARLY: 'early'>, century_modifier=<TemporalModifier.EARLY: 'early'>, season=<Season.WINTER: 'winter'>)",DAY,False,1.0,True,at_level,Date: 25 January 1928
Q151929_birth,none,,,,1930,"TemporalValue(level=<TemporalLevel.YEAR: 'YEAR'>, year=1930, month=None, day=None, decade=1930, century=20, decade_modifier=<TemporalModifier.EARLY: 'early'>, year_modifier=None, century_modifier=<TemporalModifier.EARLY: 'early'>, season=None)",YEAR,False,-0.5393459267796299,False,answered,Date: 1930
Q8963_birth,conflict,YEAR,Johannes Kepler was born on 28 September 1572.,Johannes Kepler was born on 2 March 1572.,I don't know,,,True,0.0,False,idk,Date: I don't know
Q8963_birth,agree,DAY,Johannes Kepler was born on 6 January 1572.,Johannes Kepler was born on 6 January 1572.,6 January 1572,"TemporalValue(level=<TemporalLevel.DAY: 'DAY'>, year=1572, month=1, day=6, decade=1570, century=16, decade_modifier=<TemporalModifier.EARLY: 'early'>, year_modifier=<TemporalModifier.EARLY: 'early'>, century_modifier=<TemporalModifier.LATE: 'late'>, season=<Season.WINTER: 'winter'>)",DAY,False,1.0,True,at_level,Date: 6 January 1572
Q8963_birth,none,,,,1571,"TemporalValue(level=<TemporalLevel.YEAR: 'YEAR'>, year=1571, month=None, day=None, decade=1570, century=16, decade_modifier=<TemporalModifier.EARLY: 'early'>, year_modifier=None, century_modifier=<TemporalModifier.LATE: 'late'>, season=None)",YEAR,False,0.5393459267796299,True,answered,Date: 1571
Q39607_death,conflict,DECADE,Antoine Lavoisier died on 1 May 1799.,Antoine Lavoisier died on 17 November 1797.,17 November 1797,"TemporalValue(level=<TemporalLevel.DAY: 'DAY'>, year=1797, month=11, day=17, decade=1790, century=18, decade_modifier=<TemporalModifier.LATE: 'late'>, year_modifier=<TemporalModifier.LATE: 'late'>, century_modifier=<TemporalModifier.LATE: 'late'>, season=<Season.AUTUMN: 'autumn'>)",DAY,False,-1.0,False,over_commit,Date: 17 November 1797
Q39607_death,agree,DAY,Antoine Lavoisier died on 8 May 1794.,Antoine Lavoisier died on 8 May 1794.,8 May 1794,"TemporalValue(level=<TemporalLevel.DAY: 'DAY'>, year=1794, month=5, day=8, decade=1790, century=18, decade_modifier=<TemporalModifier.MID: 'mid'>, year_modifier=<TemporalModifier.MID: 'mid'>, century_modifier=<TemporalModifier.LATE: 'late'>, season=<Season.SPRING: 'spring'>)",DAY,False,1.0,True,at_level,Date: 8 May 1794
Q39607_death,none,,,,8 May 1794,"TemporalValue(level=<TemporalLevel.DAY: 'DAY'>, year=1794, month=5, day=8, decade=1790, century=18, decade_modifier=<TemporalModifier.MID: 'mid'>, year_modifier=<TemporalModifier.MID: 'mid'>, century_modifier=<TemporalModifier.LATE: 'late'>, season=<Season.SPRING: 'spring'>)",DAY,False,1.0,True,answered,Date: 8 May 1794
Q5685_birth,conflict,MONTH,Anton Chekhov was born on 4 January 1860.,Anton Chekhov was born on 27 January 1860.,I don't know,,,True,0.0,False,idk,Date: I don't know
Q5685_birth,agree,DAY,Anton Chekhov was born on 29 January 1860.,Anton Chekhov was born on 29 January 1860.,29 January 1860,"TemporalValue(level=<TemporalLevel.DAY: 'DAY'>, year=1860, month=1, day=29, decade=1860, century=19, decade_modifier=<TemporalModifier.EARLY: 'early'>, year_modifier=<TemporalModifier.EARLY: 'early'>, century_modifier=<TemporalModifier.MID: 'mid'>, season=<Season.WINTER: 'winter'>)",DAY,False,1.0,True,at_level,Date: 29 January 1860
Q5685_birth,none,,,,18 December 1860,"TemporalValue(level=<TemporalLevel.DAY: 'DAY'>, year=1860, month=12, day=18, decade=1860, century=19, decade_modifier=<TemporalModifier.EARLY: 'early'>, year_modifier=<TemporalModifier.LATE: 'late'>, century_modifier=<TemporalModifier.MID: 'mid'>, season=<Season.WINTER: 'winter'>)",DAY,False,-1.0,False,answered,Date: 18 December 1860
Q7374_birth,conflict,YEAR,Alfred Hitchcock was born on 12 February 1899.,Alfred Hitchcock was born on 4 June 1899.,I don't know,,,True,0.0,False,idk,Date: I don't know
Q7374_birth,agree,DAY,Alfred Hitchcock was born on 13 August 1899.,Alfred Hitchcock was born on 13 August 1899.,13 August 1899,"TemporalValue(level=<TemporalLevel.DAY: 'DAY'>, year=1899, month=8, day=13, decade=1890, century=19, decade_modifier=<TemporalModifier.LATE: 'late'>, year_modifier=<TemporalModifier.MID: 'mid'>, century_modifier=<TemporalModifier.LATE: 'late'>, season=<Season.SUMMER: 'summer'>)",DAY,False,1.0,True,at_level,Date: 13 August 1899
Q7374_birth,none,,,,I don't know,,,True,0.0,False,idk,Date: I don't know
Q151564_death,conflict,DECADE,Frederick Sanger died on 17 March 2018.,Frederick Sanger died on 26 November 2010.,"November 26, 2010","TemporalValue(level=<TemporalLevel.DAY: 'DAY'>, year=2010, month=11, day=26, decade=2010, century=21, decade_modifier=<TemporalModifier.EARLY: 'early'>, year_modifier=<TemporalModifier.LATE: 'late'>, century_modifier=<TemporalModifier.EARLY: 'early'>, season=<Season.AUTUMN: 'autumn'>)",DAY,False,-1.0,False,over_commit,"Date: November 26, 2010"
Q151564_death,agree,DAY,Frederick Sanger died on 19 November 2013.,Frederick Sanger died on 19 November 2013.,19 November 2013,"TemporalValue(level=<TemporalLevel.DAY: 'DAY'>, year=2013, month=11, day=19, decade=2010, century=21, decade_modifier=<TemporalModifier.EARLY: 'early'>, year_modifier=<TemporalModifier.LATE: 'late'>, century_modifier=<TemporalModifier.EARLY: 'early'>, season=<Season.AUTUMN: 'autumn'>)",DAY,False,1.0,True,at_level,Date: 19 November 2013
Q151564_death,none,,,,1985,"TemporalValue(level=<TemporalLevel.YEAR: 'YEAR'>, year=1985, month=None, day=None, decade=1980, century=20, decade_modifier=<TemporalModifier.MID: 'mid'>, year_modifier=None, century_modifier=<TemporalModifier.LATE: 'late'>, season=None)",YEAR,False,-0.5393459267796299,False,answered,Date: 1985
Q72614_death,conflict,MONTH,Jack L. Warner died on 11 September 1978.,Jack L. Warner died on 2 September 1978.,"September 11, 1978","TemporalValue(level=<TemporalLevel.DAY: 'DAY'>, year=1978, month=9, day=11, decade=1970, century=20, decade_modifier=<TemporalModifier.LATE: 'late'>, year_modifier=<TemporalModifier.LATE: 'late'>, century_modifier=<TemporalModifier.LATE: 'late'>, season=<Season.AUTUMN: 'autumn'>)",DAY,False,-1.0,False,over_commit,"Date: September 11, 1978"
Q72614_death,agree,DAY,Jack L. Warner died on 9 September 1978.,Jack L. Warner died on 9 September 1978.,9 September 1978,"TemporalValue(level=<TemporalLevel.DAY: 'DAY'>, year=1978, month=9, day=9, decade=1970, century=20, decade_modifier=<TemporalModifier.LATE: 'late'>, year_modifier=<TemporalModifier.LATE: 'late'>, century_modifier=<TemporalModifier.LATE: 'late'>, season=<Season.AUTUMN: 'autumn'>)",DAY,False,1.0,True,at_level,Date: 9 September 1978
Q72614_death,none,,,,1978,"TemporalValue(level=<TemporalLevel.YEAR: 'YEAR'>, year=1978, month=None, day=None, decade=1970, century=20, decade_modifier=<TemporalModifier.LATE: 'late'>, year_modifier=None, century_modifier=<TemporalModifier.LATE: 'late'>, season=None)",YEAR,False,0.5393459267796299,True,answered,Date: 1978
Q216466_birth,conflict,YEAR,Alejo Carpentier was born on 11 January 1904.,Alejo Carpentier was born on 6 July 1904.,I don't know,,,True,0.0,False,idk,Date: I don't know
Q216466_birth,agree,DAY,Alejo Carpentier was born on 26 December 1904.,Alejo Carpentier was born on 26 December 1904.,26 December 1904,"TemporalValue(level=<TemporalLevel.DAY: 'DAY'>, year=1904, month=12, day=26, decade=1900, century=20, decade_modifier=<TemporalModifier.MID: 'mid'>, year_modifier=<TemporalModifier.LATE: 'late'>, century_modifier=<TemporalModifier.EARLY: 'early'>, season=<Season.WINTER: 'winter'>)",DAY,False,1.0,True,at_level,Date: 26 December 1904
Q216466_birth,none,,,,1897,"TemporalValue(level=<TemporalLevel.YEAR: 'YEAR'>, year=1897, month=None, day=None, decade=1890, century=19, decade_modifier=<TemporalModifier.LATE: 'late'>, year_modifier=None, century_modifier=<TemporalModifier.LATE: 'late'>, season=None)",YEAR,False,-0.5393459267796299,False,answered,Date: 1897
Q127318_death,conflict,DECADE,George III died on 6 March 1829.,George III died on 21 March 1823.,21 March 1823,"TemporalValue(level=<TemporalLevel.DAY: 'DAY'>, year=1823, month=3, day=21, decade=1820, century=19, decade_modifier=<TemporalModifier.EARLY: 'early'>, year_modifier=<TemporalModifier.EARLY: 'early'>, century_modifier=<TemporalModifier.EARLY: 'early'>, season=<Season.SPRING: 'spring'>)",DAY,False,-1.0,False,over_commit,Date: 21 March 1823
Q127318_death,agree,DAY,George III died on 29 January 1820.,George III died on 29 January 1820.,29 January 1820,"TemporalValue(level=<TemporalLevel.DAY: 'DAY'>, year=1820, month=1, day=29, decade=1820, century=19, decade_modifier=<TemporalModifier.EARLY: 'early'>, year_modifier=<TemporalModifier.EARLY: 'early'>, century_modifier=<TemporalModifier.EARLY: 'early'>, season=<Season.WINTER: 'winter'>)",DAY,False,1.0,True,at_level,Date: 29 January 1820
Q127318_death,none,,,,29 January 1800,"TemporalValue(level=<TemporalLevel.DAY: 'DAY'>, year=1800, month=1, day=29, decade=1800, century=18, decade_modifier=<TemporalModifier.EARLY: 'early'>, year_modifier=<TemporalModifier.EARLY: 'early'>, century_modifier=<TemporalModifier.LATE: 'late'>, season=<Season.WINTER: 'winter'>)",DAY,False,-1.0,False,answered,Date: 29 January 1800
Q315659_death,conflict,MONTH,Yohannes IV died on 23 March 1889.,Yohannes IV died on 8 March 1889.,"March 23, 1889","TemporalValue(level=<TemporalLevel.DAY: 'DAY'>, year=1889, month=3, day=23, decade=1880, century=19, decade_modifier=<TemporalModifier.LATE: 'late'>, year_modifier=<TemporalModifier.EARLY: 'early'>, century_modifier=<TemporalModifier.LATE: 'late'>, season=<Season.SPRING: 'spring'>)",DAY,False,-1.0,False,over_commit,"Date: March 23, 1889"
Q315659_death,agree,DAY,Yohannes IV died on 9 March 1889.,Yohannes IV died on 9 March 1889.,9 March 1889,"TemporalValue(level=<TemporalLevel.DAY: 'DAY'>, year=1889, month=3, day=9, decade=1880, century=19, decade_modifier=<TemporalModifier.LATE: 'late'>, year_modifier=<TemporalModifier.EARLY: 'early'>, century_modifier=<TemporalModifier.LATE: 'late'>, season=<Season.SPRING: 'spring'>)",DAY,False,1.0,True,at_level,Date: 9 March 1889
Q315659_death,none,,,,1875,"TemporalValue(level=<TemporalLevel.YEAR: 'YEAR'>, year=1875, month=None, day=None, decade=1870, century=19, decade_modifier=<TemporalModifier.MID: 'mid'>, year_modifier=None, century_modifier=<TemporalModifier.LATE: 'late'>, season=None)",YEAR,False,-0.5393459267796299,False,answered,Date: 1875
Q47674_birth,conflict,YEAR,Amerigo Vespucci was born on 1 November 1454.,Amerigo Vespucci was born on 16 July 1454.,I don't know,,,True,0.0,False,idk,Date: I don't know
Q47674_birth,agree,DAY,Amerigo Vespucci was born on 18 March 1454.,Amerigo Vespucci was born on 18 March 1454.,18 March 1454,"TemporalValue(level=<TemporalLevel.DAY: 'DAY'>, year=1454, month=3, day=18, decade=1450, century=15, decade_modifier=<TemporalModifier.MID: 'mid'>, year_modifier=<TemporalModifier.EARLY: 'early'>, century_modifier=<TemporalModifier.MID: 'mid'>, season=<Season.SPRING: 'spring'>)",DAY,False,1.0,True,at_level,Date: 18 March 1454
Q47674_birth,none,,,,1453,"TemporalValue(level=<TemporalLevel.YEAR: 'YEAR'>, year=1453, month=None, day=None, decade=1450, century=15, decade_modifier=<TemporalModifier.EARLY: 'early'>, year_modifier=None, century_modifier=<TemporalModifier.MID: 'mid'>, season=None)",YEAR,False,-0.5393459267796299,False,answered,Date: 1453
Q42544_death,conflict,DECADE,Thomas More died on 8 April 1537.,Thomas More died on 10 November 1530.,I don't know,,,True,0.0,False,idk,Date: I don't know
Q42544_death,agree,DAY,Thomas More died on 16 July 1535.,Thomas More died on 16 July 1535.,16 July 1535,"TemporalValue(level=<TemporalLevel.DAY: 'DAY'>, year=1535, month=7, day=16, decade=1530, century=16, decade_modifier=<TemporalModifier.MID: 'mid'>, year_modifier=<TemporalModifier.MID: 'mid'>, century_modifier=<TemporalModifier.MID: 'mid'>, season=<Season.SUMMER: 'summer'>)",DAY,False,1.0,True,at_level,Date: 16 July 1535
Q42544_death,none,,,,6 July 1535,"TemporalValue(level=<TemporalLevel.DAY: 'DAY'>, year=1535, month=7, day=6, decade=1530, century=16, decade_modifier=<TemporalModifier.MID: 'mid'>, year_modifier=<TemporalModifier.MID: 'mid'>, century_modifier=<TemporalModifier.MID: 'mid'>, season=<Season.SUMMER: 'summer'>)",DAY,False,1.0,True,answered,Date: 6 July 1535
Q81960_birth,conflict,MONTH,Robert Burns was born on 11 January 1759.,Robert Burns was born on 6 January 1759.,I don't know,,,True,0.0,False,idk,Date: I don't know
Q81960_birth,agree,DAY,Robert Burns was born on 25 January 1759.,Robert Burns was born on 25 January 1759.,25 January 1759,"TemporalValue(level=<TemporalLevel.DAY: 'DAY'>, year=1759, month=1, day=25, decade=1750, century=18, decade_modifier=<TemporalModifier.LATE: 'late'>, year_modifier=<TemporalModifier.EARLY: 'early'>, century_modifier=<TemporalModifier.MID: 'mid'>, season=<Season.WINTER: 'winter'>)",DAY,False,1.0,True,at_level,Date: 25 January 1759
Q81960_birth,none,,,,25 January,,,False,-0.5393459267796299,False,fmt_fail,Date: 25 January
Q34428_death,conflict,YEAR,Philip II of France died on 8 April 1223.,Philip II of France died on 6 June 1223.,I don't know,,,True,0.0,False,idk,Date: I don't know
Q34428_death,agree,DAY,Philip II of France died on 21 July 1223.,Philip II of France died on 21 July 1223.,21 July 1223,"TemporalValue(level=<TemporalLevel.DAY: 'DAY'>, year=1223, month=7, day=21, decade=1220, century=13, decade_modifier=<TemporalModifier.EARLY: 'early'>, year_modifier=<TemporalModifier.MID: 'mid'>, century_modifier=<TemporalModifier.EARLY: 'early'>, season=<Season.SUMMER: 'summer'>)",DAY,False,1.0,True,at_level,Date: 21 July 1223
Q34428_death,none,,,,1795,"TemporalValue(level=<TemporalLevel.YEAR: 'YEAR'>, year=1795, month=None, day=None, decade=1790, century=18, decade_modifier=<TemporalModifier.MID: 'mid'>, year_modifier=None, century_modifier=<TemporalModifier.LATE: 'late'>, season=None)",YEAR,False,-0.5393459267796299,False,answered,Date: 1795
Q16574_birth,conflict,DECADE,Chiang Kai-shek was born on 19 June 1886.,Chiang Kai-shek was born on 13 March 1888.,I don't know,,,True,0.0,False,idk,Date: I don't know
Q16574_birth,agree,DAY,Chiang Kai-shek was born on 31 October 1887.,Chiang Kai-shek was born on 31 October 1887.,31 October 1887,"TemporalValue(level=<TemporalLevel.DAY: 'DAY'>, year=1887, month=10, day=31, decade=1880, century=19, decade_modifier=<TemporalModifier.LATE: 'late'>, year_modifier=<TemporalModifier.LATE: 'late'>, century_modifier=<TemporalModifier.LATE: 'late'>, season=<Season.AUTUMN: 'autumn'>)",DAY,False,1.0,True,at_level,Date: 31 October 1887
Q16574_birth,none,,,,1893,"TemporalValue(level=<TemporalLevel.YEAR: 'YEAR'>, year=1893, month=None, day=None, decade=1890, century=19, decade_modifier=<TemporalModifier.EARLY: 'early'>, year_modifier=None, century_modifier=<TemporalModifier.LATE: 'late'>, season=None)",YEAR,False,-0.5393459267796299,False,answered,Date: 1893
Q33977_death,conflict,MONTH,Jules Verne died on 19 March 1905.,Jules Verne died on 26 March 1905.,"March 19, 1905","TemporalValue(level=<TemporalLevel.DAY: 'DAY'>, year=1905, month=3, day=19, decade=1900, century=20, decade_modifier=<TemporalModifier.MID: 'mid'>, year_modifier=<TemporalModifier.EARLY: 'early'>, century_modifier=<TemporalModifier.EARLY: 'early'>, season=<Season.SPRING: 'spring'>)",DAY,False,-1.0,False,over_commit,"Date: March 19, 1905"
Q33977_death,agree,DAY,Jules Verne died on 24 March 1905.,Jules Verne died on 24 March 1905.,24 March 1905,"TemporalValue(level=<TemporalLevel.DAY: 'DAY'>, year=1905, month=3, day=24, decade=1900, century=20, decade_modifier=<TemporalModifier.MID: 'mid'>, year_modifier=<TemporalModifier.EARLY: 'early'>, century_modifier=<TemporalModifier.EARLY: 'early'>, season=<Season.SPRING: 'spring'>)",DAY,False,1.0,True,at_level,Date: 24 March 1905
Q33977_death,none,,,,24 March 1905,"TemporalValue(level=<TemporalLevel.DAY: 'DAY'>, year=1905, month=3, day=24, decade=1900, century=20, decade_modifier=<TemporalModifier.MID: 'mid'>, year_modifier=<TemporalModifier.EARLY: 'early'>, century_modifier=<TemporalModifier.EARLY: 'early'>, season=<Season.SPRING: 'spring'>)",DAY,False,1.0,True,answered,Date: 24 March 1905
Q544387_death,conflict,YEAR,Ray Charles died on 19 January 2004.,Ray Charles died on 1 March 2004.,I don't know,,,True,0.0,False,idk,Date: I don't know
Q544387_death,agree,DAY,Ray Charles died on 10 June 2004.,Ray Charles died on 10 June 2004.,"June 10, 2004","TemporalValue(level=<TemporalLevel.DAY: 'DAY'>, year=2004, month=6, day=10, decade=2000, century=21, decade_modifier=<TemporalModifier.MID: 'mid'>, year_modifier=<TemporalModifier.MID: 'mid'>, century_modifier=<TemporalModifier.EARLY: 'early'>, season=<Season.SUMMER: 'summer'>)",DAY,False,1.0,True,at_level,"Date: June 10, 2004"
Q544387_death,none,,,,6 February 2004,"TemporalValue(level=<TemporalLevel.DAY: 'DAY'>, year=2004, month=2, day=6, decade=2000, century=21, decade_modifier=<TemporalModifier.MID: 'mid'>, year_modifier=<TemporalModifier.EARLY: 'early'>, century_modifier=<TemporalModifier.EARLY: 'early'>, season=<Season.WINTER: 'winter'>)",DAY,False,-1.0,False,answered,Date: 6 February 2004
Q2831_birth,conflict,DECADE,Michael Jackson was born on 1 March 1956.,Michael Jackson was born on 27 January 1952.,I don't know,,,True,0.0,False,idk,Date: I don't know
Q2831_birth,agree,DAY,Michael Jackson was born on 29 August 1958.,Michael Jackson was born on 29 August 1958.,29 August 1958,"TemporalValue(level=<TemporalLevel.DAY: 'DAY'>, year=1958, month=8, day=29, decade=1950, century=20, decade_modifier=<TemporalModifier.LATE: 'late'>, year_modifier=<TemporalModifier.MID: 'mid'>, century_modifier=<TemporalModifier.MID: 'mid'>, season=<Season.SUMMER: 'summer'>)",DAY,False,1.0,True,at_level,Date: 29 August 1958
Q2831_birth,none,,,,"August 29, 1958","TemporalValue(level=<TemporalLevel.DAY: 'DAY'>, year=1958, month=8, day=29, decade=1950, century=20, decade_modifier=<TemporalModifier.LATE: 'late'>, year_modifier=<TemporalModifier.MID: 'mid'>, century_modifier=<TemporalModifier.MID: 'mid'>, season=<Season.SUMMER: 'summer'>)",DAY,False,1.0,True,answered,"Date: August 29, 1958"
Q1047_death,conflict,MONTH,Jawaharlal Nehru died on 11 May 1964.,Jawaharlal Nehru died on 17 May 1964.,I don't know,,,True,0.0,False,idk,Date: I don't know
Q1047_death,agree,DAY,Jawaharlal Nehru died on 27 May 1964.,Jawaharlal Nehru died on 27 May 1964.,27 May 1964,"TemporalValue(level=<TemporalLevel.DAY: 'DAY'>, year=1964, month=5, day=27, decade=1960, century=20, decade_modifier=<TemporalModifier.MID: 'mid'>, year_modifier=<TemporalModifier.MID: 'mid'>, century_modifier=<TemporalModifier.MID: 'mid'>, season=<Season.SPRING: 'spring'>)",DAY,False,1.0,True,at_level,Date: 27 May 1964
Q1047_death,none,,,,27 May 1964,"TemporalValue(level=<TemporalLevel.DAY: 'DAY'>, year=1964, month=5, day=27, decade=1960, century=20, decade_modifier=<TemporalModifier.MID: 'mid'>, year_modifier=<TemporalModifier.MID: 'mid'>, century_modifier=<TemporalModifier.MID: 'mid'>, season=<Season.SPRING: 'spring'>)",DAY,False,1.0,True,answered,Date: 27 May 1964
Q45682_birth,conflict,YEAR,Jean Sibelius was born on 2 January 1865.,Jean Sibelius was born on 25 November 1865.,I don't know,,,True,0.0,False,idk,Date: I don't know
Q45682_birth,agree,DAY,Jean Sibelius was born on 8 December 1865.,Jean Sibelius was born on 8 December 1865.,8 December 1865,"TemporalValue(level=<TemporalLevel.DAY: 'DAY'>, year=1865, month=12, day=8, decade=1860, century=19, decade_modifier=<TemporalModifier.MID: 'mid'>, year_modifier=<TemporalModifier.LATE: 'late'>, century_modifier=<TemporalModifier.MID: 'mid'>, season=<Season.WINTER: 'winter'>)",DAY,False,1.0,True,at_level,Date: 8 December 1865
Q45682_birth,none,,,,1865,"TemporalValue(level=<TemporalLevel.YEAR: 'YEAR'>, year=1865, month=None, day=None, decade=1860, century=19, decade_modifier=<TemporalModifier.MID: 'mid'>, year_modifier=None, century_modifier=<TemporalModifier.MID: 'mid'>, season=None)",YEAR,False,0.5393459267796299,True,answered,Date: 1865
Q82840_death,conflict,DECADE,Alvar Aalto died on 22 March 1971.,Alvar Aalto died on 26 July 1972.,I don't know,,,True,0.0,False,idk,Date: I don't know
Q82840_death,agree,DAY,Alvar Aalto died on 11 May 1976.,Alvar Aalto died on 11 May 1976.,11 May 1976,"TemporalValue(level=<TemporalLevel.DAY: 'DAY'>, year=1976, month=5, day=11, decade=1970, century=20, decade_modifier=<TemporalModifier.MID: 'mid'>, year_modifier=<TemporalModifier.MID: 'mid'>, century_modifier=<TemporalModifier.LATE: 'late'>, season=<Season.SPRING: 'spring'>)",DAY,False,1.0,True,at_level,Date: 11 May 1976
Q82840_death,none,,,,21 December 1976,"TemporalValue(level=<TemporalLevel.DAY: 'DAY'>, year=1976, month=12, day=21, decade=1970, century=20, decade_modifier=<TemporalModifier.MID: 'mid'>, year_modifier=<TemporalModifier.LATE: 'late'>, century_modifier=<TemporalModifier.LATE: 'late'>, season=<Season.WINTER: 'winter'>)",DAY,False,-1.0,False,answered,Date: 21 December 1976
Q43499_birth,conflict,MONTH,Erasmus was born on 1 October 1469.,Erasmus was born on 14 October 1469.,1469,"TemporalValue(level=<TemporalLevel.YEAR: 'YEAR'>, year=1469, month=None, day=None, decade=1460, century=15, decade_modifier=<TemporalModifier.LATE: 'late'>, year_modifier=None, century_modifier=<TemporalModifier.LATE: 'late'>, season=None)",YEAR,False,0.5393459267796299,True,too_coarse,Date: 1469
Q43499_birth,agree,DAY,Erasmus was born on 28 October 1469.,Erasmus was born on 28 October 1469.,28 October 1469,"TemporalValue(level=<TemporalLevel.DAY: 'DAY'>, year=1469, month=10, day=28, decade=1460, century=15, decade_modifier=<TemporalModifier.LATE: 'late'>, year_modifier=<TemporalModifier.LATE: 'late'>, century_modifier=<TemporalModifier.LATE: 'late'>, season=<Season.AUTUMN: 'autumn'>)",DAY,False,1.0,True,at_level,Date: 28 October 1469
Q43499_birth,none,,,,1466-1536,"TemporalValue(level=<TemporalLevel.YEAR: 'YEAR'>, year=1466, month=None, day=None, decade=1460, century=15, decade_modifier=<TemporalModifier.MID: 'mid'>, year_modifier=None, century_modifier=<TemporalModifier.MID: 'mid'>, season=None)",YEAR,False,-0.5393459267796299,False,answered,Date: 1466-1536
Q313868_death,conflict,YEAR,Fela Kuti died on 22 July 1997.,Fela Kuti died on 11 November 1997.,I don't know,,,True,0.0,False,idk,Date: I don't know
Q313868_death,agree,DAY,Fela Kuti died on 2 August 1997.,Fela Kuti died on 2 August 1997.,2 August 1997,"TemporalValue(level=<TemporalLevel.DAY: 'DAY'>, year=1997, month=8, day=2, decade=1990, century=20, decade_modifier=<TemporalModifier.LATE: 'late'>, year_modifier=<TemporalModifier.MID: 'mid'>, century_modifier=<TemporalModifier.LATE: 'late'>, season=<Season.SUMMER: 'summer'>)",DAY,False,1.0,True,at_level,Date: 2 August 1997
Q313868_death,none,,,,2 July 1987,"TemporalValue(level=<TemporalLevel.DAY: 'DAY'>, year=1987, month=7, day=2, decade=1980, century=20, decade_modifier=<TemporalModifier.LATE: 'late'>, year_modifier=<TemporalModifier.MID: 'mid'>, century_modifier=<TemporalModifier.LATE: 'late'>, season=<Season.SUMMER: 'summer'>)",DAY,False,-1.0,False,answered,Date: 2 July 1987
Q35802_death,conflict,DECADE,Baruch Spinoza died on 17 June 1673.,Baruch Spinoza died on 18 April 1672.,"April 18, 1672","TemporalValue(level=<TemporalLevel.DAY: 'DAY'>, year=1672, month=4, day=18, decade=1670, century=17, decade_modifier=<TemporalModifier.EARLY: 'early'>, year_modifier=<TemporalModifier.EARLY: 'early'>, century_modifier=<TemporalModifier.LATE: 'late'>, season=<Season.SPRING: 'spring'>)",DAY,False,-1.0,False,over_commit,"Date: April 18, 1672"
Q35802_death,agree,DAY,Baruch Spinoza died on 21 February 1677.,Baruch Spinoza died on 21 February 1677.,21 February 1677,"TemporalValue(level=<TemporalLevel.DAY: 'DAY'>, year=1677, month=2, day=21, decade=1670, century=17, decade_modifier=<TemporalModifier.LATE: 'late'>, year_modifier=<TemporalModifier.EARLY: 'early'>, century_modifier=<TemporalModifier.LATE: 'late'>, season=<Season.WINTER: 'winter'>)",DAY,False,1.0,True,at_level,Date: 21 February 1677
Q35802_death,none,,,,8 October 1677,"TemporalValue(level=<TemporalLevel.DAY: 'DAY'>, year=1677, month=10, day=8, decade=1670, century=17, decade_modifier=<TemporalModifier.LATE: 'late'>, year_modifier=<TemporalModifier.LATE: 'late'>, century_modifier=<TemporalModifier.LATE: 'late'>, season=<Season.AUTUMN: 'autumn'>)",DAY,False,-1.0,False,answered,Date: 8 October 1677
Q150611_death,conflict,MONTH,"Ferdinand I, Holy Roman Emperor died on 13 July 1564.","Ferdinand I, Holy Roman Emperor died on 3 July 1564.","July 13, 1564","TemporalValue(level=<TemporalLevel.DAY: 'DAY'>, year=1564, month=7, day=13, decade=1560, century=16, decade_modifier=<TemporalModifier.MID: 'mid'>, year_modifier=<TemporalModifier.MID: 'mid'>, century_modifier=<TemporalModifier.MID: 'mid'>, season=<Season.SUMMER: 'summer'>)",DAY,False,-1.0,False,over_commit,"Date: July 13, 1564"
Q150611_death,agree,DAY,"Ferdinand I, Holy Roman Emperor died on 25 July 1564.","Ferdinand I, Holy Roman Emperor died on 25 July 1564.",25 July 1564,"TemporalValue(level=<TemporalLevel.DAY: 'DAY'>, year=1564, month=7, day=25, decade=1560, century=16, decade_modifier=<TemporalModifier.MID: 'mid'>, year_modifier=<TemporalModifier.MID: 'mid'>, century_modifier=<TemporalModifier.MID: 'mid'>, season=<Season.SUMMER: 'summer'>)",DAY,False,1.0,True,at_level,Date: 25 July 1564
Q150611_death,none,,,,1254,"TemporalValue(level=<TemporalLevel.YEAR: 'YEAR'>, year=1254, month=None, day=None, decade=1250, century=13, decade_modifier=<TemporalModifier.MID: 'mid'>, year_modifier=None, century_modifier=<TemporalModifier.MID: 'mid'>, season=None)",YEAR,False,-0.5393459267796299,False,answered,Date: 1254
Q166092_birth,conflict,YEAR,"Camillo Benso, Count of Cavour was born on 19 March 1810.","Camillo Benso, Count of Cavour was born on 22 July 1810.",I don't know,,,True,0.0,False,idk,Date: I don't know
Q166092_birth,agree,DAY,"Camillo Benso, Count of Cavour was born on 10 August 1810.","Camillo Benso, Count of Cavour was born on 10 August 1810.",10 August 1810,"TemporalValue(level=<TemporalLevel.DAY: 'DAY'>, year=1810, month=8, day=10, decade=1810, century=19, decade_modifier=<TemporalModifier.EARLY: 'early'>, year_modifier=<TemporalModifier.MID: 'mid'>, century_modifier=<TemporalModifier.EARLY: 'early'>, season=<Season.SUMMER: 'summer'>)",DAY,False,1.0,True,at_level,Date: 10 August 1810
Q166092_birth,none,,,,1810,"TemporalValue(level=<TemporalLevel.YEAR: 'YEAR'>, year=1810, month=None, day=None, decade=1810, century=19, decade_modifier=<TemporalModifier.EARLY: 'early'>, year_modifier=None, century_modifier=<TemporalModifier.EARLY: 'early'>, season=None)",YEAR,False,0.5393459267796299,True,answered,Date: 1810
Q83410_birth,conflict,DECADE,Cary Grant was born on 14 July 1906.,Cary Grant was born on 16 April 1901.,I don't know,,,True,0.0,False,idk,Date: I don't know
Q83410_birth,agree,DAY,Cary Grant was born on 18 January 1904.,Cary Grant was born on 18 January 1904.,18 January 1904,"TemporalValue(level=<TemporalLevel.DAY: 'DAY'>, year=1904, month=1, day=18, decade=1900, century=20, decade_modifier=<TemporalModifier.MID: 'mid'>, year_modifier=<TemporalModifier.EARLY: 'early'>, century_modifier=<TemporalModifier.EARLY: 'early'>, season=<Season.WINTER: 'winter'>)",DAY,False,1.0,True,at_level,Date: 18 January 1904
Q83410_birth,none,,,,I don't know,,,True,0.0,False,idk,Date: I don't know
Q151414_birth,conflict,MONTH,George C. Marshall was born on 13 December 1880.,George C. Marshall was born on 8 December 1880.,I don't know,,,True,0.0,False,idk,Date: I don't know
Q151414_birth,agree,DAY,George C. Marshall was born on 31 December 1880.,George C. Marshall was born on 31 December 1880.,31 December 1880,"TemporalValue(level=<TemporalLevel.DAY: 'DAY'>, year=1880, month=12, day=31, decade=1880, century=19, decade_modifier=<TemporalModifier.EARLY: 'early'>, year_modifier=<TemporalModifier.LATE: 'late'>, century_modifier=<TemporalModifier.LATE: 'late'>, season=<Season.WINTER: 'winter'>)",DAY,False,1.0,True,at_level,Date: 31 December 1880
Q151414_birth,none,,,,I don't know,,,True,0.0,False,idk,Date: I don't know
Q37463_death,conflict,YEAR,Pierre Curie died on 21 August 1906.,Pierre Curie died on 16 May 1906.,"May 16, 1906","TemporalValue(level=<TemporalLevel.DAY: 'DAY'>, year=1906, month=5, day=16, decade=1900, century=20, decade_modifier=<TemporalModifier.MID: 'mid'>, year_modifier=<TemporalModifier.MID: 'mid'>, century_modifier=<TemporalModifier.EARLY: 'early'>, season=<Season.SPRING: 'spring'>)",DAY,False,-1.0,False,over_commit,"Date: May 16, 1906"
Q37463_death,agree,DAY,Pierre Curie died on 19 April 1906.,Pierre Curie died on 19 April 1906.,19 April 1906,"TemporalValue(level=<TemporalLevel.DAY: 'DAY'>, year=1906, month=4, day=19, decade=1900, century=20, decade_modifier=<TemporalModifier.MID: 'mid'>, year_modifier=<TemporalModifier.EARLY: 'early'>, century_modifier=<TemporalModifier.EARLY: 'early'>, season=<Season.SPRING: 'spring'>)",DAY,False,1.0,True,at_level,Date: 19 April 1906
Q37463_death,none,,,,1906,"TemporalValue(level=<TemporalLevel.YEAR: 'YEAR'>, year=1906, month=None, day=None, decade=1900, century=20, decade_modifier=<TemporalModifier.MID: 'mid'>, year_modifier=None, century_modifier=<TemporalModifier.EARLY: 'early'>, season=None)",YEAR,False,0.5393459267796299,True,answered,Date: 1906
Q319062_death,conflict,DECADE,Baal Shem Tov died on 9 May 1767.,Baal Shem Tov died on 12 September 1762.,I don't know,,,True,0.0,False,idk,Date: I don't know
Q319062_death,agree,DAY,Baal Shem Tov died on 21 May 1760.,Baal Shem Tov died on 21 May 1760.,21 May 1760,"TemporalValue(level=<TemporalLevel.DAY: 'DAY'>, year=1760, month=5, day=21, decade=1760, century=18, decade_modifier=<TemporalModifier.EARLY: 'early'>, year_modifier=<TemporalModifier.MID: 'mid'>, century_modifier=<TemporalModifier.MID: 'mid'>, season=<Season.SPRING: 'spring'>)",DAY,False,1.0,True,at_level,Date: 21 May 1760
Q319062_death,none,,,,1760,"TemporalValue(level=<TemporalLevel.YEAR: 'YEAR'>, year=1760, month=None, day=None, decade=1760, century=18, decade_modifier=<TemporalModifier.EARLY: 'early'>, year_modifier=None, century_modifier=<TemporalModifier.MID: 'mid'>, season=None)",YEAR,False,0.5393459267796299,True,answered,Date: 1760
Q44593_death,conflict,MONTH,V. S. Naipaul died on 19 August 2018.,V. S. Naipaul died on 1 August 2018.,"August 19, 2018","TemporalValue(level=<TemporalLevel.DAY: 'DAY'>, year=2018, month=8, day=19, decade=2010, century=21, decade_modifier=<TemporalModifier.LATE: 'late'>, year_modifier=<TemporalModifier.MID: 'mid'>, century_modifier=<TemporalModifier.EARLY: 'early'>, season=<Season.SUMMER: 'summer'>)",DAY,False,-1.0,False,over_commit,"Date: August 19, 2018

Given the sources:

- Source 1 states that V. S. Naipaul died on"
Q44593_death,agree,DAY,V. S. Naipaul died on 11 August 2018.,V. S. Naipaul died on 11 August 2018.,11 August 2018,"TemporalValue(level=<TemporalLevel.DAY: 'DAY'>, year=2018, month=8, day=11, decade=2010, century=21, decade_modifier=<TemporalModifier.LATE: 'late'>, year_modifier=<TemporalModifier.MID: 'mid'>, century_modifier=<TemporalModifier.EARLY: 'early'>, season=<Season.SUMMER: 'summer'>)",DAY,False,1.0,True,at_level,Date: 11 August 2018
Q44593_death,none,,,,13 January 2017,"TemporalValue(level=<TemporalLevel.DAY: 'DAY'>, year=2017, month=1, day=13, decade=2010, century=21, decade_modifier=<TemporalModifier.LATE: 'late'>, year_modifier=<TemporalModifier.EARLY: 'early'>, century_modifier=<TemporalModifier.EARLY: 'early'>, season=<Season.WINTER: 'winter'>)",DAY,False,-1.0,False,answered,Date: 13 January 2017
Q313256_birth,conflict,YEAR,Bob Fosse was born on 25 November 1927.,Bob Fosse was born on 16 December 1927.,I don't know,,,True,0.0,False,idk,Date: I don't know
Q313256_birth,agree,DAY,Bob Fosse was born on 23 June 1927.,Bob Fosse was born on 23 June 1927.,23 June 1927,"TemporalValue(level=<TemporalLevel.DAY: 'DAY'>, year=1927, month=6, day=23, decade=1920, century=20, decade_modifier=<TemporalModifier.LATE: 'late'>, year_modifier=<TemporalModifier.MID: 'mid'>, century_modifier=<TemporalModifier.EARLY: 'early'>, season=<Season.SUMMER: 'summer'>)",DAY,False,1.0,True,at_level,Date: 23 June 1927
Q313256_birth,none,,,,I don't know,,,True,0.0,False,idk,Date: I don't know
Q16977_birth,conflict,DECADE,Deng Xiaoping was born on 20 January 1903.,Deng Xiaoping was born on 28 June 1905.,I don't know,,,True,0.0,False,idk,Date: I don't know
Q16977_birth,agree,DAY,Deng Xiaoping was born on 22 August 1904.,Deng Xiaoping was born on 22 August 1904.,22 August 1904,"TemporalValue(level=<TemporalLevel.DAY: 'DAY'>, year=1904, month=8, day=22, decade=1900, century=20, decade_modifier=<TemporalModifier.MID: 'mid'>, year_modifier=<TemporalModifier.MID: 'mid'>, century_modifier=<TemporalModifier.EARLY: 'early'>, season=<Season.SUMMER: 'summer'>)",DAY,False,1.0,True,at_level,Date: 22 August 1904
Q16977_birth,none,,,,I don't know,,,True,0.0,False,idk,Date: I don't know
Q82840_birth,conflict,MONTH,Alvar Aalto was born on 27 February 1898.,Alvar Aalto was born on 14 February 1898.,I don't know,,,True,0.0,False,idk,Date: I don't know
Q82840_birth,agree,DAY,Alvar Aalto was born on 3 February 1898.,Alvar Aalto was born on 3 February 1898.,3 February 1898,"TemporalValue(level=<TemporalLevel.DAY: 'DAY'>, year=1898, month=2, day=3, decade=1890, century=19, decade_modifier=<TemporalModifier.LATE: 'late'>, year_modifier=<TemporalModifier.EARLY: 'early'>, century_modifier=<TemporalModifier.LATE: 'late'>, season=<Season.WINTER: 'winter'>)",DAY,False,1.0,True,at_level,Date: 3 February 1898
Q82840_birth,none,,,,18 October 1898,"TemporalValue(level=<TemporalLevel.DAY: 'DAY'>, year=1898, month=10, day=18, decade=1890, century=19, decade_modifier=<TemporalModifier.LATE: 'late'>, year_modifier=<TemporalModifier.LATE: 'late'>, century_modifier=<TemporalModifier.LATE: 'late'>, season=<Season.AUTUMN: 'autumn'>)",DAY,False,-1.0,False,answered,Date: 18 October 1898
Q5921_death,conflict,YEAR,Chuck Berry died on 18 December 2017.,Chuck Berry died on 28 February 2017.,"February 28, 2017","TemporalValue(level=<TemporalLevel.DAY: 'DAY'>, year=2017, month=2, day=28, decade=2010, century=21, decade_modifier=<TemporalModifier.LATE: 'late'>, year_modifier=<TemporalModifier.EARLY: 'early'>, century_modifier=<TemporalModifier.EARLY: 'early'>, season=<Season.WINTER: 'winter'>)",DAY,False,-1.0,False,over_commit,"Date: February 28, 2017"
Q5921_death,agree,DAY,Chuck Berry died on 18 March 2017.,Chuck Berry died on 18 March 2017.,"March 18, 2017","TemporalValue(level=<TemporalLevel.DAY: 'DAY'>, year=2017, month=3, day=18, decade=2010, century=21, decade_modifier=<TemporalModifier.LATE: 'late'>, year_modifier=<TemporalModifier.EARLY: 'early'>, century_modifier=<TemporalModifier.EARLY: 'early'>, season=<Season.SPRING: 'spring'>)",DAY,False,1.0,True,at_level,"Date: March 18, 2017"
Q5921_death,none,,,,18 March 2017,"TemporalValue(level=<TemporalLevel.DAY: 'DAY'>, year=2017, month=3, day=18, decade=2010, century=21, decade_modifier=<TemporalModifier.LATE: 'late'>, year_modifier=<TemporalModifier.EARLY: 'early'>, century_modifier=<TemporalModifier.EARLY: 'early'>, season=<Season.SPRING: 'spring'>)",DAY,False,1.0,True,answered,Date: 18 March 2017
Q368_birth,conflict,DECADE,Augusto Pinochet was born on 13 December 1910.,Augusto Pinochet was born on 25 January 1912.,I don't know,,,True,0.0,False,idk,Date: I don't know
Q368_birth,agree,DAY,Augusto Pinochet was born on 25 November 1915.,Augusto Pinochet was born on 25 November 1915.,"August 25, 1915","TemporalValue(level=<TemporalLevel.DAY: 'DAY'>, year=1915, month=8, day=25, decade=1910, century=20, decade_modifier=<TemporalModifier.MID: 'mid'>, year_modifier=<TemporalModifier.MID: 'mid'>, century_modifier=<TemporalModifier.EARLY: 'early'>, season=<Season.SUMMER: 'summer'>)",DAY,False,-1.0,False,at_level_wrong,"Date: August 25, 1915"
Q368_birth,none,,,,17 December 1915,"TemporalValue(level=<TemporalLevel.DAY: 'DAY'>, year=1915, month=12, day=17, decade=1910, century=20, decade_modifier=<TemporalModifier.MID: 'mid'>, year_modifier=<TemporalModifier.LATE: 'late'>, century_modifier=<TemporalModifier.EARLY: 'early'>, season=<Season.WINTER: 'winter'>)",DAY,False,-1.0,False,answered,Date: 17 December 1915
Q43974_birth,conflict,MONTH,Louis the Pious was born on 14 April 778.,Louis the Pious was born on 25 April 778.,I don't know,,,True,0.0,False,idk,Date: I don't know
Q43974_birth,agree,DAY,Louis the Pious was born on 24 April 778.,Louis the Pious was born on 24 April 778.,24 April 778,"TemporalValue(level=<TemporalLevel.DAY: 'DAY'>, year=778, month=4, day=24, decade=770, century=8, decade_modifier=<TemporalModifier.LATE: 'late'>, year_modifier=<TemporalModifier.EARLY: 'early'>, century_modifier=<TemporalModifier.LATE: 'late'>, season=<Season.SPRING: 'spring'>)",DAY,False,1.0,True,at_level,Date: 24 April 778
Q43974_birth,none,,,,742,"TemporalValue(level=<TemporalLevel.YEAR: 'YEAR'>, year=742, month=None, day=None, decade=740, century=8, decade_modifier=<TemporalModifier.EARLY: 'early'>, year_modifier=None, century_modifier=<TemporalModifier.MID: 'mid'>, season=None)",YEAR,False,-0.5393459267796299,False,answered,Date: 742
Q11641_birth,conflict,YEAR,Grace Hopper was born on 4 July 1906.,Grace Hopper was born on 23 November 1906.,I don't know,,,True,0.0,False,idk,Date: I don't know
Q11641_birth,agree,DAY,Grace Hopper was born on 9 December 1906.,Grace Hopper was born on 9 December 1906.,9 December 1906,"TemporalValue(level=<TemporalLevel.DAY: 'DAY'>, year=1906, month=12, day=9, decade=1900, century=20, decade_modifier=<TemporalModifier.MID: 'mid'>, year_modifier=<TemporalModifier.LATE: 'late'>, century_modifier=<TemporalModifier.EARLY: 'early'>, season=<Season.WINTER: 'winter'>)",DAY,False,1.0,True,at_level,Date: 9 December 1906
Q11641_birth,none,,,,1906,"TemporalValue(level=<TemporalLevel.YEAR: 'YEAR'>, year=1906, month=None, day=None, decade=1900, century=20, decade_modifier=<TemporalModifier.MID: 'mid'>, year_modifier=None, century_modifier=<TemporalModifier.EARLY: 'early'>, season=None)",YEAR,False,0.5393459267796299,True,answered,Date: 1906
Q15031_birth,conflict,DECADE,Xi Jinping was born on 6 March 1958.,Xi Jinping was born on 16 June 1959.,I don't know,,,True,0.0,False,idk,Date: I don't know
Q15031_birth,agree,DAY,Xi Jinping was born on 15 June 1953.,Xi Jinping was born on 15 June 1953.,15 June 1953,"TemporalValue(level=<TemporalLevel.DAY: 'DAY'>, year=1953, month=6, day=15, decade=1950, century=20, decade_modifier=<TemporalModifier.EARLY: 'early'>, year_modifier=<TemporalModifier.MID: 'mid'>, century_modifier=<TemporalModifier.MID: 'mid'>, season=<Season.SUMMER: 'summer'>)",DAY,False,1.0,True,at_level,Date: 15 June 1953
Q15031_birth,none,,,,1953,"TemporalValue(level=<TemporalLevel.YEAR: 'YEAR'>, year=1953, month=None, day=None, decade=1950, century=20, decade_modifier=<TemporalModifier.EARLY: 'early'>, year_modifier=None, century_modifier=<TemporalModifier.MID: 'mid'>, season=None)",YEAR,False,0.5393459267796299,True,answered,Date: 1953
Q152043_death,conflict,MONTH,Mstislav Rostropovich died on 14 April 2007.,Mstislav Rostropovich died on 6 April 2007.,"April 14, 2007","TemporalValue(level=<TemporalLevel.DAY: 'DAY'>, year=2007, month=4, day=14, decade=2000, century=21, decade_modifier=<TemporalModifier.LATE: 'late'>, year_modifier=<TemporalModifier.EARLY: 'early'>, century_modifier=<TemporalModifier.EARLY: 'early'>, season=<Season.SPRING: 'spring'>)",DAY,False,-1.0,False,over_commit,"Date: April 14, 2007"
Q152043_death,agree,DAY,Mstislav Rostropovich died on 27 April 2007.,Mstislav Rostropovich died on 27 April 2007.,27 April 2007,"TemporalValue(level=<TemporalLevel.DAY: 'DAY'>, year=2007, month=4, day=27, decade=2000, century=21, decade_modifier=<TemporalModifier.LATE: 'late'>, year_modifier=<TemporalModifier.EARLY: 'early'>, century_modifier=<TemporalModifier.EARLY: 'early'>, season=<Season.SPRING: 'spring'>)",DAY,False,1.0,True,at_level,Date: 27 April 2007
Q152043_death,none,,,,2016,"TemporalValue(level=<TemporalLevel.YEAR: 'YEAR'>, year=2016, month=None, day=None, decade=2010, century=21, decade_modifier=<TemporalModifier.MID: 'mid'>, year_modifier=None, century_modifier=<TemporalModifier.EARLY: 'early'>, season=None)",YEAR,False,-0.5393459267796299,False,answered,Date: 2016
Q379580_death,conflict,YEAR,John Muir died on 25 October 1914.,John Muir died on 17 May 1914.,I don't know,,,True,0.0,False,idk,Date: I don't know
Q379580_death,agree,DAY,John Muir died on 24 December 1914.,John Muir died on 24 December 1914.,"December 24, 1914","TemporalValue(level=<TemporalLevel.DAY: 'DAY'>, year=1914, month=12, day=24, decade=1910, century=20, decade_modifier=<TemporalModifier.MID: 'mid'>, year_modifier=<TemporalModifier.LATE: 'late'>, century_modifier=<TemporalModifier.EARLY: 'early'>, season=<Season.WINTER: 'winter'>)",DAY,False,1.0,True,at_level,"Date: December 24, 1914"
Q379580_death,none,,,,4 April 1948,"TemporalValue(level=<TemporalLevel.DAY: 'DAY'>, year=1948, month=4, day=4, decade=1940, century=20, decade_modifier=<TemporalModifier.LATE: 'late'>, year_modifier=<TemporalModifier.EARLY: 'early'>, century_modifier=<TemporalModifier.MID: 'mid'>, season=<Season.SPRING: 'spring'>)",DAY,False,-1.0,False,answered,Date: 4 April 1948
Q19943_birth,conflict,DECADE,Juan Carlos I was born on 5 June 1931.,Juan Carlos I was born on 12 November 1935.,I don't know,,,True,0.0,False,idk,Date: I don't know
Q19943_birth,agree,DAY,Juan Carlos I was born on 5 January 1938.,Juan Carlos I was born on 5 January 1938.,5 January 1938,"TemporalValue(level=<TemporalLevel.DAY: 'DAY'>, year=1938, month=1, day=5, decade=1930, century=20, decade_modifier=<TemporalModifier.LATE: 'late'>, year_modifier=<TemporalModifier.EARLY: 'early'>, century_modifier=<TemporalModifier.MID: 'mid'>, season=<Season.WINTER: 'winter'>)",DAY,False,1.0,True,at_level,Date: 5 January 1938
Q19943_birth,none,,,,19 October 1926,"TemporalValue(level=<TemporalLevel.DAY: 'DAY'>, year=1926, month=10, day=19, decade=1920, century=20, decade_modifier=<TemporalModifier.MID: 'mid'>, year_modifier=<TemporalModifier.LATE: 'late'>, century_modifier=<TemporalModifier.EARLY: 'early'>, season=<Season.AUTUMN: 'autumn'>)",DAY,False,-1.0,False,answered,Date: 19 October 1926
Q19837_birth,conflict,MONTH,Steve Jobs was born on 26 February 1955.,Steve Jobs was born on 16 February 1955.,I don't know,,,True,0.0,False,idk,Date: I don't know
Q19837_birth,agree,DAY,Steve Jobs was born on 24 February 1955.,Steve Jobs was born on 24 February 1955.,24 February 1955,"TemporalValue(level=<TemporalLevel.DAY: 'DAY'>, year=1955, month=2, day=24, decade=1950, century=20, decade_modifier=<TemporalModifier.MID: 'mid'>, year_modifier=<TemporalModifier.EARLY: 'early'>, century_modifier=<TemporalModifier.MID: 'mid'>, season=<Season.WINTER: 'winter'>)",DAY,False,1.0,True,at_level,Date: 24 February 1955
Q19837_birth,none,,,,I don't know,,,True,0.0,False,idk,Date: I don't know
Q8462_birth,conflict,YEAR,Timur was born on 25 December 1336.,Timur was born on 2 October 1336.,I don't know,,,True,0.0,False,idk,Date: I don't know
Q8462_birth,agree,DAY,Timur was born on 16 April 1336.,Timur was born on 16 April 1336.,16 April 1336,"TemporalValue(level=<TemporalLevel.DAY: 'DAY'>, year=1336, month=4, day=16, decade=1330, century=14, decade_modifier=<TemporalModifier.MID: 'mid'>, year_modifier=<TemporalModifier.EARLY: 'early'>, century_modifier=<TemporalModifier.MID: 'mid'>, season=<Season.SPRING: 'spring'>)",DAY,False,1.0,True,at_level,Date: 16 April 1336
Q8462_birth,none,,,,1380,"TemporalValue(level=<TemporalLevel.YEAR: 'YEAR'>, year=1380, month=None, day=None, decade=1380, century=14, decade_modifier=<TemporalModifier.EARLY: 'early'>, year_modifier=None, century_modifier=<TemporalModifier.LATE: 'late'>, season=None)",YEAR,False,-0.5393459267796299,False,answered,Date: 1380
Q34787_death,conflict,DECADE,Friedrich Engels died on 24 March 1893.,Friedrich Engels died on 11 October 1894.,I don't know,,,True,0.0,False,idk,Date: I don't know
Q34787_death,agree,DAY,Friedrich Engels died on 5 August 1895.,Friedrich Engels died on 5 August 1895.,5 August 1895,"TemporalValue(level=<TemporalLevel.DAY: 'DAY'>, year=1895, month=8, day=5, decade=1890, century=19, decade_modifier=<TemporalModifier.MID: 'mid'>, year_modifier=<TemporalModifier.MID: 'mid'>, century_modifier=<TemporalModifier.LATE: 'late'>, season=<Season.SUMMER: 'summer'>)",DAY,False,1.0,True,at_level,Date: 5 August 1895
Q34787_death,none,,,,18 August 1895,"TemporalValue(level=<TemporalLevel.DAY: 'DAY'>, year=1895, month=8, day=18, decade=1890, century=19, decade_modifier=<TemporalModifier.MID: 'mid'>, year_modifier=<TemporalModifier.MID: 'mid'>, century_modifier=<TemporalModifier.LATE: 'late'>, season=<Season.SUMMER: 'summer'>)",DAY,False,-1.0,False,answered,Date: 18 August 1895
Q80596_birth,conflict,MONTH,Arthur Miller was born on 10 October 1915.,Arthur Miller was born on 13 October 1915.,"October 13, 1915","TemporalValue(level=<TemporalLevel.DAY: 'DAY'>, year=1915, month=10, day=13, decade=1910, century=20, decade_modifier=<TemporalModifier.MID: 'mid'>, year_modifier=<TemporalModifier.LATE: 'late'>, century_modifier=<TemporalModifier.EARLY: 'early'>, season=<Season.AUTUMN: 'autumn'>)",DAY,False,-1.0,False,over_commit,"Date: October 13, 1915"
Q80596_birth,agree,DAY,Arthur Miller was born on 17 October 1915.,Arthur Miller was born on 17 October 1915.,17 October 1915,"TemporalValue(level=<TemporalLevel.DAY: 'DAY'>, year=1915, month=10, day=17, decade=1910, century=20, decade_modifier=<TemporalModifier.MID: 'mid'>, year_modifier=<TemporalModifier.LATE: 'late'>, century_modifier=<TemporalModifier.EARLY: 'early'>, season=<Season.AUTUMN: 'autumn'>)",DAY,False,1.0,True,at_level,Date: 17 October 1915
Q80596_birth,none,,,,17 December 1915,"TemporalValue(level=<TemporalLevel.DAY: 'DAY'>, year=1915, month=12, day=17, decade=1910, century=20, decade_modifier=<TemporalModifier.MID: 'mid'>, year_modifier=<TemporalModifier.LATE: 'late'>, century_modifier=<TemporalModifier.EARLY: 'early'>, season=<Season.WINTER: 'winter'>)",DAY,False,-1.0,False,answered,Date: 17 December 1915
Q171684_death,conflict,YEAR,Syngman Rhee died on 10 December 1965.,Syngman Rhee died on 18 January 1965.,I don't know,,,True,0.0,False,idk,Date: I don't know
Q171684_death,agree,DAY,Syngman Rhee died on 19 July 1965.,Syngman Rhee died on 19 July 1965.,19 July 1965,"TemporalValue(level=<TemporalLevel.DAY: 'DAY'>, year=1965, month=7, day=19, decade=1960, century=20, decade_modifier=<TemporalModifier.MID: 'mid'>, year_modifier=<TemporalModifier.MID: 'mid'>, century_modifier=<TemporalModifier.MID: 'mid'>, season=<Season.SUMMER: 'summer'>)",DAY,False,1.0,True,at_level,Date: 19 July 1965
Q171684_death,none,,,,1972,"TemporalValue(level=<TemporalLevel.YEAR: 'YEAR'>, year=1972, month=None, day=None, decade=1970, century=20, decade_modifier=<TemporalModifier.EARLY: 'early'>, year_modifier=None, century_modifier=<TemporalModifier.LATE: 'late'>, season=None)",YEAR,False,-0.5393459267796299,False,answered,Date: 1972
Q36450_birth,conflict,DECADE,Catherine the Great was born on 14 November 1726.,Catherine the Great was born on 13 May 1720.,I don't know,,,True,0.0,False,idk,Date: I don't know
Q36450_birth,agree,DAY,Catherine the Great was born on 2 May 1729.,Catherine the Great was born on 2 May 1729.,2 May 1729,"TemporalValue(level=<TemporalLevel.DAY: 'DAY'>, year=1729, month=5, day=2, decade=1720, century=18, decade_modifier=<TemporalModifier.LATE: 'late'>, year_modifier=<TemporalModifier.MID: 'mid'>, century_modifier=<TemporalModifier.EARLY: 'early'>, season=<Season.SPRING: 'spring'>)",DAY,False,1.0,True,at_level,Date: 2 May 1729
Q36450_birth,none,,,,1729,"TemporalValue(level=<TemporalLevel.YEAR: 'YEAR'>, year=1729, month=None, day=None, decade=1720, century=18, decade_modifier=<TemporalModifier.LATE: 'late'>, year_modifier=None, century_modifier=<TemporalModifier.EARLY: 'early'>, season=None)",YEAR,False,0.5393459267796299,True,answered,Date: 1729
Q35802_birth,conflict,MONTH,Baruch Spinoza was born on 25 November 1632.,Baruch Spinoza was born on 7 November 1632.,I don't know,,,True,0.0,False,idk,Date: I don't know
Q35802_birth,agree,DAY,Baruch Spinoza was born on 24 November 1632.,Baruch Spinoza was born on 24 November 1632.,24 November 1632,"TemporalValue(level=<TemporalLevel.DAY: 'DAY'>, year=1632, month=11, day=24, decade=1630, century=17, decade_modifier=<TemporalModifier.EARLY: 'early'>, year_modifier=<TemporalModifier.LATE: 'late'>, century_modifier=<TemporalModifier.EARLY: 'early'>, season=<Season.AUTUMN: 'autumn'>)",DAY,False,1.0,True,at_level,Date: 24 November 1632
Q35802_birth,none,,,,1632,"TemporalValue(level=<TemporalLevel.YEAR: 'YEAR'>, year=1632, month=None, day=None, decade=1630, century=17, decade_modifier=<TemporalModifier.EARLY: 'early'>, year_modifier=None, century_modifier=<TemporalModifier.EARLY: 'early'>, season=None)",YEAR,False,0.5393459267796299,True,answered,Date: 1632
Q183679_death,conflict,YEAR,Tsung-Dao Lee died on 5 June 2024.,Tsung-Dao Lee died on 4 March 2024.,"March 4, 2024","TemporalValue(level=<TemporalLevel.DAY: 'DAY'>, year=2024, month=3, day=4, decade=2020, century=21, decade_modifier=<TemporalModifier.MID: 'mid'>, year_modifier=<TemporalModifier.EARLY: 'early'>, century_modifier=<TemporalModifier.EARLY: 'early'>, season=<Season.SPRING: 'spring'>)",DAY,False,-1.0,False,over_commit,"Date: March 4, 2024"
Q183679_death,agree,DAY,Tsung-Dao Lee died on 4 August 2024.,Tsung-Dao Lee died on 4 August 2024.,4 August 2024,"TemporalValue(level=<TemporalLevel.DAY: 'DAY'>, year=2024, month=8, day=4, decade=2020, century=21, decade_modifier=<TemporalModifier.MID: 'mid'>, year_modifier=<TemporalModifier.MID: 'mid'>, century_modifier=<TemporalModifier.EARLY: 'early'>, season=<Season.SUMMER: 'summer'>)",DAY,False,1.0,True,at_level,Date: 4 August 2024
Q183679_death,none,,,,1986,"TemporalValue(level=<TemporalLevel.YEAR: 'YEAR'>, year=1986, month=None, day=None, decade=1980, century=20, decade_modifier=<TemporalModifier.MID: 'mid'>, year_modifier=None, century_modifier=<TemporalModifier.LATE: 'late'>, season=None)",YEAR,False,-0.5393459267796299,False,answered,Date: 1986
Q128460_death,conflict,DECADE,Charles Perrault died on 14 January 1706.,Charles Perrault died on 13 October 1702.,13 October 1702,"TemporalValue(level=<TemporalLevel.DAY: 'DAY'>, year=1702, month=10, day=13, decade=1700, century=18, decade_modifier=<TemporalModifier.EARLY: 'early'>, year_modifier=<TemporalModifier.LATE: 'late'>, century_modifier=<TemporalModifier.EARLY: 'early'>, season=<Season.AUTUMN: 'autumn'>)",DAY,False,-1.0,False,over_commit,Date: 13 October 1702
Q128460_death,agree,DAY,Charles Perrault died on 16 May 1703.,Charles Perrault died on 16 May 1703.,16 May 1703,"TemporalValue(level=<TemporalLevel.DAY: 'DAY'>, year=1703, month=5, day=16, decade=1700, century=18, decade_modifier=<TemporalModifier.EARLY: 'early'>, year_modifier=<TemporalModifier.MID: 'mid'>, century_modifier=<TemporalModifier.EARLY: 'early'>, season=<Season.SPRING: 'spring'>)",DAY,False,1.0,True,at_level,Date: 16 May 1703
Q128460_death,none,,,,1688,"TemporalValue(level=<TemporalLevel.YEAR: 'YEAR'>, year=1688, month=None, day=None, decade=1680, century=17, decade_modifier=<TemporalModifier.LATE: 'late'>, year_modifier=None, century_modifier=<TemporalModifier.LATE: 'late'>, season=None)",YEAR,False,-0.5393459267796299,False,answered,Date: 1688
Q192496_birth,conflict,MONTH,Robert Fulton was born on 16 November 1756.,Robert Fulton was born on 3 November 1756.,I don't know,,,True,0.0,False,idk,Date: I don't know
Q192496_birth,agree,DAY,Robert Fulton was born on 14 November 1756.,Robert Fulton was born on 14 November 1756.,14 November 1756,"TemporalValue(level=<TemporalLevel.DAY: 'DAY'>, year=1756, month=11, day=14, decade=1750, century=18, decade_modifier=<TemporalModifier.MID: 'mid'>, year_modifier=<TemporalModifier.LATE: 'late'>, century_modifier=<TemporalModifier.MID: 'mid'>, season=<Season.AUTUMN: 'autumn'>)",DAY,False,1.0,True,at_level,Date: 14 November 1756
Q192496_birth,none,,,,1795,"TemporalValue(level=<TemporalLevel.YEAR: 'YEAR'>, year=1795, month=None, day=None, decade=1790, century=18, decade_modifier=<TemporalModifier.MID: 'mid'>, year_modifier=None, century_modifier=<TemporalModifier.LATE: 'late'>, season=None)",YEAR,False,-0.5393459267796299,False,answered,Date: 1795
Q23434_death,conflict,YEAR,Ernest Hemingway died on 25 December 1961.,Ernest Hemingway died on 14 February 1961.,I don't know,,,True,0.0,False,idk,Date: I don't know
Q23434_death,agree,DAY,Ernest Hemingway died on 2 July 1961.,Ernest Hemingway died on 2 July 1961.,2 July 1961,"TemporalValue(level=<TemporalLevel.DAY: 'DAY'>, year=1961, month=7, day=2, decade=1960, century=20, decade_modifier=<TemporalModifier.EARLY: 'early'>, year_modifier=<TemporalModifier.MID: 'mid'>, century_modifier=<TemporalModifier.MID: 'mid'>, season=<Season.SUMMER: 'summer'>)",DAY,False,1.0,True,at_level,Date: 2 July 1961
Q23434_death,none,,,,2 December 1961,"TemporalValue(level=<TemporalLevel.DAY: 'DAY'>, year=1961, month=12, day=2, decade=1960, century=20, decade_modifier=<TemporalModifier.EARLY: 'early'>, year_modifier=<TemporalModifier.LATE: 'late'>, century_modifier=<TemporalModifier.MID: 'mid'>, season=<Season.WINTER: 'winter'>)",DAY,False,-1.0,False,answered,Date: 2 December 1961
Q484265_death,conflict,DECADE,Andrew Carnegie died on 5 March 1918.,Andrew Carnegie died on 6 April 1912.,I don't know,,,True,0.0,False,idk,Date: I don't know
Q484265_death,agree,DAY,Andrew Carnegie died on 11 August 1919.,Andrew Carnegie died on 11 August 1919.,11 August 1919,"TemporalValue(level=<TemporalLevel.DAY: 'DAY'>, year=1919, month=8, day=11, decade=1910, century=20, decade_modifier=<TemporalModifier.LATE: 'late'>, year_modifier=<TemporalModifier.MID: 'mid'>, century_modifier=<TemporalModifier.EARLY: 'early'>, season=<Season.SUMMER: 'summer'>)",DAY,False,1.0,True,at_level,Date: 11 August 1919
Q484265_death,none,,,,11 November 1919,"TemporalValue(level=<TemporalLevel.DAY: 'DAY'>, year=1919, month=11, day=11, decade=1910, century=20, decade_modifier=<TemporalModifier.LATE: 'late'>, year_modifier=<TemporalModifier.LATE: 'late'>, century_modifier=<TemporalModifier.EARLY: 'early'>, season=<Season.AUTUMN: 'autumn'>)",DAY,False,-1.0,False,answered,Date: 11 November 1919
Q45546_birth,conflict,MONTH,William Wordsworth was born on 9 April 1770.,William Wordsworth was born on 1 April 1770.,"April 9, 1770","TemporalValue(level=<TemporalLevel.DAY: 'DAY'>, year=1770, month=4, day=9, decade=1770, century=18, decade_modifier=<TemporalModifier.EARLY: 'early'>, year_modifier=<TemporalModifier.EARLY: 'early'>, century_modifier=<TemporalModifier.LATE: 'late'>, season=<Season.SPRING: 'spring'>)",DAY,False,-1.0,False,over_commit,"Date: April 9, 1770"
Q45546_birth,agree,DAY,William Wordsworth was born on 7 April 1770.,William Wordsworth was born on 7 April 1770.,7 April 1770,"TemporalValue(level=<TemporalLevel.DAY: 'DAY'>, year=1770, month=4, day=7, decade=1770, century=18, decade_modifier=<TemporalModifier.EARLY: 'early'>, year_modifier=<TemporalModifier.EARLY: 'early'>, century_modifier=<TemporalModifier.LATE: 'late'>, season=<Season.SPRING: 'spring'>)",DAY,False,1.0,True,at_level,Date: 7 April 1770
Q45546_birth,none,,,,2 January 1770,"TemporalValue(level=<TemporalLevel.DAY: 'DAY'>, year=1770, month=1, day=2, decade=1770, century=18, decade_modifier=<TemporalModifier.EARLY: 'early'>, year_modifier=<TemporalModifier.EARLY: 'early'>, century_modifier=<TemporalModifier.LATE: 'late'>, season=<Season.WINTER: 'winter'>)",DAY,False,-1.0,False,answered,Date: 2 January 1770
Q2607_birth,conflict,YEAR,Erich Honecker was born on 27 October 1912.,Erich Honecker was born on 16 March 1912.,I don't know,,,True,0.0,False,idk,Date: I don't know
Q2607_birth,agree,DAY,Erich Honecker was born on 25 August 1912.,Erich Honecker was born on 25 August 1912.,25 August 1912,"TemporalValue(level=<TemporalLevel.DAY: 'DAY'>, year=1912, month=8, day=25, decade=1910, century=20, decade_modifier=<TemporalModifier.EARLY: 'early'>, year_modifier=<TemporalModifier.MID: 'mid'>, century_modifier=<TemporalModifier.EARLY: 'early'>, season=<Season.SUMMER: 'summer'>)",DAY,False,1.0,True,at_level,Date: 25 August 1912
Q2607_birth,none,,,,1920,"TemporalValue(level=<TemporalLevel.YEAR: 'YEAR'>, year=1920, month=None, day=None, decade=1920, century=20, decade_modifier=<TemporalModifier.EARLY: 'early'>, year_modifier=None, century_modifier=<TemporalModifier.EARLY: 'early'>, season=None)",YEAR,False,-0.5393459267796299,False,answered,Date: 1920
Q39607_birth,conflict,DECADE,Antoine Lavoisier was born on 26 December 1746.,Antoine Lavoisier was born on 22 June 1745.,I don't know,,,True,0.0,False,idk,Date: I don't know
Q39607_birth,agree,DAY,Antoine Lavoisier was born on 26 August 1743.,Antoine Lavoisier was born on 26 August 1743.,26 August 1743,"TemporalValue(level=<TemporalLevel.DAY: 'DAY'>, year=1743, month=8, day=26, decade=1740, century=18, decade_modifier=<TemporalModifier.EARLY: 'early'>, year_modifier=<TemporalModifier.MID: 'mid'>, century_modifier=<TemporalModifier.MID: 'mid'>, season=<Season.SUMMER: 'summer'>)",DAY,False,1.0,True,at_level,Date: 26 August 1743
Q39607_birth,none,,,,17 April 1743,"TemporalValue(level=<TemporalLevel.DAY: 'DAY'>, year=1743, month=4, day=17, decade=1740, century=18, decade_modifier=<TemporalModifier.EARLY: 'early'>, year_modifier=<TemporalModifier.EARLY: 'early'>, century_modifier=<TemporalModifier.MID: 'mid'>, season=<Season.SPRING: 'spring'>)",DAY,False,-1.0,False,answered,Date: 17 April 1743
Q9588_birth,conflict,MONTH,Richard Nixon was born on 4 January 1913.,Richard Nixon was born on 27 January 1913.,I don't know,,,True,0.0,False,idk,Date: I don't know
Q9588_birth,agree,DAY,Richard Nixon was born on 9 January 1913.,Richard Nixon was born on 9 January 1913.,9 January 1913,"TemporalValue(level=<TemporalLevel.DAY: 'DAY'>, year=1913, month=1, day=9, decade=1910, century=20, decade_modifier=<TemporalModifier.EARLY: 'early'>, year_modifier=<TemporalModifier.EARLY: 'early'>, century_modifier=<TemporalModifier.EARLY: 'early'>, season=<Season.WINTER: 'winter'>)",DAY,False,1.0,True,at_level,Date: 9 January 1913
Q9588_birth,none,,,,I don't know,,,True,0.0,False,idk,Date: I don't know
Q4061_death,conflict,YEAR,Woody Guthrie died on 6 July 1967.,Woody Guthrie died on 11 May 1967.,I don't know,,,True,0.0,False,idk,Date: I don't know
Q4061_death,agree,DAY,Woody Guthrie died on 3 October 1967.,Woody Guthrie died on 3 October 1967.,3 October 1967,"TemporalValue(level=<TemporalLevel.DAY: 'DAY'>, year=1967, month=10, day=3, decade=1960, century=20, decade_modifier=<TemporalModifier.LATE: 'late'>, year_modifier=<TemporalModifier.LATE: 'late'>, century_modifier=<TemporalModifier.MID: 'mid'>, season=<Season.AUTUMN: 'autumn'>)",DAY,False,1.0,True,at_level,Date: 3 October 1967
Q4061_death,none,,,,29 April 1967,"TemporalValue(level=<TemporalLevel.DAY: 'DAY'>, year=1967, month=4, day=29, decade=1960, century=20, decade_modifier=<TemporalModifier.LATE: 'late'>, year_modifier=<TemporalModifier.EARLY: 'early'>, century_modifier=<TemporalModifier.MID: 'mid'>, season=<Season.SPRING: 'spring'>)",DAY,False,-1.0,False,answered,Date: 29 April 1967
Q316945_birth,conflict,DECADE,Michiel de Ruyter was born on 23 September 1609.,Michiel de Ruyter was born on 13 March 1605.,I don't know,,,True,0.0,False,idk,Date: I don't know
Q316945_birth,agree,DAY,Michiel de Ruyter was born on 24 March 1607.,Michiel de Ruyter was born on 24 March 1607.,24 March 1607,"TemporalValue(level=<TemporalLevel.DAY: 'DAY'>, year=1607, month=3, day=24, decade=1600, century=17, decade_modifier=<TemporalModifier.LATE: 'late'>, year_modifier=<TemporalModifier.EARLY: 'early'>, century_modifier=<TemporalModifier.EARLY: 'early'>, season=<Season.SPRING: 'spring'>)",DAY,False,1.0,True,at_level,Date: 24 March 1607
Q316945_birth,none,,,,16 December 1605,"TemporalValue(level=<TemporalLevel.DAY: 'DAY'>, year=1605, month=12, day=16, decade=1600, century=17, decade_modifier=<TemporalModifier.MID: 'mid'>, year_modifier=<TemporalModifier.LATE: 'late'>, century_modifier=<TemporalModifier.EARLY: 'early'>, season=<Season.WINTER: 'winter'>)",DAY,False,-1.0,False,answered,Date: 16 December 1605
Q152513_death,conflict,MONTH,Henry Wadsworth Longfellow died on 25 March 1882.,Henry Wadsworth Longfellow died on 18 March 1882.,March 1882,"TemporalValue(level=<TemporalLevel.MONTH: 'MONTH'>, year=1882, month=3, day=None, decade=1880, century=19, decade_modifier=<TemporalModifier.EARLY: 'early'>, year_modifier=<TemporalModifier.EARLY: 'early'>, century_modifier=<TemporalModifier.LATE: 'late'>, season=<Season.SPRING: 'spring'>)",MONTH,False,0.7333632632172139,True,at_level,Date: March 1882
Q152513_death,agree,DAY,Henry Wadsworth Longfellow died on 24 March 1882.,Henry Wadsworth Longfellow died on 24 March 1882.,24 March 1882,"TemporalValue(level=<TemporalLevel.DAY: 'DAY'>, year=1882, month=3, day=24, decade=1880, century=19, decade_modifier=<TemporalModifier.EARLY: 'early'>, year_modifier=<TemporalModifier.EARLY: 'early'>, century_modifier=<TemporalModifier.LATE: 'late'>, season=<Season.SPRING: 'spring'>)",DAY,False,1.0,True,at_level,Date: 24 March 1882
Q152513_death,none,,,,1882,"TemporalValue(level=<TemporalLevel.YEAR: 'YEAR'>, year=1882, month=None, day=None, decade=1880, century=19, decade_modifier=<TemporalModifier.EARLY: 'early'>, year_modifier=None, century_modifier=<TemporalModifier.LATE: 'late'>, season=None)",YEAR,False,0.5393459267796299,True,answered,Date: 1882
Q133544_death,conflict,YEAR,John Logie Baird died on 13 May 1946.,John Logie Baird died on 12 April 1946.,"April 12, 1946","TemporalValue(level=<TemporalLevel.DAY: 'DAY'>, year=1946, month=4, day=12, decade=1940, century=20, decade_modifier=<TemporalModifier.MID: 'mid'>, year_modifier=<TemporalModifier.EARLY: 'early'>, century_modifier=<TemporalModifier.MID: 'mid'>, season=<Season.SPRING: 'spring'>)",DAY,False,-1.0,False,over_commit,"Date: April 12, 1946"
Q133544_death,agree,DAY,John Logie Baird died on 14 June 1946.,John Logie Baird died on 14 June 1946.,14 June 1946,"TemporalValue(level=<TemporalLevel.DAY: 'DAY'>, year=1946, month=6, day=14, decade=1940, century=20, decade_modifier=<TemporalModifier.MID: 'mid'>, year_modifier=<TemporalModifier.MID: 'mid'>, century_modifier=<TemporalModifier.MID: 'mid'>, season=<Season.SUMMER: 'summer'>)",DAY,False,1.0,True,at_level,Date: 14 June 1946
Q133544_death,none,,,,14 January 1946,"TemporalValue(level=<TemporalLevel.DAY: 'DAY'>, year=1946, month=1, day=14, decade=1940, century=20, decade_modifier=<TemporalModifier.MID: 'mid'>, year_modifier=<TemporalModifier.EARLY: 'early'>, century_modifier=<TemporalModifier.MID: 'mid'>, season=<Season.WINTER: 'winter'>)",DAY,False,-1.0,False,answered,Date: 14 January 1946
Q81082_death,conflict,DECADE,Henri Poincaré died on 10 September 1917.,Henri Poincaré died on 14 July 1918.,"July 14, 1918","TemporalValue(level=<TemporalLevel.DAY: 'DAY'>, year=1918, month=7, day=14, decade=1910, century=20, decade_modifier=<TemporalModifier.LATE: 'late'>, year_modifier=<TemporalModifier.MID: 'mid'>, century_modifier=<TemporalModifier.EARLY: 'early'>, season=<Season.SUMMER: 'summer'>)",DAY,False,-1.0,False,over_commit,"Date: July 14, 1918"
Q81082_death,agree,DAY,Henri Poincaré died on 17 July 1912.,Henri Poincaré died on 17 July 1912.,"July 17, 1912","TemporalValue(level=<TemporalLevel.DAY: 'DAY'>, year=1912, month=7, day=17, decade=1910, century=20, decade_modifier=<TemporalModifier.EARLY: 'early'>, year_modifier=<TemporalModifier.MID: 'mid'>, century_modifier=<TemporalModifier.EARLY: 'early'>, season=<Season.SUMMER: 'summer'>)",DAY,False,1.0,True,at_level,"Date: July 17, 1912"
Q81082_death,none,,,,7 January 1912,"TemporalValue(level=<TemporalLevel.DAY: 'DAY'>, year=1912, month=1, day=7, decade=1910, century=20, decade_modifier=<TemporalModifier.EARLY: 'early'>, year_modifier=<TemporalModifier.EARLY: 'early'>, century_modifier=<TemporalModifier.EARLY: 'early'>, season=<Season.WINTER: 'winter'>)",DAY,False,-1.0,False,answered,Date: 7 January 1912
Q50713_death,conflict,MONTH,Jean Renoir died on 28 February 1979.,Jean Renoir died on 4 February 1979.,"February 4, 1979","TemporalValue(level=<TemporalLevel.DAY: 'DAY'>, year=1979, month=2, day=4, decade=1970, century=20, decade_modifier=<TemporalModifier.LATE: 'late'>, year_modifier=<TemporalModifier.EARLY: 'early'>, century_modifier=<TemporalModifier.LATE: 'late'>, season=<Season.WINTER: 'winter'>)",DAY,False,-1.0,False,over_commit,"Date: February 4, 1979"
Q50713_death,agree,DAY,Jean Renoir died on 12 February 1979.,Jean Renoir died on 12 February 1979.,12 February 1979,"TemporalValue(level=<TemporalLevel.DAY: 'DAY'>, year=1979, month=2, day=12, decade=1970, century=20, decade_modifier=<TemporalModifier.LATE: 'late'>, year_modifier=<TemporalModifier.EARLY: 'early'>, century_modifier=<TemporalModifier.LATE: 'late'>, season=<Season.WINTER: 'winter'>)",DAY,False,1.0,True,at_level,Date: 12 February 1979
Q50713_death,none,,,,20 October 1979,"TemporalValue(level=<TemporalLevel.DAY: 'DAY'>, year=1979, month=10, day=20, decade=1970, century=20, decade_modifier=<TemporalModifier.LATE: 'late'>, year_modifier=<TemporalModifier.LATE: 'late'>, century_modifier=<TemporalModifier.LATE: 'late'>, season=<Season.AUTUMN: 'autumn'>)",DAY,False,-1.0,False,answered,Date: 20 October 1979
Q33977_birth,conflict,YEAR,Jules Verne was born on 5 December 1828.,Jules Verne was born on 1 April 1828.,I don't know,,,True,0.0,False,idk,Date: I don't know
Q33977_birth,agree,DAY,Jules Verne was born on 8 February 1828.,Jules Verne was born on 8 February 1828.,8 February 1828,"TemporalValue(level=<TemporalLevel.DAY: 'DAY'>, year=1828, month=2, day=8, decade=1820, century=19, decade_modifier=<TemporalModifier.LATE: 'late'>, year_modifier=<TemporalModifier.EARLY: 'early'>, century_modifier=<TemporalModifier.EARLY: 'early'>, season=<Season.WINTER: 'winter'>)",DAY,False,1.0,True,at_level,Date: 8 February 1828
Q33977_birth,none,,,,8 February 1828,"TemporalValue(level=<TemporalLevel.DAY: 'DAY'>, year=1828, month=2, day=8, decade=1820, century=19, decade_modifier=<TemporalModifier.LATE: 'late'>, year_modifier=<TemporalModifier.EARLY: 'early'>, century_modifier=<TemporalModifier.EARLY: 'early'>, season=<Season.WINTER: 'winter'>)",DAY,False,1.0,True,answered,Date: 8 February 1828
Q1231345_birth,conflict,DECADE,Paul Kagame was born on 25 December 1959.,Paul Kagame was born on 23 November 1951.,I don't know,,,True,0.0,False,idk,Date: I don't know
Q1231345_birth,agree,DAY,Paul Kagame was born on 23 October 1957.,Paul Kagame was born on 23 October 1957.,23 October 1957,"TemporalValue(level=<TemporalLevel.DAY: 'DAY'>, year=1957, month=10, day=23, decade=1950, century=20, decade_modifier=<TemporalModifier.LATE: 'late'>, year_modifier=<TemporalModifier.LATE: 'late'>, century_modifier=<TemporalModifier.MID: 'mid'>, season=<Season.AUTUMN: 'autumn'>)",DAY,False,1.0,True,at_level,Date: 23 October 1957
Q1231345_birth,none,,,,4 July 1966,"TemporalValue(level=<TemporalLevel.DAY: 'DAY'>, year=1966, month=7, day=4, decade=1960, century=20, decade_modifier=<TemporalModifier.MID: 'mid'>, year_modifier=<TemporalModifier.MID: 'mid'>, century_modifier=<TemporalModifier.MID: 'mid'>, season=<Season.SUMMER: 'summer'>)",DAY,False,-1.0,False,answered,Date: 4 July 1966
Q200131_birth,conflict,MONTH,Antônio Carlos Jobim was born on 7 January 1927.,Antônio Carlos Jobim was born on 20 January 1927.,I don't know,,,True,0.0,False,idk,Date: I don't know
Q200131_birth,agree,DAY,Antônio Carlos Jobim was born on 25 January 1927.,Antônio Carlos Jobim was born on 25 January 1927.,25 January 1927,"TemporalValue(level=<TemporalLevel.DAY: 'DAY'>, year=1927, month=1, day=25, decade=1920, century=20, decade_modifier=<TemporalModifier.LATE: 'late'>, year_modifier=<TemporalModifier.EARLY: 'early'>, century_modifier=<TemporalModifier.EARLY: 'early'>, season=<Season.WINTER: 'winter'>)",DAY,False,1.0,True,at_level,Date: 25 January 1927
Q200131_birth,none,,,,I don't know,,,True,0.0,False,idk,Date: I don't know
Q45662_death,conflict,YEAR,Klemens von Metternich died on 17 December 1859.,Klemens von Metternich died on 4 November 1859.,I don't know,,,True,0.0,False,idk,Date: I don't know
Q45662_death,agree,DAY,Klemens von Metternich died on 11 June 1859.,Klemens von Metternich died on 11 June 1859.,11 June 1859,"TemporalValue(level=<TemporalLevel.DAY: 'DAY'>, year=1859, month=6, day=11, decade=1850, century=19, decade_modifier=<TemporalModifier.LATE: 'late'>, year_modifier=<TemporalModifier.MID: 'mid'>, century_modifier=<TemporalModifier.MID: 'mid'>, season=<Season.SUMMER: 'summer'>)",DAY,False,1.0,True,at_level,Date: 11 June 1859
Q45662_death,none,,,,1823,"TemporalValue(level=<TemporalLevel.YEAR: 'YEAR'>, year=1823, month=None, day=None, decade=1820, century=19, decade_modifier=<TemporalModifier.EARLY: 'early'>, year_modifier=None, century_modifier=<TemporalModifier.EARLY: 'early'>, season=None)",YEAR,False,-0.5393459267796299,False,answered,Date: 1823
Q75786_death,conflict,DECADE,Eduard Bernstein died on 3 July 1935.,Eduard Bernstein died on 1 January 1933.,I don't know,,,True,0.0,False,idk,Date: I don't know
Q75786_death,agree,DAY,Eduard Bernstein died on 18 December 1932.,Eduard Bernstein died on 18 December 1932.,18 December 1932,"TemporalValue(level=<TemporalLevel.DAY: 'DAY'>, year=1932, month=12, day=18, decade=1930, century=20, decade_modifier=<TemporalModifier.EARLY: 'early'>, year_modifier=<TemporalModifier.LATE: 'late'>, century_modifier=<TemporalModifier.EARLY: 'early'>, season=<Season.WINTER: 'winter'>)",DAY,False,1.0,True,at_level,Date: 18 December 1932
Q75786_death,none,,,,1906,"TemporalValue(level=<TemporalLevel.YEAR: 'YEAR'>, year=1906, month=None, day=None, decade=1900, century=20, decade_modifier=<TemporalModifier.MID: 'mid'>, year_modifier=None, century_modifier=<TemporalModifier.EARLY: 'early'>, season=None)",YEAR,False,-0.5393459267796299,False,answered,Date: 1906
Q38370_death,conflict,MONTH,Henry VIII died on 4 February 1547.,Henry VIII died on 13 February 1547.,"February 13, 1547","TemporalValue(level=<TemporalLevel.DAY: 'DAY'>, year=1547, month=2, day=13, decade=1540, century=16, decade_modifier=<TemporalModifier.LATE: 'late'>, year_modifier=<TemporalModifier.EARLY: 'early'>, century_modifier=<TemporalModifier.MID: 'mid'>, season=<Season.WINTER: 'winter'>)",DAY,False,-1.0,False,over_commit,"Date: February 13, 1547"
Q38370_death,agree,DAY,Henry VIII died on 7 February 1547.,Henry VIII died on 7 February 1547.,7 February 1547,"TemporalValue(level=<TemporalLevel.DAY: 'DAY'>, year=1547, month=2, day=7, decade=1540, century=16, decade_modifier=<TemporalModifier.LATE: 'late'>, year_modifier=<TemporalModifier.EARLY: 'early'>, century_modifier=<TemporalModifier.MID: 'mid'>, season=<Season.WINTER: 'winter'>)",DAY,False,1.0,True,at_level,Date: 7 February 1547
Q38370_death,none,,,,28 June 1547,"TemporalValue(level=<TemporalLevel.DAY: 'DAY'>, year=1547, month=6, day=28, decade=1540, century=16, decade_modifier=<TemporalModifier.LATE: 'late'>, year_modifier=<TemporalModifier.MID: 'mid'>, century_modifier=<TemporalModifier.MID: 'mid'>, season=<Season.SUMMER: 'summer'>)",DAY,False,-1.0,False,answered,Date: 28 June 1547
Q57423_birth,conflict,YEAR,John Jacob Astor was born on 4 September 1763.,John Jacob Astor was born on 22 June 1763.,I don't know,,,True,0.0,False,idk,Date: I don't know
Q57423_birth,agree,DAY,John Jacob Astor was born on 17 July 1763.,John Jacob Astor was born on 17 July 1763.,17 July 1763,"TemporalValue(level=<TemporalLevel.DAY: 'DAY'>, year=1763, month=7, day=17, decade=1760, century=18, decade_modifier=<TemporalModifier.EARLY: 'early'>, year_modifier=<TemporalModifier.MID: 'mid'>, century_modifier=<TemporalModifier.MID: 'mid'>, season=<Season.SUMMER: 'summer'>)",DAY,False,1.0,True,at_level,Date: 17 July 1763
Q57423_birth,none,,,,1763,"TemporalValue(level=<TemporalLevel.YEAR: 'YEAR'>, year=1763, month=None, day=None, decade=1760, century=18, decade_modifier=<TemporalModifier.EARLY: 'early'>, year_modifier=None, century_modifier=<TemporalModifier.MID: 'mid'>, season=None)",YEAR,False,0.5393459267796299,True,answered,Date: 1763
Q210735_birth,conflict,DECADE,Tomás de Torquemada was born on 23 October 1428.,Tomás de Torquemada was born on 22 May 1426.,I don't know,,,True,0.0,False,idk,Date: I don't know
Q210735_birth,agree,DAY,Tomás de Torquemada was born on 23 October 1420.,Tomás de Torquemada was born on 23 October 1420.,23 October 1420,"TemporalValue(level=<TemporalLevel.DAY: 'DAY'>, year=1420, month=10, day=23, decade=1420, century=15, decade_modifier=<TemporalModifier.EARLY: 'early'>, year_modifier=<TemporalModifier.LATE: 'late'>, century_modifier=<TemporalModifier.EARLY: 'early'>, season=<Season.AUTUMN: 'autumn'>)",DAY,False,1.0,True,at_level,Date: 23 October 1420
Q210735_birth,none,,,,1420-1423,"TemporalValue(level=<TemporalLevel.YEAR: 'YEAR'>, year=1420, month=None, day=None, decade=1420, century=15, decade_modifier=<TemporalModifier.EARLY: 'early'>, year_modifier=None, century_modifier=<TemporalModifier.EARLY: 'early'>, season=None)",YEAR,False,0.5393459267796299,True,answered,Date: 1420-1423
Q104190_death,conflict,MONTH,Robert Walpole died on 16 March 1745.,Robert Walpole died on 26 March 1745.,"March 16, 1745","TemporalValue(level=<TemporalLevel.DAY: 'DAY'>, year=1745, month=3, day=16, decade=1740, century=18, decade_modifier=<TemporalModifier.MID: 'mid'>, year_modifier=<TemporalModifier.EARLY: 'early'>, century_modifier=<TemporalModifier.MID: 'mid'>, season=<Season.SPRING: 'spring'>)",DAY,False,-1.0,False,over_commit,"Date: March 16, 1745"
Q104190_death,agree,DAY,Robert Walpole died on 29 March 1745.,Robert Walpole died on 29 March 1745.,29 March 1745,"TemporalValue(level=<TemporalLevel.DAY: 'DAY'>, year=1745, month=3, day=29, decade=1740, century=18, decade_modifier=<TemporalModifier.MID: 'mid'>, year_modifier=<TemporalModifier.EARLY: 'early'>, century_modifier=<TemporalModifier.MID: 'mid'>, season=<Season.SPRING: 'spring'>)",DAY,False,1.0,True,at_level,Date: 29 March 1745
Q104190_death,none,,,,12 October 1790,"TemporalValue(level=<TemporalLevel.DAY: 'DAY'>, year=1790, month=10, day=12, decade=1790, century=18, decade_modifier=<TemporalModifier.EARLY: 'early'>, year_modifier=<TemporalModifier.LATE: 'late'>, century_modifier=<TemporalModifier.LATE: 'late'>, season=<Season.AUTUMN: 'autumn'>)",DAY,False,-1.0,False,answered,Date: 12 October 1790
Q298678_birth,conflict,YEAR,Muhammad Ahmad was born on 18 April 1844.,Muhammad Ahmad was born on 18 March 1844.,I don't know,,,True,0.0,False,idk,Date: I don't know
Q298678_birth,agree,DAY,Muhammad Ahmad was born on 12 August 1844.,Muhammad Ahmad was born on 12 August 1844.,12 August 1844,"TemporalValue(level=<TemporalLevel.DAY: 'DAY'>, year=1844, month=8, day=12, decade=1840, century=19, decade_modifier=<TemporalModifier.MID: 'mid'>, year_modifier=<TemporalModifier.MID: 'mid'>, century_modifier=<TemporalModifier.MID: 'mid'>, season=<Season.SUMMER: 'summer'>)",DAY,False,1.0,True,at_level,Date: 12 August 1844
Q298678_birth,none,,,,1844,"TemporalValue(level=<TemporalLevel.YEAR: 'YEAR'>, year=1844, month=None, day=None, decade=1840, century=19, decade_modifier=<TemporalModifier.MID: 'mid'>, year_modifier=None, century_modifier=<TemporalModifier.MID: 'mid'>, season=None)",YEAR,False,0.5393459267796299,True,answered,Date: 1844
Q5921_birth,conflict,DECADE,Chuck Berry was born on 27 January 1921.,Chuck Berry was born on 28 November 1922.,I don't know,,,True,0.0,False,idk,Date: I don't know
Q5921_birth,agree,DAY,Chuck Berry was born on 18 October 1926.,Chuck Berry was born on 18 October 1926.,18 October 1926,"TemporalValue(level=<TemporalLevel.DAY: 'DAY'>, year=1926, month=10, day=18, decade=1920, century=20, decade_modifier=<TemporalModifier.MID: 'mid'>, year_modifier=<TemporalModifier.LATE: 'late'>, century_modifier=<TemporalModifier.EARLY: 'early'>, season=<Season.AUTUMN: 'autumn'>)",DAY,False,1.0,True,at_level,Date: 18 October 1926
Q5921_birth,none,,,,I don't know,,,True,0.0,False,idk,Date: I don't know
Q7836_death,conflict,MONTH,René Magritte died on 6 August 1967.,René Magritte died on 18 August 1967.,I don't know,,,True,0.0,False,idk,Date: I don't know
Q7836_death,agree,DAY,René Magritte died on 15 August 1967.,René Magritte died on 15 August 1967.,15 August 1967,"TemporalValue(level=<TemporalLevel.DAY: 'DAY'>, year=1967, month=8, day=15, decade=1960, century=20, decade_modifier=<TemporalModifier.LATE: 'late'>, year_modifier=<TemporalModifier.MID: 'mid'>, century_modifier=<TemporalModifier.MID: 'mid'>, season=<Season.SUMMER: 'summer'>)",DAY,False,1.0,True,at_level,Date: 15 August 1967
Q7836_death,none,,,,15 January 1967,"TemporalValue(level=<TemporalLevel.DAY: 'DAY'>, year=1967, month=1, day=15, decade=1960, century=20, decade_modifier=<TemporalModifier.LATE: 'late'>, year_modifier=<TemporalModifier.EARLY: 'early'>, century_modifier=<TemporalModifier.MID: 'mid'>, season=<Season.WINTER: 'winter'>)",DAY,False,-1.0,False,answered,Date: 15 January 1967
Q222227_birth,conflict,YEAR,Kūkai was born on 22 August 774.,Kūkai was born on 7 November 774.,7 November 774,"TemporalValue(level=<TemporalLevel.DAY: 'DAY'>, year=774, month=11, day=7, decade=770, century=8, decade_modifier=<TemporalModifier.MID: 'mid'>, year_modifier=<TemporalModifier.LATE: 'late'>, century_modifier=<TemporalModifier.LATE: 'late'>, season=<Season.AUTUMN: 'autumn'>)",DAY,False,-1.0,False,over_commit,Date: 7 November 774
Q222227_birth,agree,DAY,Kūkai was born on 31 July 774.,Kūkai was born on 31 July 774.,31 July 774,"TemporalValue(level=<TemporalLevel.DAY: 'DAY'>, year=774, month=7, day=31, decade=770, century=8, decade_modifier=<TemporalModifier.MID: 'mid'>, year_modifier=<TemporalModifier.MID: 'mid'>, century_modifier=<TemporalModifier.LATE: 'late'>, season=<Season.SUMMER: 'summer'>)",DAY,False,1.0,True,at_level,Date: 31 July 774
Q222227_birth,none,,,,774,"TemporalValue(level=<TemporalLevel.YEAR: 'YEAR'>, year=774, month=None, day=None, decade=770, century=8, decade_modifier=<TemporalModifier.MID: 'mid'>, year_modifier=None, century_modifier=<TemporalModifier.LATE: 'late'>, season=None)",YEAR,False,0.5393459267796299,True,answered,Date: 774
Q182031_death,conflict,DECADE,Jack Kilby died on 1 May 2008.,Jack Kilby died on 5 October 2007.,"October 5, 2007","TemporalValue(level=<TemporalLevel.DAY: 'DAY'>, year=2007, month=10, day=5, decade=2000, century=21, decade_modifier=<TemporalModifier.LATE: 'late'>, year_modifier=<TemporalModifier.LATE: 'late'>, century_modifier=<TemporalModifier.EARLY: 'early'>, season=<Season.AUTUMN: 'autumn'>)",DAY,False,-1.0,False,over_commit,"Date: October 5, 2007"
Q182031_death,agree,DAY,Jack Kilby died on 20 June 2005.,Jack Kilby died on 20 June 2005.,20 June 2005,"TemporalValue(level=<TemporalLevel.DAY: 'DAY'>, year=2005, month=6, day=20, decade=2000, century=21, decade_modifier=<TemporalModifier.MID: 'mid'>, year_modifier=<TemporalModifier.MID: 'mid'>, century_modifier=<TemporalModifier.EARLY: 'early'>, season=<Season.SUMMER: 'summer'>)",DAY,False,1.0,True,at_level,Date: 20 June 2005
Q182031_death,none,,,,1975,"TemporalValue(level=<TemporalLevel.YEAR: 'YEAR'>, year=1975, month=None, day=None, decade=1970, century=20, decade_modifier=<TemporalModifier.MID: 'mid'>, year_modifier=None, century_modifier=<TemporalModifier.LATE: 'late'>, season=None)",YEAR,False,-0.5393459267796299,False,answered,Date: 1975
Q78485_death,conflict,MONTH,Anna Freud died on 14 October 1982.,Anna Freud died on 6 October 1982.,"October 14, 1982","TemporalValue(level=<TemporalLevel.DAY: 'DAY'>, year=1982, month=10, day=14, decade=1980, century=20, decade_modifier=<TemporalModifier.EARLY: 'early'>, year_modifier=<TemporalModifier.LATE: 'late'>, century_modifier=<TemporalModifier.LATE: 'late'>, season=<Season.AUTUMN: 'autumn'>)",DAY,False,-1.0,False,over_commit,"Date: October 14, 1982"
Q78485_death,agree,DAY,Anna Freud died on 9 October 1982.,Anna Freud died on 9 October 1982.,9 October 1982,"TemporalValue(level=<TemporalLevel.DAY: 'DAY'>, year=1982, month=10, day=9, decade=1980, century=20, decade_modifier=<TemporalModifier.EARLY: 'early'>, year_modifier=<TemporalModifier.LATE: 'late'>, century_modifier=<TemporalModifier.LATE: 'late'>, season=<Season.AUTUMN: 'autumn'>)",DAY,False,1.0,True,at_level,Date: 9 October 1982
Q78485_death,none,,,,1982,"TemporalValue(level=<TemporalLevel.YEAR: 'YEAR'>, year=1982, month=None, day=None, decade=1980, century=20, decade_modifier=<TemporalModifier.EARLY: 'early'>, year_modifier=None, century_modifier=<TemporalModifier.LATE: 'late'>, season=None)",YEAR,False,0.5393459267796299,True,answered,Date: 1982
