qid,relation,question,raw,answer,kind,is_idk,match_level,strict_level,gold_fine,gold_coarse
12306,P264,What music label is Small Town Murder Scene represented by?,Answer: Epitaph Records,Epitaph Records,answered,False,,,Paper Bag Records,Canadian independent record label
12326,P264,What music label is Dulcinea represented by?,Answer: I don't know,I don't know,abstained,True,,,Columbia Records,Sony Music Entertainment
8951,P127,Who owns Frozen?,Answer: Walt Disney owns Frozen.,Walt Disney owns Frozen.,answered,False,,,The Walt Disney Company,A company
4704,P50,Who is the author of House of Reckoning?,"Answer: The author of ""House of Reckoning"" is John Grisham.","The author of ""House of Reckoning"" is John Grisham.",answered,False,,,John Saul,American writer
3903,P50,Who is the author of Journey to the End of the Whale?,Answer: Herman Melville,Herman Melville,answered,False,,,John David Morley,British person
10919,P176,Which company is 7.5 cm Pak 40 produced by?,Answer: The Pak-80 was developed by China's Changchun Jiefang Automobile Factory.,The Pak-80 was developed by China's Changchun Jiefang Automobile Factory.,answered,False,,,Rheinmetall AG,a German company
11714,P176,Which company is BT-series tank produced by?,Answer: The BT-series tanks were primarily produced by British companies such as Vickers and Armstrong Whitworth during World War II.,The BT-series tanks were primarily produced by British companies such as Vickers and Armstrong Whitworth during World War II.,answered,False,,,Malyshev Factory,a state-owned company
10605,P175,Who performed The Message at the Depth?,Answer: The Message was performed by The Black Eyed Peas.,The Message was performed by The Black Eyed Peas.,answered,False,,,DJ Krush,a DJ
5206,P69,Where was Coline-Marie Orliac educated?,Answer: Coline-Marie Orliac was educated in France.,Coline-Marie Orliac was educated in France.,answered,False,,,Curtis Institute of Music,music school
9746,P170,Who was Father Murphy created by?,Answer: Father Murphy was created by John F. Kennedy.,Father Murphy was created by John F. Kennedy.,answered,False,,,Michael Landon,an actor
5233,P69,Where was Mieno Eiko educated?,Answer: Mieno Eiko was educated in Japan.,Mieno Eiko was educated in Japan.,answered,False,,,Kyushu University,a university in Japan
11493,P176,Which company is MQM-42 Redhead produced by?,Answer: The MQM-42 Redhead was produced by Raytheon Company.,The MQM-42 Redhead was produced by Raytheon Company.,answered,False,,,North American Aviation,an aerospace manufacturer
12645,P264,What music label is Ad Astra per Aspera represented by?,Answer: Universal Music Group,Universal Music Group,answered,False,,,Gotee Records,A record label
8677,P127,Who owns J. Mack Robinson College of Business Administration Building?,Answer: The J. Mack Robinson College of Business Administration Building is owned by Emory University.,The J. Mack Robinson College of Business Administration Building is owned by Emory University.,answered,False,,,Georgia State University,a public university
11595,P176,Which company is A-Rosa Aqua produced by?,Answer: A-Rosa Aqua is produced by A-Rosa Beauty.,A-Rosa Aqua is produced by A-Rosa Beauty.,answered,False,,,Neptun Werft,a German company
12129,P264,What music label is Brother/Sister represented by?,Answer: I don't know,I don't know,abstained,True,,,Rock Ridge Music,US independent music label
10575,P175,Who performed My Baby?,"Answer: The song ""My Baby"" was performed by The Beatles.","The song ""My Baby"" was performed by The Beatles.",answered,False,,,The Temptations,American musicians
11594,P176,Which company is Agrale Marruá produced by?,Answer: Agrale Marruá is produced by Agrale Group.,Agrale Marruá is produced by Agrale Group.,answered,False,0.0,0.0,Agrale,a Brazilian company
10580,P175,Who performed Puzzle People?,"Answer: The song ""Puzzle People"" was performed by The Verve.","The song ""Puzzle People"" was performed by The Verve.",answered,False,,,The Temptations,A group of singers
11553,P176,Which company is Bristol 403 produced by?,Answer: Bristol Aeroplane Company,Bristol Aeroplane Company,answered,False,1.0,1.0,Bristol Cars,British company
8503,P127,Who owns Aruba Networks?,Answer: Aruba Networks is owned by HP Enterprise Services.,Aruba Networks is owned by HP Enterprise Services.,answered,False,,,Hewlett-Packard,an American information technology company
9611,P170,Who was Rescue Me created by?,"Answer: The show ""Rescue Me"" was created by David Milch.","The show ""Rescue Me"" was created by David Milch.",answered,False,,,Denis Leary,an actor
11204,P176,Which company is Pentax *ist DS produced by?,Answer: Canon,Canon,answered,False,,,Pentax,A company
8132,P127,Who owns MS Bremen?,Answer: The ownership of MS Bremen is unclear as it was sold to various entities over time without specific information on current ownership.,The ownership of MS Bremen is unclear as it was sold to various entities over time without specific information on current ownership.,answered,False,,,Hapag-Lloyd,a German company
9661,P170,Who was Cloud Strife created by?,Answer: Cloud Strife was created by Square Enix.,Cloud Strife was created by Square Enix.,answered,False,1.0,1.0,Tetsuya Nomura,a video game designer
3948,P50,Who is the author of The Testament of Cresseid?,Answer: Anonymous,Anonymous,answered,False,,,Robert Henryson,a poet
8323,P127,Who owns Interstate 696?,Answer: I don't know,I don't know,abstained,True,,,Michigan Department of Transportation,United States government
12138,P264,What music label is No Me Compares Con Nadie represented by?,Answer: Universal Music Group,Universal Music Group,answered,False,,,Sony Music,American international record label
4265,P50,"Who is the author of Destiny, or The Attraction of Affinities?",Answer: I don't know,I don't know,abstained,True,,,John David Morley,a British writer
9319,P170,Who was Sarap Diva created by?,"Answer: Sarap Diva is not a widely known or recognized character or product. Therefore, I cannot provide an accurate creator for Sarap Diva.","Sarap Diva is not a widely known or recognized character or product. Therefore, I cannot provide an accurate creator for Sarap Diva.",answered,False,,,GMA Network,a television network
11247,P176,Which company is RFA Wave Knight produced by?,Answer: RFA Wave Knight is produced by RFA (Ruslan Fintech Academy).,RFA Wave Knight is produced by RFA (Ruslan Fintech Academy).,answered,False,,,Vickers Shipbuilding and Engineering,British company
4731,P69,Where was Ray Marshall educated?,"Answer: Ray Marshall was educated at Stanford University and the University of California, Berkeley.","Ray Marshall was educated at Stanford University and the University of California, Berkeley.",answered,False,,,Louisiana State University,a public university
8417,P127,Who owns Penn State Ice Pavilion?,Answer: The Penn State Ice Pavilion is owned by the Pennsylvania State University.,The Penn State Ice Pavilion is owned by the Pennsylvania State University.,answered,False,0.0,0.0,Pennsylvania State University,Pennsylvania State University
10898,P176,Which company is Matra Durandal produced by?,Answer: Matra Durandal is produced by Safran.,Matra Durandal is produced by Safran.,answered,False,0.0,0.0,Matra,a French company
10496,P175,Who performed Buenos Aires '13?,"Answer: The song ""Buenos Aires '13"" was performed by J Balvin and Willy William.","The song ""Buenos Aires '13"" was performed by J Balvin and Willy William.",answered,False,,,Markus Schulz,a German
11520,P176,Which company is Suzuki GF250 produced by?,Answer: Suzuki,Suzuki,answered,False,0.0,0.0,Suzuki,automotive corporation
10127,P175,Who performed Tender Kisses?,"Answer: The song ""Tender Kisses"" was performed by American singer-songwriter John Lennon.","The song ""Tender Kisses"" was performed by American singer-songwriter John Lennon.",answered,False,,,Tracie Spencer,a singer-songwriter and actress
8557,P127,Who owns SVT1?,Answer: I don't know,I don't know,abstained,True,,,Sveriges Television,a Swedish company
3899,P50,Who is the author of Black Mischief?,"Answer: The author of ""Black Mischief"" is John D. MacDonald.","The author of ""Black Mischief"" is John D. MacDonald.",answered,False,,,Evelyn Waugh,a British writer
9758,P170,Who was Hubert Bonisseur de La Bath created by?,Answer: Hubert Bonisseur de La Bath was created by Pierre Boulle.,Hubert Bonisseur de La Bath was created by Pierre Boulle.,answered,False,,,Jean Bruce,a French writer
4182,P50,Who is the author of Janissaries III: Storms of Victory?,"Answer: The author of ""Janissaries III: Storms of Victory"" is John M. Marquand.","The author of ""Janissaries III: Storms of Victory"" is John M. Marquand.",answered,False,,,Jerry Pournelle,an American science fiction writer
8531,P127,Who owns Fox Footy?,"Answer: The Australian Football League (AFL) is owned by the AFL Corporation Limited, which was established in 1984 and has been responsible for","The Australian Football League (AFL) is owned by the AFL Corporation Limited, which was established in 1984 and has been responsible for",answered,False,,,Fox Sports Pty Limited,Australian company
5180,P69,Where was Waloddi Weibull educated?,Answer: Waloddi Weibull was educated in Sweden.,Waloddi Weibull was educated in Sweden.,answered,False,,,Uppsala University,a university in Sweden
4471,P50,Who is the author of The Adventures of Harry Richmond?,Answer: Robert Louis Stevenson,Robert Louis Stevenson,answered,False,,,George Meredith,a British writer
4119,P50,Who is the author of The Return of John MacNab?,Answer: The Return of John MacNab was written by Robert W. Chambers.,The Return of John MacNab was written by Robert W. Chambers.,answered,False,,,Andrew Greig,a Scottish writer
4941,P69,Where was Juan de Cervantes educated?,"Answer: Juan de Cervantes was educated in Salamanca, Spain.","Juan de Cervantes was educated in Salamanca, Spain.",answered,False,1.0,1.0,University of Salamanca,Spain
4333,P50,Who is the author of Balance of Power?,"Answer: The author of ""Balance of Power"" is John Mearsheimer.","The author of ""Balance of Power"" is John Mearsheimer.",answered,False,,,Dafydd ab Hugh,American author
8875,P127,Who owns Allrecipes.com?,Answer: The website Allrecipes.com is owned by Food Network Corporation of America (FNC).,The website Allrecipes.com is owned by Food Network Corporation of America (FNC).,answered,False,,,Meredith Corporation,A company
9050,P170,Who was The Amazing Race created by?,Answer: The Amazing Race was created by Skip Barber and Paul Watson.,The Amazing Race was created by Skip Barber and Paul Watson.,answered,False,,,Elise Doganieri,American television producers
8072,P127,Who owns Whitehead railway station?,Answer: The Whitehead Railway Station is owned by Network Rail.,The Whitehead Railway Station is owned by Network Rail.,answered,False,,,NI Railways,A rail transport organisation
12297,P264,What music label is Kentucky Thunder represented by?,Answer: I don't know,I don't know,abstained,True,,,Epic,a music label
12257,P264,What music label is A Million Thoughts and They're All About You represented by?,Answer: Universal Music Group,Universal Music Group,answered,False,,,Artoffact Records,a Canadian record label
4527,P50,Who is the author of Whiteout: Melt?,"Answer: The author of ""Whiteout: Melt"" is David Foster Wallace.","The author of ""Whiteout: Melt"" is David Foster Wallace.",answered,False,,,Greg Rucka,Greg Rucka
10936,P176,Which company is HK4 produced by?,Answer: I don't know,I don't know,abstained,True,,,Heckler & Koch,a defense manufacturing company
5806,P112,Who founded Hallwyl Museum?,Answer: The Hallwyl Museum was founded by Hans Hallwyl.,The Hallwyl Museum was founded by Hans Hallwyl.,answered,False,,,Wilhelmina von Hallwyl,a Swedish person
5899,P112,Who founded Jil Sander?,Answer: Helmut Lang founded Jil Sander.,Helmut Lang founded Jil Sander.,answered,False,0.0,0.0,Jil Sander,A German
11685,P176,Which company is HMS Gladiolus produced by?,Answer: I don't know,I don't know,abstained,True,,,Smiths Dock Company,shipbuilding company
10899,P176,Which company is German submarine U-659 produced by?,Answer: I don't know,I don't know,abstained,True,,,Howaldtswerke-Deutsche Werft,German company
9507,P170,Who was On n'demande qu'à en rire created by?,Answer: On n'demande qu'à en rire was created by Jean-Pierre Jeunet and Marc Caro.,On n'demande qu'à en rire was created by Jean-Pierre Jeunet and Marc Caro.,answered,False,,,Laurent Ruquier,a French satirical comedian
12579,P264,What music label is Days of Wine and Roses and Other TV Requests represented by?,Answer: Answer: EMI Music Publishing.,Answer: EMI Music Publishing.,answered,False,,,Columbia Records,Sony Music Entertainment
8635,P127,Who owns Peru Tribune?,Answer: I don't know,I don't know,abstained,True,,,Paxton Media Group,an American newspaper company
5257,P69,Where was Tarō Kimura educated?,Answer: Taro Kimura was educated in Japan.,Taro Kimura was educated in Japan.,answered,False,,,Toyo University,a university in Japan
3803,P50,Who is the author of Me and the Orgone?,"Answer: The author of ""Me and the Orgone"" is Robert Anton Wilson.","The author of ""Me and the Orgone"" is Robert Anton Wilson.",answered,False,,,Orson Bean,an American actor
3895,P50,Who is the author of The Actes and Deidis of the Illustre and Vallyeant Campioun Schir William Wallace?,Answer: John Barbour,John Barbour,answered,False,,,Blind Harry,a poet
5165,P69,Where was Amy Wynn Pastor educated?,Answer: I don't know,I don't know,abstained,True,,,Pennsylvania State University,a public university
12715,P264,What music label is Until I Feel Nothing represented by?,Answer: Universal Music Group,Universal Music Group,answered,False,,,Victory Records,Victory Records
12344,P264,What music label is The Unveiling represented by?,Answer: I don't know,I don't know,abstained,True,,,Solid State Records,American Christian record label
11219,P176,Which company is HMT Svana produced by?,Answer: HMT Svana is produced by HMA Group.,HMT Svana is produced by HMA Group.,answered,False,,,Smiths Dock Company,shipbuilding company
8316,P127,Who owns U.S. Route 27 in Michigan?,Answer: The state of Michigan owns U.S. Route 27 in Michigan.,The state of Michigan owns U.S. Route 27 in Michigan.,answered,False,,,Michigan Department of Transportation,United States government
9685,P170,Who was Cafe Gurzuf created by?,Answer: Cafe Gurzuf was created by Giuseppe Mazzuca.,Cafe Gurzuf was created by Giuseppe Mazzuca.,answered,False,,,Alexander Nikolayevich Samokhvalov,a Soviet Russian artist
11187,P176,Which company is Mercedes-Benz W120 produced by?,Answer: Mercedes-Benz,Mercedes-Benz,answered,False,0.0,0.0,Mercedes-Benz,German automobile brand
8568,P127,Who owns Google Public Alerts?,Answer: The owner of Google Public Alerts is Google LLC.,The owner of Google Public Alerts is Google LLC.,answered,False,1.0,1.0,Google.org,Alphabet Inc.
8598,P127,Who owns Schloss Porcia?,Answer: The ownership of Schloss Porcia is not publicly known and has been disputed between various parties over the years.,The ownership of Schloss Porcia is not publicly known and has been disputed between various parties over the years.,answered,False,,,Spittal an der Drau,Austria
9623,P170,Who was X-Men created by?,Answer: Stan Lee and Jack Kirby,Stan Lee and Jack Kirby,answered,False,0.0,0.0,Stan Lee,a comic book writer
9691,P170,"Who was Welcome Back, Kotter created by?","Answer: Welcome Back, Kotter was created by Peter Guber.","Welcome Back, Kotter was created by Peter Guber.",answered,False,,,Gabe Kaplan,an actor
3918,P50,Who is the author of The White Company?,Answer: John Cowper Powys,John Cowper Powys,answered,False,,,Arthur Conan Doyle,a British writer
10494,P175,Who performed Best of the Geto Boys?,"Answer: The Geto Boys themselves performed ""Best of the Geto Boys"".","The Geto Boys themselves performed ""Best of the Geto Boys"".",answered,False,0.0,0.0,Geto Boys,group of people
8969,P127,Who owns Hilton Orlando Lake Buena Vista?,Answer: Hilton Worldwide Holdings Inc. owns Hilton Orlando Lake Buena Vista.,Hilton Worldwide Holdings Inc. owns Hilton Orlando Lake Buena Vista.,answered,False,0.0,0.0,Hilton Worldwide,a hospitality company
10129,P175,Who performed Five Get Over Excited?,"Answer: The song ""Five Get Over Excited"" was performed by American singer-songwriter and actress Jennifer Lopez.","The song ""Five Get Over Excited"" was performed by American singer-songwriter and actress Jennifer Lopez.",answered,False,,,The Housemartins,a group
8035,P127,Who owns TeenNick?,Answer: Disney owns TeenNick.,Disney owns TeenNick.,answered,False,,,ViacomCBS Domestic Media Networks,National Amusements
12094,P264,What music label is Trailer Trash Tracys represented by?,Answer: Answer: I don't know,Answer: I don't know,abstained,True,,,Domino Recording Company,Domino Recording Company
12172,P264,What music label is Em Som Maior represented by?,Answer: I don't know,I don't know,abstained,True,,,Som Livre,a Brazilian record label
10386,P175,Who performed La Passion?,"Answer: Jean-Philippe Rameau performed ""La Passions"" (The Passions).","Jean-Philippe Rameau performed ""La Passions"" (The Passions).",answered,False,,,Gigi D'Agostino,a DJ
8037,P127,Who owns MTV India?,Answer: MTV India is owned by Viacom18 Studios Global Limited.,MTV India is owned by Viacom18 Studios Global Limited.,answered,False,,,Viacom 18,A media company
9243,P170,Who was Unang Hirit created by?,"Answer: Unang Hirit is not a widely recognized or documented character or work. Without more context or information, it's difficult to provide an accurate answer about","Unang Hirit is not a widely recognized or documented character or work. Without more context or information, it's difficult to provide an accurate answer about",answered,False,,,GMA Network,a television network
11797,P264,What music label is Outlawed represented by?,Answer: I don't know,I don't know,abstained,True,,,Artery Recordings,Artery Recordings
9417,P170,Who was Jhilmil Sitaaron Ka Angan Hoga created by?,Answer: Jhilmil Sitaaron Ka Angan Hoga was created by Anurag Basu.,Jhilmil Sitaaron Ka Angan Hoga was created by Anurag Basu.,answered,False,,,Rajshri Productions,an Indian film production and distribution company
8786,P127,Who owns Woolsthorpe Manor?,Answer: The manor is owned by the National Trust.,The manor is owned by the National Trust.,answered,False,0.0,0.0,National Trust,a non-profit organization
5610,P112,Who founded Raza Unida Party?,Answer: The Raza Unida Party was founded by Sheikh Hasina Wazed.,The Raza Unida Party was founded by Sheikh Hasina Wazed.,answered,False,,,José Ángel Gutiérrez,an American academic
10956,P176,Which company is MSC Geneva produced by?,Answer: MSC Geneva is produced by MAN SE (now part of Henschel & Sohn).,MSC Geneva is produced by MAN SE (now part of Henschel & Sohn).,answered,False,,,Daewoo Mangalia Heavy Industries,Daewoo
8051,P127,Who owns Village Roadshow Pictures?,Answer: The ownership of Village Roadshow Pictures is not publicly disclosed.,The ownership of Village Roadshow Pictures is not publicly disclosed.,answered,False,0.0,0.0,Village Roadshow,an Australian film production and media company
11332,P176,Which company is USS Frank Cable produced by?,Answer: I don't know,I don't know,abstained,True,,,Lockheed Shipbuilding and Construction Company,Lockheed Corporation
12191,P264,What music label is Shawn Colvin represented by?,Answer: Shanachie Records,Shanachie Records,answered,False,,,Columbia Records,Sony
9803,P170,Who was L'Homme qui marche I created by?,Answer: L'Homme qui marche I was created by Jean Cocteau.,L'Homme qui marche I was created by Jean Cocteau.,answered,False,,,Alberto Giacometti,a Swiss artist
9099,P170,Who was Futurama created by?,Answer: Futurama was created by Matt Groening.,Futurama was created by Matt Groening.,answered,False,0.0,0.0,Matt Groening,a cartoonist
11050,P176,Which company is eRuf Model A produced by?,Answer: eRuf Model A is produced by eRuf GmbH.,eRuf Model A is produced by eRuf GmbH.,answered,False,,,Ruf Automobile,a German company
9664,P170,Who was Nightmare Cafe created by?,Answer: Nightmare Cafe was created by David Susskind.,Nightmare Cafe was created by David Susskind.,answered,False,,,Wes Craven,a film director
12545,P264,What music label is Red Rose for Gregory represented by?,Answer: I don't know,I don't know,abstained,True,,,RAS Records,RAS Records
8031,P127,Who owns Arena Sport?,Answer: I don't know,I don't know,abstained,True,,,Telekom Srbija,A company
8277,P127,Who owns The Walt Disney Company France?,Answer: I don't know,I don't know,abstained,True,,,The Walt Disney Company,A multinational company
4080,P50,Who is the author of The Android's Dream?,"Answer: The author of ""The Android's Dream"" is Esi Edugyan.","The author of ""The Android's Dream"" is Esi Edugyan.",answered,False,,,John Scalzi,a science fiction writer
12472,P264,What music label is Forget What You Know represented by?,Answer: Universal Music Group,Universal Music Group,answered,False,,,Columbia Records,Sony Music Entertainment
8029,P127,Who owns Spyker Castle?,Answer: The Spyker Castle is owned by the Dutch company Spyker Cars NV.,The Spyker Castle is owned by the Dutch company Spyker Cars NV.,answered,False,,,Carl Gustaf Wrangel,a Swedish person
11104,P176,Which company is Blackburn G.P. produced by?,Answer: Blackburn G.P. is produced by Hawker Siddeley.,Blackburn G.P. is produced by Hawker Siddeley.,answered,False,,,Blackburn Aircraft,aircraft manufacturer
8279,P127,Who owns SS Erinpura?,Answer: I don't know,I don't know,abstained,True,,,British-India Steam Navigation Company,British-India Steam Navigation Company
4946,P69,Where was Gus Rosenberg educated?,"Answer: Gus Rosenberg was educated at the University of California, Los Angeles (UCLA).","Gus Rosenberg was educated at the University of California, Los Angeles (UCLA).",answered,False,,,Pennsylvania State University,a public university
9440,P170,Who was Stay Lucky created by?,Answer: Stay Lucky was created by Snoop Dogg and Dr. Dre.,Stay Lucky was created by Snoop Dogg and Dr. Dre.,answered,False,,,Geoff McQueen,a British writer
8355,P127,Who owns Credito Italiano?,Answer: I don't know,I don't know,abstained,True,,,UniCredit,a global banking and financial services company
12180,P264,What music label is Emotions represented by?,Answer: I don't know,I don't know,abstained,True,,,Columbia Records,Sony Music Entertainment
11972,P264,What music label is By Divine Right represented by?,Answer: I don't know,I don't know,abstained,True,,,Nettwerk,a Canadian record label
8387,P127,Who owns Thorndale?,Answer: I don't know,I don't know,abstained,True,,,Amtrak,a rail operator
4208,P50,"Who is the author of Tom and Jerry, or Life in London?","Answer: The author of ""Tom and Jerry"" is William Hanna and Joseph Barbera, while ""Life in London"" was written by Charles Dickens.","The author of ""Tom and Jerry"" is William Hanna and Joseph Barbera, while ""Life in London"" was written by Charles Dickens.",answered,False,,,William Thomas Moncrieff,British person
11092,P176,Which company is SMS Gneisenau produced by?,Answer: I don't know,I don't know,abstained,True,,,AG Weser,a German company
8501,P127,Who owns The Forum of Fargo-Moorhead?,Answer: The Forum of Fargo-Moorhead is owned by the City of Moorhead and the City of Fargo.,The Forum of Fargo-Moorhead is owned by the City of Moorhead and the City of Fargo.,answered,False,,,Forum Communications,A company
5920,P112,Who founded JBL?,Answer: JBL was founded by William Joseph Bowers and John L. Beyers in 1960.,JBL was founded by William Joseph Bowers and John L. Beyers in 1960.,answered,False,,,James Bullough Lansing,an American
3901,P50,Who is the author of MedStar II: Jedi Healer?,"Answer: The author of ""MedStar II: Jedi Healer"" is John J. Mearsheimer.","The author of ""MedStar II: Jedi Healer"" is John J. Mearsheimer.",answered,False,,,Michael Reaves,American screenwriter
8878,P127,Who owns Eutelsat 70A?,Answer: Eutelsat 70A is owned by SES (Space Systems Europe).,Eutelsat 70A is owned by SES (Space Systems Europe).,answered,False,0.0,0.0,Eutelsat,a satellite provider
12103,P264,What music label is Unknown Session represented by?,Answer: I don't know,I don't know,abstained,True,,,Columbia Records,Sony Music Entertainment
5249,P69,Where was Joe Robert Pemagbi educated?,Answer: Joe Robert Pemagbi was educated in Australia.,Joe Robert Pemagbi was educated in Australia.,answered,False,,,Njala University,a university in Sierra Leone
9670,P170,Who was The Front Line created by?,Answer: The Front Line was created by David Bowie.,The Front Line was created by David Bowie.,answered,False,,,Alex Shearer,a British novelist
11351,P176,Which company is ALCO RSD-15 produced by?,Answer: ALCO RSD-15 is produced by General Electric (GE).,ALCO RSD-15 is produced by General Electric (GE).,answered,False,,,American Locomotive Company,a locomotive company
10931,P176,Which company is HMS Thorough produced by?,"Answer: Huawei Technologies Co., Ltd.","Huawei Technologies Co., Ltd.",answered,False,,,Vickers-Armstrongs,British engineering company
4176,P50,Who is the author of Twenty Cases Suggestive of Reincarnation?,"Answer: The author of ""Twenty Cases Suggestive of Reincarnation"" is Dr. William James.","The author of ""Twenty Cases Suggestive of Reincarnation"" is Dr. William James.",answered,False,,,Ian Stevenson,a researcher
5604,P112,Who founded Egyptian Patriotic Movement?,Answer: The Egyptian Patriotic Movement was founded by Gamal Abdel Nasser.,The Egyptian Patriotic Movement was founded by Gamal Abdel Nasser.,answered,False,,,Shafiq Ahmad,a researcher
9630,P170,Who was Amuro Ray created by?,Answer: Amuro Ray was created by Hideaki Anno and Shinji Higuchi.,Amuro Ray was created by Hideaki Anno and Shinji Higuchi.,answered,False,,,Yoshiyuki Tomino,a film director
10264,P175,Who performed Library of Soul?,"Answer: The song ""Library of Soul"" was performed by American singer-songwriter and actress Janelle Monáe.","The song ""Library of Soul"" was performed by American singer-songwriter and actress Janelle Monáe.",answered,False,,,Leessang,a South Korean musical group
5669,P112,Who founded Cult Awareness Network?,Answer: The Cult Awareness Network was founded by Charles Manson and his followers.,The Cult Awareness Network was founded by Charles Manson and his followers.,answered,False,,,Ted Patrick,a deprogrammer
5693,P112,Who founded Ares Incorporated?,Answer: I don't know,I don't know,abstained,True,,,Eugene Stoner,An American firearms designer
8763,P127,Who owns Los Angeles Sparks?,"Answer: The Los Angeles Sparks is owned by the NBA's Los Angeles Clippers basketball team and its parent company, Steve Ballmer's ownership group.","The Los Angeles Sparks is owned by the NBA's Los Angeles Clippers basketball team and its parent company, Steve Ballmer's ownership group.",answered,False,2.0,2.0,Guggenheim Partners,A company
11300,P176,Which company is 9A-91 produced by?,Answer: I don't know,I don't know,abstained,True,,,KBP Instrument Design Bureau,a defense company
5949,P112,Who founded Gapminder Foundation?,Answer: Hans Rosling founded the Gapminder Foundation.,Hans Rosling founded the Gapminder Foundation.,answered,False,0.0,0.0,Hans Rosling,a Swedish person
12147,P264,What music label is DJ U-Neek represented by?,Answer: Answer: Universal Music Group,Answer: Universal Music Group,answered,False,,,Ruthless Records,Ruthless Records
12535,P264,What music label is Collecting Sunlight represented by?,Answer: Answer: Collecting Sunlight is not associated with any specific music label.,Answer: Collecting Sunlight is not associated with any specific music label.,answered,False,,,Sony Music,American international record label
8406,P127,Who owns Stambaugh Stadium?,Answer: The ownership of Stambaugh Stadium is not publicly disclosed.,The ownership of Stambaugh Stadium is not publicly disclosed.,answered,False,,,Youngstown State University,Youngstown State University
11422,P176,Which company is Lampo-class destroyer produced by?,Answer: The Lampo-class destroyer was produced by China Shipbuilding Industry Corporation (CSSIC).,The Lampo-class destroyer was produced by China Shipbuilding Industry Corporation (CSSIC).,answered,False,,,Schichau-Werke,German company
4487,P50,Who is the author of Brilliance of the Moon?,"Answer: The author of ""Brilliance of the Moon"" is Liang Shiqiu.","The author of ""Brilliance of the Moon"" is Liang Shiqiu.",answered,False,,,Gillian Rubinstein,a British writer
11347,P176,Which company is Saro A.33 produced by?,Answer: I don't know,I don't know,abstained,True,,,Saunders-Roe,aircraft manufacturer
4089,P50,Who is the author of The Merry Men and Other Tales and Fables?,"Answer: The author of ""The Merry Men and Other Tales and Fables"" is Lewis Carroll.","The author of ""The Merry Men and Other Tales and Fables"" is Lewis Carroll.",answered,False,,,Robert Louis Stevenson,a Scottish writer
3781,P50,Who is the author of The Big Time?,Answer: I don't know,I don't know,abstained,True,,,Fritz Leiber Junior,Fritz
11147,P176,Which company is Suzuki Choinori produced by?,Answer: Suzuki Choinori is not a well-known brand or product name. It's possible that there might be a typo or an error in your query.,Suzuki Choinori is not a well-known brand or product name. It's possible that there might be a typo or an error in your query.,answered,False,0.0,0.0,Suzuki,automotive corporation
8002,P127,Who owns Marston Vale Line?,Answer: The Marston Vale Line is owned by Network Rail.,The Marston Vale Line is owned by Network Rail.,answered,False,0.0,0.0,Network Rail,The British government
10669,P175,Who performed Hearts on the Line?,"Answer: The song ""Hearts on the Line"" was performed by The Carpenters.","The song ""Hearts on the Line"" was performed by The Carpenters.",answered,False,,,The Flying Burrito Brothers,A group of people
12314,P264,What music label is John R. Cash represented by?,Answer: I don't know,I don't know,abstained,True,,,Columbia Records,Sony Music Entertainment
5033,P69,Where was Te Ahukaramū Charles Royal educated?,Answer: Te Ahukaramū Charles Royal was educated at the University of Otago in New Zealand.,Te Ahukaramū Charles Royal was educated at the University of Otago in New Zealand.,answered,False,2.0,2.0,Victoria University of Wellington,New Zealand
4027,P50,Who is the author of The Watchman?,Answer: I don't know,I don't know,abstained,True,,,Robert Crais,A screenwriter
4602,P50,Who is the author of Wintering Out?,"Answer: The author of ""Wintering Out"" is David Sedaris.","The author of ""Wintering Out"" is David Sedaris.",answered,False,,,Seamus Heaney,a poet
9317,P170,Who was Guo Jing created by?,Answer: Guo Jing is not an existing character or entity that can be definitively attributed to any specific creator.,Guo Jing is not an existing character or entity that can be definitively attributed to any specific creator.,answered,False,,,Jin Yong,Jin Yong
8372,P127,Who owns BA CityFlyer?,Answer: AirAsia Group is the owner of BA CityFlyer.,AirAsia Group is the owner of BA CityFlyer.,answered,False,,,British Airways,International Airlines Group
8847,P127,Who owns The Tribune?,Answer: The Tribune is owned by News Corp.,The Tribune is owned by News Corp.,answered,False,,,Home News Enterprises,A business
5751,P112,Who founded Luftschiffbau Zeppelin?,Answer: Ferdinand von Zeppelin founded Luftschiffbau Zeppelin.,Ferdinand von Zeppelin founded Luftschiffbau Zeppelin.,answered,False,0.0,0.0,Ferdinand von Zeppelin,a German
8693,P127,Who owns Santa Clara station?,Answer: The Santa Clara Station is owned by Amtrak and operated as part of their network.,The Santa Clara Station is owned by Amtrak and operated as part of their network.,answered,False,,,Caltrain,a transportation company
8778,P127,Who owns Matilda House?,Answer: The Matilda House is owned by the National Trust for England's Historic Environment.,The Matilda House is owned by the National Trust for England's Historic Environment.,answered,False,,,Urban Redevelopment Authority,Singapore's government
11369,P176,Which company is Siemens-Schuckert D.I produced by?,Answer: Siemens-Schuckert D.I was produced by Siemens AG.,Siemens-Schuckert D.I was produced by Siemens AG.,answered,False,0.0,0.0,Siemens-Schuckert,German company
11075,P176,Which company is 23 class airship produced by?,Answer: The 23 Class Airship was produced by Airbus Defence and Space.,The 23 Class Airship was produced by Airbus Defence and Space.,answered,False,,,Vickers Limited,British company
12603,P264,What music label is Down Along the Cove represented by?,Answer: I don't know,I don't know,abstained,True,,,Columbia Records,Sony
5639,P112,Who founded Autonomy Corporation?,Answer: The founder of Autonomy Corporation was Sir Tim Berners-Lee.,The founder of Autonomy Corporation was Sir Tim Berners-Lee.,answered,False,,,Michael Richard Lynch,a businessman
4058,P50,Who is the author of Medical Compendium in Seven Books?,"Answer: The author of ""Medical Compendium in Seven Books"" is William Osler.","The author of ""Medical Compendium in Seven Books"" is William Osler.",answered,False,,,Paul of Aegina,a physician
9722,P170,Who was Murphy's Law created by?,Answer: Murphy's Law is not actually named after a person but rather has its origins in the 1940s when it was first used as a,Murphy's Law is not actually named after a person but rather has its origins in the 1940s when it was first used as a,answered,False,,,Colin Bateman,a British writer
9997,P175,Who performed The Two Sides of the Smothers Brothers?,Answer: The Two Sides of the Smothers Brothers was performed by the Smothers Brothers themselves.,The Two Sides of the Smothers Brothers was performed by the Smothers Brothers themselves.,answered,False,0.0,0.0,Smothers Brothers,American comedians
8510,P127,Who owns Google Custom Search?,Answer: Google is the owner of Google Custom Search.,Google is the owner of Google Custom Search.,answered,False,0.0,0.0,Google,Alphabet Inc.
5975,P112,Who founded Mutual Film Company?,Answer: D.W. Griffith founded Mutual Film Company.,D.W. Griffith founded Mutual Film Company.,answered,False,,,Mark Gordon,A television director and producer
8526,P127,Who owns TV4 Guld?,Answer: I don't know,I don't know,abstained,True,,,TV4 Group,a Swedish company
4084,P50,Who is the author of The Fantastic Four?,Answer: Stan Lee and Jack Kirby,Stan Lee and Jack Kirby,answered,False,0.0,0.0,Stan Lee,a comic book writer
11874,P264,What music label is The Righteous Brothers represented by?,Answer: RCA Records,RCA Records,answered,False,,,Moonglow Records,Moonglow Records
12100,P264,What music label is Audio Adrenaline represented by?,Answer: Answer: Audio Adrenaline is not associated with any specific music label.,Answer: Audio Adrenaline is not associated with any specific music label.,answered,False,,,ForeFront Records,Christian record label
5812,P112,Who founded Goodyear Tire and Rubber Company?,Answer: Robert Goodloe Harper founded Goodyear Tire and Rubber Company.,Robert Goodloe Harper founded Goodyear Tire and Rubber Company.,answered,False,,,Frank Seiberling,a businessman
11025,P176,Which company is Atlantis PQ produced by?,"Answer: Atlantis PQ is produced by Hengyang Huaxin Machinery Co., Ltd.","Atlantis PQ is produced by Hengyang Huaxin Machinery Co., Ltd.",answered,False,,,Daewoo Shipbuilding & Marine Engineering,a shipbuilder
4332,P50,Who is the author of Instruments of Darkness?,"Answer: The author of ""Instruments of Darkness"" is John Christopher.","The author of ""Instruments of Darkness"" is John Christopher.",answered,False,,,Gary Russell,Nancy Huston
10070,P175,Who performed Raymond Langston?,"Answer: The song ""Raymond Langston"" was performed by The Black Eyed Peas.","The song ""Raymond Langston"" was performed by The Black Eyed Peas.",answered,False,,,Laurence Fishburne,an actor
8838,P127,Who owns HBO Asia?,"Answer: HBO Asia is owned by Warner Bros. Entertainment Inc., which is a subsidiary of Time Warner Inc.","HBO Asia is owned by Warner Bros. Entertainment Inc., which is a subsidiary of Time Warner Inc.",answered,False,0.0,0.0,HBO,AT&T
12612,P264,What music label is Z-1 represented by?,Answer: I don't know,I don't know,abstained,True,,,EMI Music Japan,a Japanese record company
5817,P112,Who founded Subramaniam Academy of Performing Arts?,Answer: The founder of Subramaniam Academy of Performing Arts is Sivakumar Subramaniam.,The founder of Subramaniam Academy of Performing Arts is Sivakumar Subramaniam.,answered,False,,,Kavita Krishnamurthy,Indian singer
5626,P112,"Who founded Tetris Online, Inc.?","Answer: Tetris Online, Inc. was founded by Alexey Pajitnov and Igor Minarik.","Tetris Online, Inc. was founded by Alexey Pajitnov and Igor Minarik.",answered,False,0.0,,Alexey Pajitnov,a Russian
5737,P112,Who founded Woolwich Dockyard?,Answer: The Woolwich Dockyard was founded by Sir William Waldegrave in 1690.,The Woolwich Dockyard was founded by Sir William Waldegrave in 1690.,answered,False,,,Henry VIII of England,a king
10278,P175,Who performed The McGarrigle Hour?,Answer: The McGarrigle Hour was hosted and produced by John McGarrigle.,The McGarrigle Hour was hosted and produced by John McGarrigle.,answered,False,,,Kate and Anna McGarrigle,Canadian singer-songwriters
11634,P176,Which company is HMS Wasp produced by?,Answer: The company that produces HMS Wasp is Northrop Grumman.,The company that produces HMS Wasp is Northrop Grumman.,answered,False,,,Vickers Shipbuilding and Engineering,British shipbuilding company
3904,P50,Who is the author of Welcome to Alflolol?,Answer: I don't know,I don't know,abstained,True,,,Pierre Christin,A comic creator
11421,P176,Which company is HMS Alexander produced by?,Answer: I don't know,I don't know,abstained,True,,,Deptford Dockyard,British government
11232,P176,Which company is SM UB-4 produced by?,"Answer: SM UB-4 is produced by SM C&C Engineering Co., Ltd.","SM UB-4 is produced by SM C&C Engineering Co., Ltd.",answered,False,,,Friedrich Krupp Germaniawerft,German company
11726,P176,Which company is MSC Monterey produced by?,Answer: MSC Monterey is produced by Mitsubishi Heavy Industries (MHI).,MSC Monterey is produced by Mitsubishi Heavy Industries (MHI).,answered,False,,,Daewoo Mangalia Heavy Industries,Daewoo
12186,P264,What music label is Stephanie Dosen represented by?,Answer: I don't know,I don't know,abstained,True,,,Bella Union,British independent record label
4828,P69,Where was José Antonio Ramos Sucre educated?,Answer: José Antonio Ramos Sucre was educated in Spain and Venezuela.,José Antonio Ramos Sucre was educated in Spain and Venezuela.,answered,False,2.0,2.0,Central University of Venezuela,Venezuela
3961,P50,Who is the author of Dream of the Red Chamber?,Answer: Cao Xueqin,Cao Xueqin,answered,False,0.0,0.0,Cao Xueqin,a Chinese person
9736,P170,Who was Black Books created by?,Answer: Black Books was created by The National Front.,Black Books was created by The National Front.,answered,False,,,Graham Linehan,Irish person
8421,P127,Who owns The Daily Beast?,Answer: The Daily Beast is owned by The New York Post and News Corp.,The Daily Beast is owned by The New York Post and News Corp.,answered,False,,,IAC,an American media and Internet company
11680,P176,Which company is VR Class Sm2 produced by?,"Answer: VR Class Sm2 is produced by Huawei Technologies Co., Ltd.","VR Class Sm2 is produced by Huawei Technologies Co., Ltd.",answered,False,,,Valmet,a Finnish company
12410,P264,What music label is From the Heart represented by?,Answer: Universal Music Group,Universal Music Group,answered,False,,,Epic,Sony Music Entertainment
11555,P176,Which company is Loire 102 produced by?,Answer: I don't know,I don't know,abstained,True,,,Loire Aviation,a French company
12249,P264,What music label is The Revolution represented by?,Answer: Universal Music Group,Universal Music Group,answered,False,,,Fervent Records,a music record label
12395,P264,What music label is Plague Songs represented by?,Answer: Answer: Universal Music Group,Answer: Universal Music Group,answered,False,,,4AD,British independent record label
11639,P176,Which company is iPod Classic produced by?,Answer: Apple Inc.,Apple Inc.,answered,False,0.0,0.0,Apple Inc.,a multinational technology company
10490,P175,Who performed Journey?,"Answer: The song ""Journey"" was performed by the band Journey.","The song ""Journey"" was performed by the band Journey.",answered,False,,,Arif Mardin,a music producer
4173,P50,Who is the author of The Sheik?,Answer: Oumarou Goundaré,Oumarou Goundaré,answered,False,,,Edith Maude Hull,a British writer
8924,P127,Who owns Tablet Magazine?,"Answer: Tablet Magazine is owned by Condé Nast Publications Inc., which is an American media company that publishes magazines and books under various brands.","Tablet Magazine is owned by Condé Nast Publications Inc., which is an American media company that publishes magazines and books under various brands.",answered,False,,,Nextbook,a non-profit organization
9625,P170,Who was A Happy Death created by?,Answer: A Happy Death is created by Jia Zhangke.,A Happy Death is created by Jia Zhangke.,answered,False,,,Albert Camus,a French journalist
10976,P176,Which company is HMCS Chebogue produced by?,Answer: I don't know,I don't know,abstained,True,,,Yarrow Shipbuilders,a shipbuilder
8351,P127,Who owns Urawa Komaba Stadium?,Answer: The Urawa Komaba Stadium is owned by JACCO Sports Corporation.,The Urawa Komaba Stadium is owned by JACCO Sports Corporation.,answered,False,,,Saitama,Japan
8886,P127,Who owns Mercialys?,Answer: I don't know,I don't know,abstained,True,,,Groupe Casino,a French company
11475,P176,Which company is USS Niagara produced by?,Answer: The USS Niagara was produced by General Dynamics Electric Boat Division.,The USS Niagara was produced by General Dynamics Electric Boat Division.,answered,False,,,Consolidated Steel Corporation,a steelmaking and shipbuilding company
11692,P176,Which company is ORP Sokół produced by?,Answer: ORP Sokół is produced by Polskie Metale Sp. z o.o.,ORP Sokół is produced by Polskie Metale Sp. z o.o.,answered,False,,,Nordseewerke,a German company
9291,P170,Who was The Prisoner created by?,Answer: The Prisoner was created by John Wills and Sydney Mobley.,The Prisoner was created by John Wills and Sydney Mobley.,answered,False,,,Patrick McGoohan,an actor
11489,P176,Which company is ALCO FA produced by?,"Answer: ALCO FA is produced by Alcoa Inc., which was formerly known as American Aluminum Company (Alcoa).","ALCO FA is produced by Alcoa Inc., which was formerly known as American Aluminum Company (Alcoa).",answered,False,,,American Locomotive Company,a locomotive company
9137,P170,Who was Sebastian Moran created by?,"Answer: Sebastian Moran is not an existing character or entity that can be definitively linked to any specific creator. Therefore, my knowledge cutoff as of 20","Sebastian Moran is not an existing character or entity that can be definitively linked to any specific creator. Therefore, my knowledge cutoff as of 20",answered,False,,,Arthur Conan Doyle,a British writer
5893,P112,Who founded Yucaipa Companies?,Answer: The founder of Yucaipa Companies was William H. Yucaipa.,The founder of Yucaipa Companies was William H. Yucaipa.,answered,False,,,Ronald Burkle,a billionaire
12010,P264,What music label is The Embarrassing Beginning represented by?,Answer: I don't know,I don't know,abstained,True,,,Victory Records,Victory Records
11828,P264,What music label is A New Day Has Come represented by?,Answer: Answer: A New Day Has Come is not directly associated with any well-known music label.,Answer: A New Day Has Come is not directly associated with any well-known music label.,answered,False,,,Columbia Records,Sony Music Entertainment
5628,P112,Who founded Zipcar?,Answer: Zipcar was founded by Robin Chase.,Zipcar was founded by Robin Chase.,answered,False,0.0,0.0,Robin Chase,A co-founder of Zipcar
4276,P50,Who is the author of She Returns to the Floating World?,"Answer: The author of ""She Returns to the Floating World"" is Yasunari Kawabata.","The author of ""She Returns to the Floating World"" is Yasunari Kawabata.",answered,False,,,Jeannine Hall Gailey,American writer
11632,P176,Which company is Panhard VBL produced by?,Answer: Panhard VBL is produced by Panhard & Cie.,Panhard VBL is produced by Panhard & Cie.,answered,False,0.0,0.0,Panhard,a French company
8222,P127,Who owns Castel Nuovo?,Answer: The Castel Nuovo is owned by the Italian government.,The Castel Nuovo is owned by the Italian government.,answered,False,,,Charles I of Naples,a king
8919,P127,Who owns Wiesbaden-Schierstein station?,"Answer: The ownership of Wiesbaden-Schierstein station is not publicly disclosed as it is managed by Deutsche Bahn AG (DBAG), which","The ownership of Wiesbaden-Schierstein station is not publicly disclosed as it is managed by Deutsche Bahn AG (DBAG), which",answered,False,0.0,0.0,Deutsche Bahn,a German company
11100,P176,Which company is Mechitharine produced by?,Answer: I don't know,I don't know,abstained,True,,,Mechitarists,a religious order
4567,P50,Who is the author of The Ram?,Answer: I don't know,I don't know,abstained,True,,,Madame d'Aulnoy,a French writer
11656,P176,Which company is Lotus 31 produced by?,Answer: I don't know,I don't know,abstained,True,,,Lotus Cars,automotive company
4166,P50,Who is the author of Defence of the Seven Sacraments?,"Answer: The author of ""Defence of the Seven Sacraments"" is John Jewel.","The author of ""Defence of the Seven Sacraments"" is John Jewel.",answered,False,,,Henry VIII of England,a monarch
5837,P112,Who founded Vatican Museums?,Answer: Pope Julius II founded the Vatican Museums.,Pope Julius II founded the Vatican Museums.,answered,False,0.0,0.0,Julius II,a religious leader
4580,P50,"Who is the author of Great Food, All Day Long?","Answer: The author of ""Great Food, All Day Long"" is Michael Pollan.","The author of ""Great Food, All Day Long"" is Michael Pollan.",answered,False,,,Maya Angelou,a poet
3945,P50,Who is the author of Around the Moon?,"Answer: The author of ""Around the Moon"" is Arthur C. Clarke.","The author of ""Around the Moon"" is Arthur C. Clarke.",answered,False,,,Jules Verne,a French writer
8602,P127,Who owns 2K Games?,Answer: 2K Games is owned by Take-Two Interactive.,2K Games is owned by Take-Two Interactive.,answered,False,0.0,0.0,Take-Two Interactive,A company
10585,P175,Who performed Farewell My Love?,"Answer: The song ""Farewell My Love"" was performed by Elvis Presley.","The song ""Farewell My Love"" was performed by Elvis Presley.",answered,False,,,The Temptations,American musicians
8429,P127,Who owns SS Florizel?,Answer: The ship SS Florizel is owned by the British government through the Ministry of Defence.,The ship SS Florizel is owned by the British government through the Ministry of Defence.,answered,False,,,Bowring Brothers,Bowring Brothers
8871,P127,Who owns L. P. Frans Stadium?,Answer: The ownership of L. P. Frans Stadium is not publicly disclosed.,The ownership of L. P. Frans Stadium is not publicly disclosed.,answered,False,,,Hickory Crawdads,a sports team
12255,P264,What music label is Righteousness and Humidity represented by?,Answer: I don't know,I don't know,abstained,True,,,Topic Records,a music label
12081,P264,What music label is Breakaway represented by?,Answer: Universal Music Group,Universal Music Group,answered,False,,,Columbia Records,Sony Music Entertainment
9198,P170,Who was Equestrian statue of the Duke of Cambridge created by?,Answer: The Equestrian statue of the Duke of Cambridge (Prince William) was created by Antony Gormley.,The Equestrian statue of the Duke of Cambridge (Prince William) was created by Antony Gormley.,answered,False,,,Adrian Jones,a painter and sculptor
12120,P264,What music label is Nordic Quartet represented by?,Answer: Answer: Nordic Quartet is not associated with any specific music label.,Answer: Nordic Quartet is not associated with any specific music label.,answered,False,,,ECM Records,German independent record label
4357,P50,Who is the author of Common Grounds?,Answer: I don't know,I don't know,abstained,True,,,Troy Hickman,a comic book writer
11974,P264,What music label is Suction represented by?,Answer: I don't know,I don't know,abstained,True,,,Rough Trade Records,a music label
12541,P264,What music label is Under the Milky Way represented by?,Answer: Under the Milky Way is not currently associated with any major music labels.,Under the Milky Way is not currently associated with any major music labels.,answered,False,,,Mushroom Records,Australian record label
5852,P112,Who founded Opel?,Answer: Ferdinand Porsche founded Opel.,Ferdinand Porsche founded Opel.,answered,False,,,Adam Opel,a German
8236,P127,Who owns Ntv7?,Answer: I don't know,I don't know,abstained,True,,,Media Prima,a Malaysian company
3993,P50,Who is the author of Doomed Queen Anne?,Answer: I don't know,I don't know,abstained,True,,,Carolyn Meyer,American writer
5924,P112,Who founded Gardner-Serpollet?,Answer: The founder of Gardner-Serpollet was Charles Gardner.,The founder of Gardner-Serpollet was Charles Gardner.,answered,False,,,Léon Serpollet,a businessman
4776,P69,Where was Joseph Kabila educated?,Answer: Joseph Kabila was educated primarily in Belgium and France. He attended primary school in Kinshasa before moving to Brussels for secondary education. After returning to,Joseph Kabila was educated primarily in Belgium and France. He attended primary school in Kinshasa before moving to Brussels for secondary education. After returning to,answered,False,,,Makerere University,Africa
11851,P264,What music label is Revolutions per Minute represented by?,Answer: Answer: Reprise Records,Answer: Reprise Records,answered,False,,,Fat Wreck Chords,Fat Wreck Chords
11234,P176,Which company is PP-90 produced by?,Answer: I don't know,I don't know,abstained,True,,,KBP Instrument Design Bureau,a Russian company
12587,P264,What music label is Hamza Namira represented by?,Answer: I don't know,I don't know,abstained,True,,,Awakening Records,a music label
10223,P175,Who performed Only One?,"Answer: The song ""Only One"" was performed by American singer-songwriter John Lennon.","The song ""Only One"" was performed by American singer-songwriter John Lennon.",answered,False,,,Shinhwa,a boy band
11531,P176,Which company is Caterpillar 345C L produced by?,"Answer: Caterpillar 345C L is produced by Caterpillar Inc., an American multinational corporation headquartered in Stamford, Connecticut.","Caterpillar 345C L is produced by Caterpillar Inc., an American multinational corporation headquartered in Stamford, Connecticut.",answered,False,0.0,0.0,Caterpillar Inc.,an American corporation
10979,P176,Which company is SS Oriana produced by?,Answer: I don't know,I don't know,abstained,True,,,Vickers-Armstrongs,British company
10034,P175,Who performed Wreck on the Highway?,"Answer: The song ""Wreck on the Highway"" was performed by American country music artist Kenny Rogers.","The song ""Wreck on the Highway"" was performed by American country music artist Kenny Rogers.",answered,False,,,Bruce Springsteen,an American rock singer
11644,P176,Which company is CH 100 Mono-Z produced by?,Answer: I don't know,I don't know,abstained,True,,,Zenair,Chris Heintz
4097,P50,Who is the author of Children of Zion?,"Answer: The author of ""Children of Zion"" is Alan Dershowitz.","The author of ""Children of Zion"" is Alan Dershowitz.",answered,False,,,Henryk Grynberg,a Polish writer
9386,P170,Who was Phantom 2040 created by?,Answer: The Phantom 2040 was created by Boeing.,The Phantom 2040 was created by Boeing.,answered,False,,,Lee Falk,an American comics writer
5803,P112,Who founded House of Sverre?,Answer: The House of Sverre was not founded by any specific individual; it is an extinct royal house of Norway that existed from 1319,The House of Sverre was not founded by any specific individual; it is an extinct royal house of Norway that existed from 1319,answered,False,0.0,0.0,Sverre of Norway,a king
8796,P127,Who owns Black Isle Studios?,Answer: Black Isle Studios is owned by Microsoft Corporation.,Black Isle Studios is owned by Microsoft Corporation.,answered,False,,,Interplay Entertainment,A company
8537,P127,Who owns MY Bob Barker?,Answer: I don't know,I don't know,abstained,True,,,Sea Shepherd Conservation Society,a non-profit organization
12265,P264,What music label is Thrust represented by?,Answer: I don't know,I don't know,abstained,True,,,Columbia Records,Sony Music Entertainment
12556,P264,What music label is Mostly Coltrane represented by?,Answer: Most Coltrane was not associated with any specific music label.,Most Coltrane was not associated with any specific music label.,answered,False,,,ECM Records,German independent record label
5798,P112,Who founded Reger-Chor?,Answer: I don't know,I don't know,abstained,True,,,Gabriel Dessauer,A German
8632,P127,Who owns Tradewest?,Answer: I don't know,I don't know,abstained,True,,,Midway Games,an American video game company
4540,P50,Who is the author of Foreign Words?,"Answer: The author of ""Foreign Words"" is William Shakespeare.","The author of ""Foreign Words"" is William Shakespeare.",answered,False,,,Vassilis Alexakis,a Greek-French writer
8746,P127,Who owns Baraem?,Answer: I don't know,I don't know,abstained,True,,,Qatar Foundation,a Qatari organization
11372,P176,Which company is Aero L-59 Super Albatros produced by?,"Answer: The Aero L-59 Super Albatros was produced by Aero Vodochody, a Czech aircraft manufacturer based in Plzeň, Czech","The Aero L-59 Super Albatros was produced by Aero Vodochody, a Czech aircraft manufacturer based in Plzeň, Czech",answered,False,,,AERO Vodochody Aerospace,A company
8044,P127,Who owns PlayStation?,Answer: Sony Corporation owns PlayStation.,Sony Corporation owns PlayStation.,answered,False,1.0,1.0,Sony Interactive Entertainment,A Japanese company
3888,P50,Who is the author of Royal Exile?,"Answer: The author of ""Royal Exile"" is John Boyne.","The author of ""Royal Exile"" is John Boyne.",answered,False,,,Fiona McIntosh,an Australian writer
11868,P264,What music label is Fly Through the Country represented by?,Answer: Warner Bros. Records,Warner Bros. Records,answered,False,,,Flying Fish Records,Flying Fish Records
8034,P127,Who owns G.u.?,Answer: I don't know,I don't know,abstained,True,,,Fast Retailing,A Japanese company
11608,P176,Which company is Lotus Esprit produced by?,Answer: Ford,Ford,answered,False,,,Lotus Cars,British company
8912,P127,Who owns Pabellón Multiusos Fontes do Sar?,Answer: The ownership of Pabellón Multiusos Fontes do Sar is not publicly disclosed.,The ownership of Pabellón Multiusos Fontes do Sar is not publicly disclosed.,answered,False,,,Santiago de Compostela,Spain
8399,P127,Who owns Kimiidera Athletic Stadium?,Answer: The ownership of Kimiidera Athletic Stadium is not publicly disclosed.,The ownership of Kimiidera Athletic Stadium is not publicly disclosed.,answered,False,,,Wakayama Prefecture,Japan
4223,P50,Who is the author of Witch Baby?,"Answer: The author of ""Witch Baby"" is R. J. Palacio.","The author of ""Witch Baby"" is R. J. Palacio.",answered,False,,,Francesca Lia Block,an American children's writer
11055,P176,Which company is USS McKee produced by?,Answer: The exact company that produces USS McKee is not publicly known.,The exact company that produces USS McKee is not publicly known.,answered,False,,,Consolidated Steel Corporation,a steelmaking and shipbuilding company
9748,P170,Who was Dick Grayson created by?,Answer: Dick Grayson was created by Bob Kane and Bill Finger.,Dick Grayson was created by Bob Kane and Bill Finger.,answered,False,0.0,0.0,Bob Kane,a comic book artist
8057,P127,Who owns Zap2it?,Answer: I don't know,I don't know,abstained,True,,,Tribune Media,an American media conglomerate
11764,P176,Which company is Daihatsu Sonica produced by?,Answer: Daihatsu,Daihatsu,answered,False,0.0,0.0,Daihatsu,automobile manufacturer
8581,P127,Who owns Palau Municipal d'Esports de Badalona?,Answer: The Palau Municipal d'Esports de Badalona is owned by the City Council of Badalona.,The Palau Municipal d'Esports de Badalona is owned by the City Council of Badalona.,answered,False,0.0,0.0,Badalona,Spain
5651,P112,Who founded Al-Manar?,Answer: The Al-Manar movement was founded by Sayyid Qutb.,The Al-Manar movement was founded by Sayyid Qutb.,answered,False,,,Rida Muhammad Rashid,a scholar and reformer
4850,P69,Where was George K. Favrot educated?,Answer: George K. Favrot was educated in Belgium.,George K. Favrot was educated in Belgium.,answered,False,,,Louisiana State University,a public university
5937,P112,Who founded Cambridge University Press?,Answer: The founder of Cambridge University Press was John Henry Parker.,The founder of Cambridge University Press was John Henry Parker.,answered,False,,,Henry VIII of England,a king
12253,P264,What music label is Aly & Fila represented by?,Answer: Answer: Answer: Answer: Answer: Answer: Answer: Answer: Answer: Answer: Answer: Answer: Answer: Answer: Answer: Answer:,Answer: Answer: Answer: Answer: Answer: Answer: Answer: Answer: Answer: Answer: Answer: Answer: Answer: Answer: Answer:,answered,False,,,Armada Music,a music label
3847,P50,Who is the author of Abhirami Anthadhi?,"Answer: The author of ""Abhirami Anthadhi"" is K. Srinivasan.","The author of ""Abhirami Anthadhi"" is K. Srinivasan.",answered,False,,,Abirami Pattar,Indian
9995,P175,Who performed GAK?,Answer: GAK is an electronic music project that was formed by Japanese musician and producer Yuki Kajiura.,GAK is an electronic music project that was formed by Japanese musician and producer Yuki Kajiura.,answered,False,,,Aphex Twin,a British electronic musician
8498,P127,Who owns Florida State Road 886?,Answer: I don't know,I don't know,abstained,True,,,Florida Department of Transportation,United States government
10668,P175,Who performed Loca People?,"Answer: The song ""Loca People"" was performed by Puerto Rican singer and songwriter Bad Bunny.","The song ""Loca People"" was performed by Puerto Rican singer and songwriter Bad Bunny.",answered,False,,,Sak Noel,a DJ
12469,P264,What music label is Oh My God represented by?,Answer: Universal Music Group,Universal Music Group,answered,False,,,Drowned in Sound,a music label
5629,P112,Who founded Fiat S.p.A.?,Answer: Giovanni Agnelli founded Fiat S.p.A.,Giovanni Agnelli founded Fiat S.p.A.,answered,False,0.0,0.0,Giovanni Agnelli,an Italian entrepreneur
5625,P112,Who founded Capetian House of Anjou?,Answer: Robert II of France,Robert II of France,answered,False,,,Charles I of Naples,a king
12319,P264,What music label is Mamasé represented by?,Answer: Mamasé Records,Mamasé Records,answered,False,,,Studio 100,Belgian company
8200,P127,Who owns Histria Prince?,Answer: I don't know,I don't know,abstained,True,,,Histria Shipmanagement,a ship management company
4271,P50,Who is the author of Yakari?,Answer: Yakari was written by Jiro Taniguchi.,Yakari was written by Jiro Taniguchi.,answered,False,,,Job,Job
11770,P176,Which company is Heckler & Koch P9 produced by?,Answer: Heckler & Koch P9 is produced by Heckler & Koch AG.,Heckler & Koch P9 is produced by Heckler & Koch AG.,answered,False,0.0,0.0,Heckler & Koch,a defense manufacturing company
9382,P170,Who was Happy Tree Friends created by?,Answer: The creators of Happy Tree Friends were Mike Newell and David Susskind.,The creators of Happy Tree Friends were Mike Newell and David Susskind.,answered,False,,,Aubrey Ankrum,American graphic artist
8163,P127,Who owns Susquehanna?,Answer: The ownership details of Susquehanna Financial Group LLC are not publicly disclosed.,The ownership details of Susquehanna Financial Group LLC are not publicly disclosed.,answered,False,,,Erie Railroad,a railroad company
11002,P176,Which company is Type 206 submarine produced by?,Answer: The Type 206 submarine was produced by Vosper Thornycroft.,The Type 206 submarine was produced by Vosper Thornycroft.,answered,False,,,Howaldtswerke-Deutsche Werft,shipbuilding company
11958,P264,What music label is Marc Johnson represented by?,Answer: Answer: Universal Music Group,Answer: Universal Music Group,answered,False,,,ECM Records,German independent record label
9544,P170,Who was Quarterlife created by?,"Answer: The show ""Quarterlife"" was created by Sarah Gruen.","The show ""Quarterlife"" was created by Sarah Gruen.",answered,False,,,Marshall Herskovitz,"a film and TV director, producer and writer"
11623,P176,Which company is C-130J Super Hercules produced by?,Answer: The C-130J Super Hercules is produced by Lockheed Martin.,The C-130J Super Hercules is produced by Lockheed Martin.,answered,False,0.0,0.0,Lockheed Martin,an aerospace and defense manufacturer
11892,P264,What music label is Ugetsu represented by?,Answer: I don't know,I don't know,abstained,True,,,Riverside Records,a music label
8715,P127,Who owns Rob Kidd?,Answer: I don't know,I don't know,abstained,True,,,The Walt Disney Company,an American multinational mass media company
8857,P127,Who owns SK Telecom?,Answer: SK Group is the parent company that owns SK Telecom.,SK Group is the parent company that owns SK Telecom.,answered,False,0.0,0.0,SK Group,a South Korean conglomerate
5956,P112,Who founded SELCO India?,Answer: The founder of SELCO India is Mr. Ravi Shankar.,The founder of SELCO India is Mr. Ravi Shankar.,answered,False,,,Harish Hande,a businessman
3756,P50,Who is the author of Ryūsei no Kizuna?,"Answer: The author of ""Ryūsei no Kizuna"" is Toshio Tsugane.","The author of ""Ryūsei no Kizuna"" is Toshio Tsugane.",answered,False,,,Keigo Higashino,a Japanese person
8027,P127,Who owns Pete Maravich Assembly Center?,Answer: The Pete Maravich Assembly Center is owned by Tulane University.,The Pete Maravich Assembly Center is owned by Tulane University.,answered,False,,,Louisiana State University,a public university
5791,P112,Who founded United States Karate Association?,Answer: The founder of the United States Karate Association is George Nakasone.,The founder of the United States Karate Association is George Nakasone.,answered,False,,,Robert Trias,An American karateka
11326,P176,Which company is SNCF X 73900 produced by?,Answer: I don't know,I don't know,abstained,True,,,Alstom,a French company
4575,P50,Who is the author of La Grève des électeurs?,"Answer: The author of ""La Grève des électeurs"" is Jean-Paul Sartre.","The author of ""La Grève des électeurs"" is Jean-Paul Sartre.",answered,False,,,Octave Mirbeau,a French writer
11016,P176,Which company is ALCO RSD-7 produced by?,Answer: ALCO RSD-7 is produced by General Electric.,ALCO RSD-7 is produced by General Electric.,answered,False,,,American Locomotive Company,a locomotive company
8979,P170,Who was The Spanish Inquisition created by?,Answer: Ferdinand II of Aragon and Isabella I of Castile,Ferdinand II of Aragon and Isabella I of Castile,answered,False,,,Monty Python,British group
8591,P127,Who owns United Artists Corporation?,Answer: The ownership of United Artists Corporation is not publicly disclosed.,The ownership of United Artists Corporation is not publicly disclosed.,answered,False,,,Metro-Goldwyn-Mayer,a film and television company
8091,P127,Who owns Whipsnade Tree Cathedral?,Answer: The Whipsnade Tree Cathedral is owned by the National Trust.,The Whipsnade Tree Cathedral is owned by the National Trust.,answered,False,0.0,0.0,National Trust,a non-profit organization
11701,P176,Which company is T-34 produced by?,Answer: The T-34 was produced by the Soviet Union.,The T-34 was produced by the Soviet Union.,answered,False,,,Malyshev Factory,a state-owned company
12433,P264,What music label is Something Special represented by?,Answer: Something Special is not currently associated with any specific music label.,Something Special is not currently associated with any specific music label.,answered,False,,,Columbia Records,A record label
8641,P127,Who owns Vedior?,Answer: I don't know,I don't know,abstained,True,,,Randstad N.V.,a Dutch company
8180,P127,Who owns Vancouver Sun?,"Answer: The Vancouver Sun is owned by News Corp Canada Inc., which is part of the larger News Corporation group.","The Vancouver Sun is owned by News Corp Canada Inc., which is part of the larger News Corporation group.",answered,False,,,Postmedia Network,a Canadian media company
3816,P50,Who is the author of Henriade?,Answer: Jean Paul Richter,Jean Paul Richter,answered,False,,,Voltaire,a French writer
12005,P264,What music label is Greatest Hits represented by?,Answer: Universal Music Group,Universal Music Group,answered,False,,,Columbia Records,Sony
10641,P175,Who performed The Rage: Original Motion Picture Soundtrack?,"Answer: The Rage: Original Motion Picture Soundtrack was performed by several artists including Eminem, Snoop Dogg, and Dr. Dre.","The Rage: Original Motion Picture Soundtrack was performed by several artists including Eminem, Snoop Dogg, and Dr. Dre.",answered,False,,,Midnight Syndicate,American musicians
10810,P176,Which company is MS Mega Express Four produced by?,Answer: I don't know,I don't know,abstained,True,,,Schichau Seebeckwerft,a German company
4380,P50,Who is the author of In Pharaoh's Army?,"Answer: The author of ""In Pharaoh's Army"" is John Rawls.","The author of ""In Pharaoh's Army"" is John Rawls.",answered,False,,,Tobias Wolff,A memoirist
8107,P127,Who owns MBC Action?,Answer: MBC Action is owned by MBC Entertainment.,MBC Action is owned by MBC Entertainment.,answered,False,,,Middle East Broadcasting Center,A company
8306,P127,Who owns Pendle Express?,Answer: The Pendle Express is owned by FirstGroup PLC.,The Pendle Express is owned by FirstGroup PLC.,answered,False,,,Johnston Press,a multimedia company
11244,P176,Which company is Volvo B18 engine produced by?,Answer: Volvo Cars,Volvo Cars,answered,False,0.0,0.0,Volvo Cars,a car company
10981,P176,Which company is PZL-230 Skorpion produced by?,Answer: PZL-230 Skorpion is produced by Polish manufacturer PZL-Mielec.,PZL-230 Skorpion is produced by Polish manufacturer PZL-Mielec.,answered,False,0.0,0.0,PZL,a Polish company
4002,P50,Who is the author of A Saucer of Loneliness?,"Answer: The author of ""A Saucer of Loneliness"" is Eudora Welty.","The author of ""A Saucer of Loneliness"" is Eudora Welty.",answered,False,,,Theodore Sturgeon,"Theodore Hamilton Sturgeon Jr., an American speculative fiction writer"
10832,P176,Which company is Apple IIe Card produced by?,Answer: Apple Inc.,Apple Inc.,answered,False,0.0,0.0,Apple Inc.,Apple
8524,P127,Who owns Yahoo!Xtra?,Answer: I don't know,I don't know,abstained,True,,,Spark New Zealand,a telecommunications company
5894,P112,Who founded Saint Michael's Castle?,Answer: The founder of Saint Michael's Castle is not definitively known.,The founder of Saint Michael's Castle is not definitively known.,answered,False,,,Paul I of Russia,a Russian
11190,P176,Which company is HMS H24 produced by?,"Answer: Huawei Technologies Co., Ltd.","Huawei Technologies Co., Ltd.",answered,False,,,Vickers Limited,British company
11503,P176,Which company is MS Stena Superfast VIII produced by?,Answer: MS Stena,MS Stena,answered,False,,,Howaldtswerke-Deutsche Werft,German company
12440,P264,What music label is Keď sa raz oči dohodnú represented by?,Answer: Universal Music Group,Universal Music Group,answered,False,,,OPUS Records,a music label
4034,P50,Who is the author of Hour Game?,"Answer: The author of ""Hour Game"" is John Green.","The author of ""Hour Game"" is John Green.",answered,False,,,David Baldacci,American author
4858,P69,Where was Juan José Millás educated?,Answer: Juan José Millás was educated in Spain.,Juan José Millás was educated in Spain.,answered,False,2.0,2.0,Complutense University of Madrid,Spain
5849,P112,Who founded HB Studio?,Answer: I don't know,I don't know,abstained,True,,,Herbert Berghof,an actor
11799,P264,What music label is A Death-Grip on Yesterday represented by?,Answer: I don't know,I don't know,abstained,True,,,Victory Records,Victory Records
5641,P112,Who founded Josephine Leavell Allensworth?,Answer: Josephine Leavell Allensworth was not actually named Josephine Leavell Allensworth; she is better known as Allensworth.,Josephine Leavell Allensworth was not actually named Josephine Leavell Allensworth; she is better known as Allensworth.,answered,False,0.0,0.0,Allensworth,a place in California
8033,P127,Who owns CS Sovereign?,Answer: I don't know,I don't know,abstained,True,,,Global Marine Systems,A company
9984,P175,Who performed The Real One?,Answer: The Real One was performed by Beyoncé and Kendrick Lamar.,The Real One was performed by Beyoncé and Kendrick Lamar.,answered,False,,,2 Live Crew,A group
12019,P264,What music label is Forgiven represented by?,Answer: Forgiven is not currently associated with any major record labels.,Forgiven is not currently associated with any major record labels.,answered,False,,,Gotee Records,Gotee Records
8070,P127,Who owns Country Pure Foods?,Answer: I don't know,I don't know,abstained,True,,,Sapporo Breweries,A company
10982,P176,Which company is USCGC Polar Star produced by?,Answer: The USCGC Polar Star was produced by General Dynamics Electric Boat Division.,The USCGC Polar Star was produced by General Dynamics Electric Boat Division.,answered,False,,,Lockheed Shipbuilding and Construction Company,Lockheed Corporation
11870,P264,What music label is Afraid represented by?,Answer: I don't know,I don't know,abstained,True,,,Columbia Records,Sony Music Entertainment
4209,P50,Who is the author of Blackstone Chronicles?,Answer: The author of Blackstone Chronicles is J.K. Rowling.,The author of Blackstone Chronicles is J.K. Rowling.,answered,False,,,John Saul,American writer
11381,P176,Which company is Pentax *ist D produced by?,Answer: Canon,Canon,answered,False,,,Pentax,A company
11441,P176,Which company is Norwegian Sky produced by?,Answer: Norwegian Air Shuttle,Norwegian Air Shuttle,answered,False,,,Bremer Vulkan,shipbuilding company
11737,P176,Which company is Bofors 152 mm gun m/42 produced by?,Answer: Bofors 152 mm gun M/42 is produced by Bofors AB.,Bofors 152 mm gun M/42 is produced by Bofors AB.,answered,False,0.0,0.0,Bofors,a Swedish company
11860,P264,What music label is Huron (Canadian band) represented by?,Answer: Answer: Universal Music Group,Answer: Universal Music Group,answered,False,,,Latent Recordings,a Canadian record label
3959,P50,Who is the author of The Conscious Mind?,Answer: Daniel C. Dennett,Daniel C. Dennett,answered,False,,,David Chalmers,cognitive scientist
3783,P50,Who is the author of In Another Light?,"Answer: The author of ""In Another Light"" is John Updike.","The author of ""In Another Light"" is John Updike.",answered,False,,,Andrew Greig,a Scottish writer
9804,P170,Who was Julie Lescaut created by?,Answer: Julie Lescaut was created by Jean-Pierre Jeunet and Marc Caro.,Julie Lescaut was created by Jean-Pierre Jeunet and Marc Caro.,answered,False,,,Alexis Lecaye,Alexis Lecaye
12578,P264,What music label is You Are Not Alone represented by?,Answer: Answer: You Are Not Alone is not currently associated with any major music labels.,Answer: You Are Not Alone is not currently associated with any major music labels.,answered,False,,,ANTI-,Sony Music Entertainment
12679,P264,What music label is Parting the Sea Between Brightness and Me represented by?,Answer: Answer: Parting the Sea Between Brightness and Me is not associated with any specific music label.,Answer: Parting the Sea Between Brightness and Me is not associated with any specific music label.,answered,False,,,Deathwish Inc.,Deathwish Inc.
11013,P176,Which company is Erie Railroad L-1 produced by?,Answer: Erie Railroad L-1 is not produced by any specific company. It was an experimental model designed and built by the Erie Railroad Company for testing purposes.,Erie Railroad L-1 is not produced by any specific company. It was an experimental model designed and built by the Erie Railroad Company for testing purposes.,answered,False,,,American Locomotive Company,a locomotive company
5319,P69,Where was Navin Dissanayake educated?,Answer: Navin Dissanayake was educated in Sri Lanka.,Navin Dissanayake was educated in Sri Lanka.,answered,False,2.0,2.0,"Royal College, Colombo",Sri Lanka
5598,P112,Who founded Porsche Automobil Holding SE?,Answer: Ferdinand Alexander Porsche founded Porsche Automobil Holding SE.,Ferdinand Alexander Porsche founded Porsche Automobil Holding SE.,answered,False,0.0,0.0,Ferdinand Porsche,an Austrian-German
8019,P127,Who owns Bucharest Corporate Center?,Answer: I don't know,I don't know,abstained,True,,,Assicurazioni Generali,an insurance company
4653,P50,Who is the author of The Sleep of Reason?,Answer: The Sleep of Reason was written by René Descartes.,The Sleep of Reason was written by René Descartes.,answered,False,,,Martin Day,British writer
11090,P176,Which company is USS Moonstone produced by?,Answer: I don't know,I don't know,abstained,True,,,Friedrich Krupp Germaniawerft,German company
4965,P69,Where was Jenny Boully educated?,Answer: Jenny Boully was educated in France.,Jenny Boully was educated in France.,answered,False,,,University of Notre Dame,Catholic university
5955,P112,Who founded Vaasa?,Answer: The founder of Vaasa was Gustaf Dalin.,The founder of Vaasa was Gustaf Dalin.,answered,False,,,Charles IX of Sweden,a Swedish monarch
10696,P175,Who performed Free Your Mind 33?,"Answer: The song ""Free Your Mind 33"" was performed by The Police.","The song ""Free Your Mind 33"" was performed by The Police.",answered,False,,,Dragon Ash,a group
11417,P176,Which company is USS Rochester produced by?,Answer: The USS Rochester was produced by General Dynamics Electric Boat Division.,The USS Rochester was produced by General Dynamics Electric Boat Division.,answered,False,,,Bethlehem Steel,a shipbuilder
11517,P176,Which company is 10.5 cm Leichtgeschütz 42 produced by?,Answer: The 10.5 cm Leichtgeschütz 42 was produced by Krupp Werke AG.,The 10.5 cm Leichtgeschütz 42 was produced by Krupp Werke AG.,answered,False,,,Rheinmetall AG,a German company
9886,P175,Who performed The Way I Live?,"Answer: The song ""The Way I Live"" was performed by American singer-songwriter John Lennon.","The song ""The Way I Live"" was performed by American singer-songwriter John Lennon.",answered,False,,,Baby Boy da Prince,American rapper
11924,P264,What music label is A Hero A Fake represented by?,Answer: I don't know,I don't know,abstained,True,,,Victory Records,Victory Records
8213,P127,Who owns South Peak Estate?,Answer: The ownership of South Peak Estate is not publicly disclosed and may be subject to privacy laws.,The ownership of South Peak Estate is not publicly disclosed and may be subject to privacy laws.,answered,False,,,National Trust,a non-profit organization
7989,P127,Who owns Oberoi Trident?,Answer: The Oberoi Trident is owned by the Oberoi Group.,The Oberoi Trident is owned by the Oberoi Group.,answered,False,,,Oberoi Hotels & Resorts,a hotel group
10843,P176,Which company is SS Prinz Adalbert produced by?,Answer: I don't know,I don't know,abstained,True,,,Bremer Vulkan,German company
5780,P112,Who founded Volvo?,Answer: The founder of Volvo was Raoul Berger-Grenet.,The founder of Volvo was Raoul Berger-Grenet.,answered,False,,,SKF,a Swedish company
5009,P69,Where was Greg Henderson educated?,"Answer: Greg Henderson attended the University of California, Berkeley for his education.","Greg Henderson attended the University of California, Berkeley for his education.",answered,False,,,University of Otago,New Zealand
8407,P127,Who owns Randstad India?,"Answer: Randstad India is owned by Randstad N.V., a Dutch multinational staffing and human resources services company.","Randstad India is owned by Randstad N.V., a Dutch multinational staffing and human resources services company.",answered,False,0.0,0.0,Randstad N.V.,A company
11148,P176,Which company is USS Narragansett produced by?,Answer: The USS Narragansett was built by Bath Iron Works.,The USS Narragansett was built by Bath Iron Works.,answered,False,,,William Cramp and Sons,a shipbuilder
11633,P176,Which company is HMAS Tongkol produced by?,"Answer: HMAS Tongkal is a warship built for Australia's Royal Australian Navy (RAN). It was constructed by Bathurst Shipbuilding Pty Ltd,","HMAS Tongkal is a warship built for Australia's Royal Australian Navy (RAN). It was constructed by Bathurst Shipbuilding Pty Ltd,",answered,False,,,Smiths Dock Company,shipbuilding company
8310,P127,Who owns Baksan hydroelectric power station?,Answer: The Baksan Hydroelectric Power Station is owned by the Russian state-owned company Rosatom.,The Baksan Hydroelectric Power Station is owned by the Russian state-owned company Rosatom.,answered,False,1.0,1.0,RusHydro,a Russian company
3890,P50,Who is the author of Cognitive Surplus?,"Answer: The author of ""Cognitive Surplus"" is Lessig.","The author of ""Cognitive Surplus"" is Lessig.",answered,False,,,Clay Shirky,a technology writer
8820,P127,Who owns Halethorpe?,Answer: I don't know,I don't know,abstained,True,,,Amtrak,a transportation company
8562,P127,Who owns Library of Birmingham?,Answer: The Library of Birmingham is owned by the University of Birmingham and the City Council of Birmingham.,The Library of Birmingham is owned by the University of Birmingham and the City Council of Birmingham.,answered,False,0.0,0.0,Birmingham City Council,a government body
9457,P170,Who was Galactus created by?,Answer: Galactus is not actually a character from any known universe or franchise. He is an imaginary creature that appears in various fictional contexts and has no creator associated,Galactus is not actually a character from any known universe or franchise. He is an imaginary creature that appears in various fictional contexts and has no creator associated,answered,False,,,Stan Lee,a comic book writer
9683,P170,Who was Drew Carey's Green Screen Show created by?,"Answer: Drew Carey's Green Screen Show was created by Drew Carey and his production company, The Drew Carey Company.","Drew Carey's Green Screen Show was created by Drew Carey and his production company, The Drew Carey Company.",answered,False,0.0,0.0,Drew Carey,an actor
8654,P127,Who owns Fox Sports?,"Answer: The ownership of Fox Sports is not publicly disclosed, but it is owned by 21st Century Fox.","The ownership of Fox Sports is not publicly disclosed, but it is owned by 21st Century Fox.",answered,False,,,Fox Sports Pty Limited,Australian business
12380,P264,What music label is In Concert – Brandeis University 1963 represented by?,Answer: I don't know,I don't know,abstained,True,,,Columbia Records,Sony Music Entertainment
9572,P170,Who was Space Cats created by?,Answer: Space Cats was created by Matt Foley and Mike Reiss.,Space Cats was created by Matt Foley and Mike Reiss.,answered,False,,,Paul Fusco,a puppeteer
12071,P264,What music label is Valerie Wellington represented by?,Answer: I don't know,I don't know,abstained,True,,,Flying Fish Records,Flying Fish Records
4102,P50,Who is the author of Honor Among Enemies?,"Answer: The author of ""Honor Among Enemies"" is John Grisham.","The author of ""Honor Among Enemies"" is John Grisham.",answered,False,,,David Weber,American writer
10549,P175,Who performed Jason Isbell and The 400 Unit?,Answer: Jason Isbell and The 400 Unit were formed as a project by singer-songwriter Jason Isbell.,Jason Isbell and The 400 Unit were formed as a project by singer-songwriter Jason Isbell.,answered,False,0.0,0.0,Jason Isbell,American singer-songwriter and guitarist
11583,P176,Which company is Brennabor Typ C produced by?,Answer: I don't know,I don't know,abstained,True,,,Brennabor,German company
12576,P264,What music label is Saint Low represented by?,Answer: I don't know,I don't know,abstained,True,,,Cooking Vinyl,a music label
11842,P264,What music label is Ricky Martin represented by?,Answer: Sony Music Entertainment,Sony Music Entertainment,answered,False,1.0,1.0,Columbia Records,Sony Music Entertainment
12075,P264,What music label is The Jelly Jam 2 represented by?,Answer: I don't know,I don't know,abstained,True,,,Inside Out Music,a music label
10856,P176,Which company is Aerocar produced by?,Answer: Aerocar is not actually a real car model or brand name. It's likely a fictional concept or made-up product. There isn't any specific,Aerocar is not actually a real car model or brand name. It's likely a fictional concept or made-up product. There isn't any specific,answered,False,,,Aerocar International,an aircraft manufacturer
9342,P170,Who was Duckman created by?,Answer: Duckman was created by Matt Groening.,Duckman was created by Matt Groening.,answered,False,,,Everett Peck,an artist
4673,P50,Who is the author of L game?,"Answer: The author of ""L Game"" is Liang Xiaosheng.","The author of ""L Game"" is Liang Xiaosheng.",answered,False,,,Edward de Bono,a Maltese
8710,P127,Who owns Duquesne Baseball Field?,Answer: The Duquesne University Athletic Department owns Duquesne Baseball Field.,The Duquesne University Athletic Department owns Duquesne Baseball Field.,answered,False,0.0,0.0,Duquesne University,A school
10988,P176,Which company is ZIL-130 produced by?,Answer: ZIL-130 is produced by Zhukovskiy Industrial Plant.,ZIL-130 is produced by Zhukovskiy Industrial Plant.,answered,False,0.0,0.0,ZiL,a Russian company
3806,P50,Who is the author of O dia das calças roladas?,"Answer: The author of ""O Dia das Calças Roladas"" (The Day the Cops Came to Town) is José Saramago.","The author of ""O Dia das Calças Roladas"" (The Day the Cops Came to Town) is José Saramago.",answered,False,,,Germano Almeida,a Cape Verdean writer
9345,P170,Who was This Is England '86 created by?,Answer: This Is England '86 was created by John Ingebrigtsen and Peter Jones.,This Is England '86 was created by John Ingebrigtsen and Peter Jones.,answered,False,,,Shane Meadows,a film director
12036,P264,What music label is Moscow Penny Ante represented by?,Answer: Answer: I don't know,Answer: I don't know,abstained,True,,,Fat Wreck Chords,Fat Wreck Chords
8826,P127,Who owns Cross-Harbour Tunnel?,Answer: The Cross-Harbour Tunnel is owned by Transport for London (TfL).,The Cross-Harbour Tunnel is owned by Transport for London (TfL).,answered,False,,,Government of Hong Kong,China
10293,P175,Who performed Birrkuta – Wild Honey?,"Answer: The song ""Birrkuta – Wild Honey"" was performed by Australian singer-songwriter Ben Francis.","The song ""Birrkuta – Wild Honey"" was performed by Australian singer-songwriter Ben Francis.",answered,False,,,Yothu Yindi,musical group
8155,P127,Who owns Riddle–Pace Field?,Answer: The ownership of Riddle-Pace Field is not publicly disclosed.,The ownership of Riddle-Pace Field is not publicly disclosed.,answered,False,,,Troy University,Troy University
8723,P127,Who owns BeritaSatu Media Holdings?,Answer: BeritaSatu Media Holdings is owned by BeritaSatu Group.,BeritaSatu Media Holdings is owned by BeritaSatu Group.,answered,False,,,Lippo Group,a multinational conglomerate
8766,P127,Who owns EnergyAustralia?,Answer: EnergyAustralia is owned by Macquarie Group and Fortescue Metals Group.,EnergyAustralia is owned by Macquarie Group and Fortescue Metals Group.,answered,False,,,Government of New South Wales,A government in Australia
12340,P264,What music label is Fantasy 4ever represented by?,Answer: Fantasy 4ever is not currently associated with any specific music label.,Fantasy 4ever is not currently associated with any specific music label.,answered,False,,,Sony Music,Sony
12526,P264,What music label is Le Vibrazioni represented by?,Answer: I don't know,I don't know,abstained,True,,,BMG Rights Management,a music label
8960,P127,Who owns Vivendi Games?,Answer: Vivendi Universal Entertainment Group owns Vivendi Games.,Vivendi Universal Entertainment Group owns Vivendi Games.,answered,False,0.0,0.0,Vivendi,a mass media company
11071,P176,Which company is Packard Super Eight produced by?,Answer: Packard Super Eight is produced by Packard Bell.,Packard Super Eight is produced by Packard Bell.,answered,False,0.0,0.0,Packard,an automotive manufacturer
4247,P50,Who is the author of Writing Drama?,"Answer: The author of ""Writing Drama"" is David Hare.","The author of ""Writing Drama"" is David Hare.",answered,False,,,Yves Lavandier,a film director
8580,P127,Who owns Nat Geo Music?,Answer: The National Geographic Society owns Nat Geo Music.,The National Geographic Society owns Nat Geo Music.,answered,False,,,Fox International Channels,The Walt Disney Company
11721,P176,Which company is Aviatik B.III produced by?,Answer: Aviatik B.III was produced by Aviatik Flugzeugwerke GmbH.,Aviatik B.III was produced by Aviatik Flugzeugwerke GmbH.,answered,False,0.0,0.0,Aviatik,aircraft manufacturer
11053,P176,Which company is Suzuki SV 650 produced by?,Answer: Suzuki,Suzuki,answered,False,0.0,0.0,Suzuki,automotive corporation
11310,P176,Which company is ALCO RSD-1 produced by?,Answer: ALCO RSD-1 is produced by General Electric.,ALCO RSD-1 is produced by General Electric.,answered,False,,,American Locomotive Company,a locomotive company
4005,P50,Who is the author of Corpse Marker?,"Answer: The author of ""Corpse Marker"" is John D. MacDonald.","The author of ""Corpse Marker"" is John D. MacDonald.",answered,False,,,Chris Boucher,a British writer
10877,P176,Which company is Boddingtons Bitter produced by?,Answer: Boddingtons Bitter is produced by The Boddington Brewery Limited.,Boddingtons Bitter is produced by The Boddington Brewery Limited.,answered,False,,,Anheuser-Busch InBev,a multinational beverage and brewing company
12696,P264,"What music label is So Long, Astoria represented by?",Answer: Universal Music Group,Universal Music Group,answered,False,,,Columbia Records,Sony Music Entertainment
9122,P170,Who was Pyaar Ka Dard Hai created by?,Answer: Pyaar Ka Dard Hai was created by Anurag Basu.,Pyaar Ka Dard Hai was created by Anurag Basu.,answered,False,,,Rajshri Productions,an Indian film production and distribution company
11758,P176,Which company is German submarine U-133 (1941) produced by?,Answer: Vickers Armstrong,Vickers Armstrong,answered,False,,,Bremer Vulkan,German company
11687,P176,Which company is HP PhotoSmart R607 produced by?,Answer: HP,HP,answered,False,,,Hewlett-Packard,American information technology company
12434,P264,What music label is Barry Adamson represented by?,Answer: Answer: Universal Music Group,Answer: Universal Music Group,answered,False,,,Mute Records,British independent record label
4633,P50,Who is the author of Clericis laicos?,"Answer: The author of ""Clericis laicos"" is Jean Bodin.","The author of ""Clericis laicos"" is Jean Bodin.",answered,False,,,Boniface VIII,a religious leader
4934,P69,Where was Sharon J. Merchant educated?,"Answer: Sharon J. Merchant was educated at the University of California, Los Angeles (UCLA).","Sharon J. Merchant was educated at the University of California, Los Angeles (UCLA).",answered,False,,,Florida State University,a public university
9514,P170,Who was Kaiba created by?,Answer: Kaiba is created by Kazuki Sakuraba.,Kaiba is created by Kazuki Sakuraba.,answered,False,,,Masaaki Yuasa,a Japanese person
11495,P176,Which company is Brennabor Juwel 8 produced by?,"Answer: Brennabor Juwel 8 is not a well-known product or brand name. Without more context or information, it's difficult to determine which specific","Brennabor Juwel 8 is not a well-known product or brand name. Without more context or information, it's difficult to determine which specific",answered,False,0.0,0.0,Brennabor,German company
11819,P264,What music label is Relativity Suite represented by?,Answer: Universal Music Group,Universal Music Group,answered,False,,,Jazz Composer's Orchestra,Jazz Composer's Orchestra
4427,P50,Who is the author of Thirty-Three Teeth?,Answer: I don't know,I don't know,abstained,True,,,Colin Cotterill,Colin Cotterill
8650,P127,Who owns Supermercados Gigante?,"Answer: Supermercados Gigante is owned by Grupo Líder S.A., which is a Brazilian company.","Supermercados Gigante is owned by Grupo Líder S.A., which is a Brazilian company.",answered,False,,,Soriana,Soriana
9185,P170,Who was Mr. Smithers created by?,Answer: Mr. Smithers is created by Douglas Adams.,Mr. Smithers is created by Douglas Adams.,answered,False,,,Matt Groening,a cartoonist
8761,P127,Who owns The Doon School Weekly?,Answer: The Doon School is an independent school located in India and does not have any specific ownership information publicly available.,The Doon School is an independent school located in India and does not have any specific ownership information publicly available.,answered,False,0.0,0.0,The Doon School,An educational institution
5756,P112,Who founded Knoll?,Answer: Charles R. Olsen founded Knoll.,Charles R. Olsen founded Knoll.,answered,False,,,Florence Knoll,an architect
5365,P69,Where was Ken Ishii educated?,Answer: Ken Ishii was educated in Japan.,Ken Ishii was educated in Japan.,answered,False,2.0,2.0,Hitotsubashi University,Japan
5704,P112,Who founded IRFE?,Answer: I don't know,I don't know,abstained,True,,,Felix Yusupov,a Russian
3822,P50,Who is the author of Sefer Hasidim?,Answer: The author of Sefer Hasidim is Moses de Leon.,The author of Sefer Hasidim is Moses de Leon.,answered,False,,,Judah ben Samuel of Regensburg,German
6018,P112,Who founded Kinner Airplane & Motor Corporation?,Answer: The founder of Kinner Airplane & Motor Corporation was William Kinner.,The founder of Kinner Airplane & Motor Corporation was William Kinner.,answered,False,,,Bert Kinner,an American
8702,P127,Who owns Prince Kuhio Federal Building?,Answer: The Prince Kuhio Federal Building is owned by the United States government.,The Prince Kuhio Federal Building is owned by the United States government.,answered,False,,,Federal Government of the United States of America,Government of the United States of America
10962,P176,Which company is Colt Pocket Percussion Revolvers produced by?,Answer: Colt Manufacturing Company,Colt Manufacturing Company,answered,False,,,Colt's Manufacturing Company,firearms manufacturer
4235,P50,Who is the author of The Green Collar Economy?,Answer: The Green Collar Economy was written by Robert Pollin and Michael Shellenberger.,The Green Collar Economy was written by Robert Pollin and Michael Shellenberger.,answered,False,,,Van Jones,an American
8189,P127,Who owns James J. McCann Baseball Field?,Answer: The James J. McCann Baseball Field is owned by the City of Philadelphia.,The James J. McCann Baseball Field is owned by the City of Philadelphia.,answered,False,,,Marist College,A school
4936,P69,Where was Ouyang Tzu educated?,"Answer: Ouyang Tzu was educated in Suzhou, Jiangsu Province.","Ouyang Tzu was educated in Suzhou, Jiangsu Province.",answered,False,,,National Taiwan University,Taiwan
9554,P170,Who was Davros created by?,Answer: David Whitaker,David Whitaker,answered,False,,,Terry Nation,a television writer
9496,P170,Who was Voyagers! created by?,"Answer: The creators of ""Voyagers!"" were David Susskind and Michael Grossman.","The creators of ""Voyagers!"" were David Susskind and Michael Grossman.",answered,False,,,James D. Parriott,"James D. Parriott, Philip DeGuere, and Michael Piller"
8343,P127,Who owns Köstritzer?,Answer: The Köstritzer is owned by the German state of Saxony-Anhalt.,The Köstritzer is owned by the German state of Saxony-Anhalt.,answered,False,,,Bitburger Brauerei,a brewery
8333,P127,Who owns Irish Distillers?,Answer: Irish Distillers is owned by Diageo plc.,Irish Distillers is owned by Diageo plc.,answered,False,,,Pernod Ricard,a French company
8054,P127,Who owns Celtic Park?,Answer: The Scottish Football Association (SFA) owns Celtic Park.,The Scottish Football Association (SFA) owns Celtic Park.,answered,False,,,Derry GAA,organization
5834,P112,Who founded Rolex?,Answer: Hans Wilsdorf founded Rolex.,Hans Wilsdorf founded Rolex.,answered,False,0.0,0.0,Hans Wilsdorf,A German
11411,P176,Which company is Saab 29 Tunnan produced by?,Answer: Saab 29 Tunnan was produced by Saab AB.,Saab 29 Tunnan was produced by Saab AB.,answered,False,,,Saab Group,a Swedish company
8690,P127,Who owns Disney English?,Answer: The ownership of Disney English is not publicly disclosed.,The ownership of Disney English is not publicly disclosed.,answered,False,,,Disney Publishing Worldwide,Disney Consumer Products and Interactive Media
8058,P127,Who owns Miller Park?,Answer: The Milwaukee Brewers baseball team and the Wisconsin State Fair use Miller Park.,The Milwaukee Brewers baseball team and the Wisconsin State Fair use Miller Park.,answered,False,0.0,0.0,Milwaukee Brewers,a sports team
9867,P175,Who performed Nino Rota discography?,Answer: Nino Rota performed his music as a composer and conductor.,Nino Rota performed his music as a composer and conductor.,answered,False,0.0,0.0,Nino Rota,Composer
8344,P127,Who owns Biemesderfer Stadium?,Answer: The ownership of Biemesderfer Stadium is not publicly disclosed.,The ownership of Biemesderfer Stadium is not publicly disclosed.,answered,False,,,Millersville University of Pennsylvania,Millersville University of Pennsylvania
9673,P170,Who was The Off-Beats created by?,Answer: The Off-Beats were created by DJ Diplo and producer Skrillex.,The Off-Beats were created by DJ Diplo and producer Skrillex.,answered,False,,,Mo Willems,a children's books illustrator and writer
4189,P50,Who is the author of Pingyao Zhuan?,Answer: The author of Pingyao Zhuan is Wang Guowei.,The author of Pingyao Zhuan is Wang Guowei.,answered,False,,,Luo Guanzhong,a Chinese writer
9167,P170,Who was Doom engine created by?,Answer: Id Software,Id Software,answered,False,1.0,1.0,John Carmack,American computer programmer and video game developer
8398,P127,Who owns McPherson Stadium?,Answer: The ownership of McPherson Stadium is not publicly disclosed.,The ownership of McPherson Stadium is not publicly disclosed.,answered,False,,,McPherson College,A college
4383,P50,"Who is the author of Double, Double?","Answer: The author of ""Double, Double"" is John Green.","The author of ""Double, Double"" is John Green.",answered,False,,,Michael Jan Friedman,Michael Jan Friedman
4504,P50,Who is the author of Hackers & Painters?,"Answer: The author of ""Hackers & Painters"" is John Perry Barlow.","The author of ""Hackers & Painters"" is John Perry Barlow.",answered,False,,,Paul Graham,essayist
11486,P176,Which company is PKP class Ok22 produced by?,Answer: PKP is not associated with the production of Ok22.,PKP is not associated with the production of Ok22.,answered,False,,,Hanomag,a German company
5119,P69,Where was Dilsa Demirbag Sten educated?,Answer: Dilsa Demirbag Sten was educated in Turkey.,Dilsa Demirbag Sten was educated in Turkey.,answered,False,,,Stockholm University,a university in Sweden
4547,P50,Who is the author of Apollo's Song?,"Answer: The author of ""Apollo's Song"" is Robert Browning.","The author of ""Apollo's Song"" is Robert Browning.",answered,False,,,Osamu Tezuka,a Japanese person
11134,P176,Which company is Italian destroyer Audace produced by?,Answer: Fincantieri,Fincantieri,answered,False,,,Yarrow Shipbuilders,a shipbuilder
4578,P50,Who is the author of Life and Death in Shanghai?,"Answer: The author of ""Life and Death in Shanghai"" is Eileen Chang.","The author of ""Life and Death in Shanghai"" is Eileen Chang.",answered,False,,,Nien Cheng,a Chinese writer
5881,P112,Who founded Mary Kay?,Answer: Mary Kay Ash founded Mary Kay Cosmetics.,Mary Kay Ash founded Mary Kay Cosmetics.,answered,False,0.0,0.0,Mary Kay Ash,an entrepreneur
8357,P127,Who owns Boston Dynamics?,Answer: Boston Dynamics is owned by SoftBank Robotics Corporation.,Boston Dynamics is owned by SoftBank Robotics Corporation.,answered,False,,,Google,A company
12290,P264,What music label is Do Nothing 'til You Hear from Me represented by?,Answer: Answer: Universal Music Group,Answer: Universal Music Group,answered,False,,,Riverside Records,Riverside Records
8281,P127,Who owns Hyatt Center?,Answer: The Hyatt Center is owned by the City of San Diego and operated by the San Diego Convention Center Authority.,The Hyatt Center is owned by the City of San Diego and operated by the San Diego Convention Center Authority.,answered,False,,,Irvine Company,A company
4070,P50,Who is the author of Igrot Kodesh?,Answer: The author of Igrot Kodesh is Rabbi Yechiel Michel Epstein.,The author of Igrot Kodesh is Rabbi Yechiel Michel Epstein.,answered,False,1.0,1.0,Menachem Mendel Schneerson,a religious leader
8675,P127,Who owns Italia Oggi?,Answer: I don't know,I don't know,abstained,True,,,Class Editori,an Italian media company
5159,P69,Where was Tomihisa Taue educated?,Answer: Tomihisa Taue was educated in Japan.,Tomihisa Taue was educated in Japan.,answered,False,,,Kyushu University,a university in Japan
5875,P112,Who founded Daniel Langlois Foundation?,Answer: Daniel Langlois,Daniel Langlois,answered,False,0.0,0.0,Daniel Langlois,A Quebec computer graphics pioneer and businessman
3943,P50,Who is the author of The Moffats?,Answer: I don't know,I don't know,abstained,True,,,Eleanor Estes,an American children's writer
4095,P50,Who is the author of A Calculus of Angels?,"Answer: The author of ""A Calculus of Angels"" is John Green.","The author of ""A Calculus of Angels"" is John Green.",answered,False,,,Gregory Keyes,a science fiction writer
11265,P176,Which company is Noble M15 produced by?,"Answer: The Noble M15 is produced by Noble Energy Inc., an American independent oil and gas company based in Houston, Texas.","The Noble M15 is produced by Noble Energy Inc., an American independent oil and gas company based in Houston, Texas.",answered,False,0.0,0.0,Noble,British company
12154,P264,What music label is The Seekers represented by?,Answer: EMI (Electric Music Industries),EMI (Electric Music Industries),answered,False,,,W&G Records,recording company
10890,P176,Which company is HMS Ethalion produced by?,"Answer: Huawei Technologies Co., Ltd.","Huawei Technologies Co., Ltd.",answered,False,,,Woolwich Dockyard,British government
10926,P176,Which company is Hiro Type 91 produced by?,Answer: The Hiro Type 91 was produced by Kawasaki Heavy Industries.,The Hiro Type 91 was produced by Kawasaki Heavy Industries.,answered,False,,,Hiro Naval Arsenal,"Hiro Naval Arsenal, Ltd., Japan, Asia"
11899,P264,What music label is Jimmy Barnes represented by?,Answer: Answer: Jimmy Barnes is not currently associated with any major record labels. He has released his own albums and tours under his own name.,Answer: Jimmy Barnes is not currently associated with any major record labels. He has released his own albums and tours under his own name.,answered,False,,,Mushroom Records,Australian record label
11225,P176,Which company is Saturn AL-31 produced by?,Answer: The Saturn AL-31 is produced by Lockheed Martin.,The Saturn AL-31 is produced by Lockheed Martin.,answered,False,,,NPO Saturn,a Russian company
12527,P264,What music label is Tash represented by?,Answer: I don't know,I don't know,abstained,True,,,Sony Music,Sony
9434,P170,Who was Ferb Fletcher created by?,Answer: I don't know,I don't know,abstained,True,,,Dan Povenmire,"American television director, writer, producer, storyboard artist, and actor"
8577,P127,Who owns JASDAQ Securities Exchange?,Answer: The JASDAQ Securities Exchange is owned by the Japan Financial Market Association (JFMA).,The JASDAQ Securities Exchange is owned by the Japan Financial Market Association (JFMA).,answered,False,,,Tokyo Stock Exchange,a stock exchange
11571,P176,Which company is Dayton-Wright Racer produced by?,Answer: Dayton-Wright Racer is produced by Dayton Wright Aircraft Corporation.,Dayton-Wright Racer is produced by Dayton Wright Aircraft Corporation.,answered,False,0.0,0.0,Dayton-Wright,Wright Aeronautical
11521,P176,Which company is HMS Echo (H87) produced by?,"Answer: Huawei Technologies Co., Ltd.","Huawei Technologies Co., Ltd.",answered,False,,,Appledore Shipbuilders,a shipbuilder
12586,P264,What music label is S.O.N.O.G.R.A.M. represented by?,Answer: I don't know,I don't know,abstained,True,,,One Be Lo,American rapper
8768,P127,Who owns Yanagimoto Station?,Answer: The ownership of Yanagimoto Station is not publicly disclosed.,The ownership of Yanagimoto Station is not publicly disclosed.,answered,False,,,West Japan Railway Company,A company
4113,P50,Who is the author of One of the Family?,"Answer: The author of ""One of the Family"" is John Updike.","The author of ""One of the Family"" is John Updike.",answered,False,,,Monica Dickens,Monica Enid Dickens OBE
8938,P127,Who owns Priboj City Stadium?,Answer: The ownership of Priboj City Stadium is not publicly disclosed.,The ownership of Priboj City Stadium is not publicly disclosed.,answered,False,0.0,0.0,Priboj,a town in Europe
9182,P170,Who was Found created by?,Answer: Found is not created by any specific entity or company. It is an open-source project maintained by the community and contributors to the Rust programming language.,Found is not created by any specific entity or company. It is an open-source project maintained by the community and contributors to the Rust programming language.,answered,False,,,Dante Gabriel Rossetti,a poet
11266,P176,Which company is Victor produced by?,Answer: Victor is produced by Universal Pictures.,Victor is produced by Universal Pictures.,answered,False,,,Handley Page,an aircraft manufacturer
4304,P50,Who is the author of The Secrets of Harry Bright?,Answer: I don't know,I don't know,abstained,True,,,Joseph Wambaugh,American writer
12473,P264,What music label is Brandi Carlile represented by?,Answer: Big Machine Records,Big Machine Records,answered,False,,,Columbia Records,Sony
12589,P264,What music label is Third Day represented by?,Answer: Third Day is primarily associated with the Warner Music Group (now known as Universal Music Group).,Third Day is primarily associated with the Warner Music Group (now known as Universal Music Group).,answered,False,,,Reunion Records,Christian record label
11772,P176,Which company is MV Akademik Karpinsky produced by?,Answer: Rosatom,Rosatom,answered,False,,,Nordseewerke,a German company
8133,P127,Who owns Montgomery High School?,Answer: The ownership of Montgomery High School is not publicly disclosed and may vary depending on the specific school district or state.,The ownership of Montgomery High School is not publicly disclosed and may vary depending on the specific school district or state.,answered,False,1.0,1.0,Santa Rosa City Schools,A government agency
12377,P264,What music label is Matador/Da Frame 2R represented by?,Answer: Matador/Da Frame 2R is not directly associated with any specific music label. They are independent artists and have released their work through various platforms,Matador/Da Frame 2R is not directly associated with any specific music label. They are independent artists and have released their work through various platforms,answered,False,,,Domino Recording Company,Domino Recording Company
11162,P176,Which company is PZL M-24 Dromader Super produced by?,Answer: PZL M-24 Dromader Super is produced by Polish manufacturer PZL-Mielec.,PZL M-24 Dromader Super is produced by Polish manufacturer PZL-Mielec.,answered,False,0.0,0.0,PZL Mielec,an aerospace manufacturer
8684,P127,Who owns Seven Network?,Answer: Seven Network is owned by News Corp Australia.,Seven Network is owned by News Corp Australia.,answered,False,,,Seven West Media,A media company
10807,P176,Which company is Vickers K produced by?,"Answer: Vickers K is not a widely recognized or well-known product name. Without more context or information, it's difficult to determine which specific company might produce","Vickers K is not a widely recognized or well-known product name. Without more context or information, it's difficult to determine which specific company might produce",answered,False,,,Vickers-Armstrongs,British engineering company
6016,P112,Who founded Bob's?,Answer: I don't know,I don't know,abstained,True,,,Bob Falkenburg,a tennis player
11689,P176,Which company is Arrinera Hussarya produced by?,Answer: I don't know,I don't know,abstained,True,,,Arrinera,a Polish carmaker
11328,P176,Which company is HMS Hero produced by?,"Answer: Huawei Technologies Co., Ltd.","Huawei Technologies Co., Ltd.",answered,False,,,Deptford Dockyard,British government
4224,P50,Who is the author of Knuffle Bunny Too: A Case of Mistaken Identity?,"Answer: The author of ""Knuffle Bunny Too: A Case of Mistaken Identity"" is Tomie dePaola.","The author of ""Knuffle Bunny Too: A Case of Mistaken Identity"" is Tomie dePaola.",answered,False,,,Mo Willems,an American children's books illustrator and writer
12489,P264,What music label is Morcheeba represented by?,Answer: Morcheeba is primarily associated with the Virgin Records label.,Morcheeba is primarily associated with the Virgin Records label.,answered,False,,,Play It Again Sam,Anglo-Belgian independent record label
8785,P127,Who owns ESPN Dos?,Answer: I don't know,I don't know,abstained,True,,,ESPN International,The Walt Disney Company
9341,P170,Who was Neil's Puppet Dreams created by?,Answer: Neil's Puppet Dreams was created by David Lynch.,Neil's Puppet Dreams was created by David Lynch.,answered,False,,,Neil Patrick Harris,an actor
12261,P264,What music label is Paradise Discotheque represented by?,Answer: I don't know,I don't know,abstained,True,,,Mute Records,British independent record label
5667,P112,Who founded XMOS?,Answer: The founder of XMOS is Paul Curran.,The founder of XMOS is Paul Curran.,answered,False,,,David May,A British computer scientist
3937,P50,Who is the author of Jommeke?,Answer: The author of Jommeke is Jan Verhoeven.,The author of Jommeke is Jan Verhoeven.,answered,False,,,Jef Nys,a Belgian
8956,P127,Who owns Fox Sports North?,Answer: I don't know,I don't know,abstained,True,,,Fox Entertainment Group,American entertainment company
10905,P176,Which company is German submarine U-308 produced by?,Answer: I don't know,I don't know,abstained,True,,,Flender Werke,a German company
11157,P176,Which company is St. Louis–San Francisco 4003 produced by?,Answer: The St. Louis-San Francisco 4003 was produced by American Car and Foundry Company (AC&F).,The St. Louis-San Francisco 4003 was produced by American Car and Foundry Company (AC&F).,answered,False,,,American Locomotive Company,a locomotive company
4153,P50,Who is the author of Liezi?,Answer: The author of Liezi is Lie Yukou.,The author of Liezi is Lie Yukou.,answered,False,0.0,0.0,Lie Yukou,a Chinese person
5283,P69,Where was John Schickel educated?,"Answer: John Schickel was educated at the University of California, Los Angeles (UCLA).","John Schickel was educated at the University of California, Los Angeles (UCLA).",answered,False,,,Northern Kentucky University,a public university
8842,P127,Who owns Histria Giada?,Answer: I don't know,I don't know,abstained,True,,,Histria Shipmanagement,a ship management company
8608,P127,Who owns Euroset?,Answer: Euroset is owned by the European Commission.,Euroset is owned by the European Commission.,answered,False,,,MegaFon,a telecommunication provider
5701,P112,Who founded ZF Friedrichshafen AG?,Answer: Ferdinand Porsche founded ZF Friedrichshafen AG.,Ferdinand Porsche founded ZF Friedrichshafen AG.,answered,False,,,Ferdinand von Zeppelin,a German
8739,P127,Who owns West Side Park?,Answer: The ownership of West Side Park is not publicly disclosed and may vary depending on local regulations or agreements between different entities.,The ownership of West Side Park is not publicly disclosed and may vary depending on local regulations or agreements between different entities.,answered,False,,,Chicago Cubs,a sports team
8624,P127,Who owns Aberdulais Falls?,"Answer: The Aberdulais Falls is owned by Tata Sons Ltd., an Indian multinational conglomerate company headquartered in Mumbai, India.","The Aberdulais Falls is owned by Tata Sons Ltd., an Indian multinational conglomerate company headquartered in Mumbai, India.",answered,False,,,National Trust,a non-profit organization
12398,P264,What music label is Welcome to Secret Time represented by?,Answer: I don't know,I don't know,abstained,True,,,Sony Music Entertainment Japan,Sony
5750,P112,Who founded SexyMandarin?,Answer: I don't know,I don't know,abstained,True,,,Michael Gleissner,A German actor and film producer
9335,P170,Who was Scrooge McDuck created by?,Answer: The character Scrooge McDuck was created by Don Rosa.,The character Scrooge McDuck was created by Don Rosa.,answered,False,,,Carl Barks,an American
4398,P50,Who is the author of Culture series?,Answer: The author of the Culture series is Alastair Reynolds.,The author of the Culture series is Alastair Reynolds.,answered,False,,,Iain Banks,a Scottish writer
12028,P264,What music label is Placer Found represented by?,Answer: I don't know,I don't know,abstained,True,,,Western Vinyl,"Western Vinyl Records, LLC."
11548,P176,Which company is German submarine U-207 produced by?,Answer: I don't know,I don't know,abstained,True,,,Friedrich Krupp Germaniawerft,German company
8123,P127,Who owns Yerevan Brandy Company?,Answer: The Yerevan Brandy Company is owned by the Armenian government.,The Yerevan Brandy Company is owned by the Armenian government.,answered,False,,,Pernod Ricard,a French company
3914,P50,"Who is the author of Vera; or, The Nihilists?",Answer: Ivan Turgenev,Ivan Turgenev,answered,False,,,Oscar Wilde,a poet
4927,P69,Where was Aslan Gahramanly educated?,Answer: I don't know,I don't know,abstained,True,,,Baku State University,Azerbaijan
10942,P176,Which company is Suzuki GSV-R produced by?,Answer: Suzuki,Suzuki,answered,False,0.0,0.0,Suzuki,automotive corporation
9132,P170,Who was Lady in white (Toorop) created by?,Answer: Toorop,Toorop,answered,False,0.0,0.0,Jan Toorop,a Dutch-Indonesian painter
3932,P50,Who is the author of The Newton Letter?,Answer: I don't know,I don't know,abstained,True,,,John Banville,an Irish writer
11408,P176,Which company is Nomad produced by?,Answer: Nomad is produced by Valve Corporation.,Nomad is produced by Valve Corporation.,answered,False,,,Government Aircraft Factories,an aerospace manufacturer
8088,P127,Who owns Morupule Colliery?,Answer: The ownership of Morupule Colliery is not publicly disclosed.,The ownership of Morupule Colliery is not publicly disclosed.,answered,False,,,Debswana,Debswana
9376,P170,Who was Susan Banner created by?,Answer: Susan Banner is not a well-known character or entity that can be definitively attributed to any specific creator. It's possible she could be an original creation,Susan Banner is not a well-known character or entity that can be definitively attributed to any specific creator. It's possible she could be an original creation,answered,False,,,Bill Mantlo,a comic book writer
8339,P127,Who owns Google Ads?,Answer: Google owns Google Ads.,Google owns Google Ads.,answered,False,0.0,0.0,Google,Alphabet Inc.
9842,P175,Who performed Use Your Heart?,"Answer: The song ""Use Your Heart"" was performed by George Michael.","The song ""Use Your Heart"" was performed by George Michael.",answered,False,,,SWV,an American R&B vocal group
5971,P112,Who founded Adyar Library?,Answer: The founder of Adyar Library was Sir William Methuen.,The founder of Adyar Library was Sir William Methuen.,answered,False,,,Henry Steel Olcott,a Union United States Army officer
11228,P176,Which company is Suzuki DR-Z400 produced by?,Answer: Suzuki,Suzuki,answered,False,0.0,0.0,Suzuki,automotive corporation
12131,P264,What music label is Brand New Lover represented by?,Answer: I don't know,I don't know,abstained,True,,,Epic,a music label
8196,P127,Who owns Wingspan Bank?,Answer: I don't know,I don't know,abstained,True,,,Bank One Corporation,a financial institution
11914,P264,What music label is Moon & the Sky represented by?,Answer: Answer: Moon & the Sky is not associated with any specific music label.,Answer: Moon & the Sky is not associated with any specific music label.,answered,False,,,Mute Records,British independent record label
8354,P127,Who owns Edinburgh Waverley railway station?,"Answer: The Edinburgh Waverley railway station is owned by Network Rail, which is part of the British Transport Partnership (BTP).","The Edinburgh Waverley railway station is owned by Network Rail, which is part of the British Transport Partnership (BTP).",answered,False,0.0,0.0,Network Rail,The British government
8242,P127,Who owns Super Écran?,Answer: I don't know,I don't know,abstained,True,,,Bell Media,a Canadian media company
10212,P175,Who performed Born Is The King?,"Answer: The song ""Born Is The King"" was performed by American singer-songwriter and actor John Mayer.","The song ""Born Is The King"" was performed by American singer-songwriter and actor John Mayer.",answered,False,,,Hillsong Church,A religious organization
3956,P50,Who is the author of The Twelve?,Answer: I don't know,I don't know,abstained,True,,,Chris Weston,a comics artist
5653,P112,Who founded Harcourt Butler Technical University?,Answer: The founder of Harcourt Butler Technical University is Dr. John H. Harcourt.,The founder of Harcourt Butler Technical University is Dr. John H. Harcourt.,answered,False,0.0,0.0,Harcourt Butler,a British colonial administrator
3882,P50,Who is the author of Demon Theory?,"Answer: The author of ""Demon Theory"" is John Gray.","The author of ""Demon Theory"" is John Gray.",answered,False,,,Stephen Graham Jones,a Native American author
8168,P127,Who owns Honsellstrasse Stadion?,Answer: I don't know,I don't know,abstained,True,,,Karlsruher SC,a sport club
11654,P176,Which company is Pappy Van Winkle's Family Reserve produced by?,Answer: Pappy Van Winkle's Family Reserve is produced by Buffalo Trace Distillery.,Pappy Van Winkle's Family Reserve is produced by Buffalo Trace Distillery.,answered,False,,,Sazerac Company,Sazerac Company
4188,P50,Who is the author of The Reich Chancellery and Führerbunker Complex?,Answer: Adolf Hitler,Adolf Hitler,answered,False,,,Steven Lehrer,a physician
8285,P127,Who owns Google Patents?,Answer: Google Inc. is the owner of Google Patents.,Google Inc. is the owner of Google Patents.,answered,False,0.0,0.0,Google,Alphabet Inc.
10971,P176,Which company is HSV-2 Swift produced by?,Answer: I don't know,I don't know,abstained,True,,,Incat,a shipbuilder
5911,P112,Who founded Kan'ei-ji?,"Answer: The founder of Kan'ei-ji is Honen (空海), also known as Ennin (円仁).","The founder of Kan'ei-ji is Honen (空海), also known as Ennin (円仁).",answered,False,,,Tenkai,A buddhist monk
4154,P50,Who is the author of Un gentilhomme?,Answer: Honoré de Balzac,Honoré de Balzac,answered,False,,,Octave Mirbeau,a French writer
12726,P264,What music label is Kontraritam represented by?,Answer: I don't know,I don't know,abstained,True,,,Jugoton,Jugoton
12125,P264,"What music label is Hardcore Breakout USA 1,2,3,... represented by?",Answer: I don't know,I don't know,abstained,True,,,New Red Archives,New Red Archives
10690,P175,Who performed Sex Over the Phone?,"Answer: The song ""Sex Over the Phone"" was performed by The Go-Go's.","The song ""Sex Over the Phone"" was performed by The Go-Go's.",answered,False,,,Village People,a group
4442,P50,Who is the author of Félicie?,Answer: The author of Félicie is Émile Zola.,The author of Félicie is Émile Zola.,answered,False,,,Pierre de Marivaux,a French writer
3926,P50,Who is the author of Threadsuns?,Answer: I don't know,I don't know,abstained,True,,,Paul Celan,a poet
10974,P176,Which company is LIV (SO) Serval produced by?,Answer: LIV (SO) Serval is produced by Sony.,LIV (SO) Serval is produced by Sony.,answered,False,,,Rheinmetall AG,a German company
4046,P50,Who is the author of The Long Christmas Ride Home?,"Answer: The author of ""The Long Christmas Ride Home"" is Richard Russo.","The author of ""The Long Christmas Ride Home"" is Richard Russo.",answered,False,,,Paula Vogel,playwright
3865,P50,Who is the author of Winterset?,Answer: I don't know,I don't know,abstained,True,,,Maxwell Anderson,American writer
12468,P264,What music label is The Essential Santana represented by?,Answer: Universal Music Group,Universal Music Group,answered,False,,,Columbia Records,Sony Music Entertainment
9331,P170,"Who was The Biggest Loser Australia, season 2 created by?",Answer: ABC Network,ABC Network,answered,False,,,NBC,media company
8600,P127,Who owns Odakyu Group?,Answer: The Odakyu Group is owned by the Odakyu Group Corporation.,The Odakyu Group is owned by the Odakyu Group Corporation.,answered,False,,,Odakyu Electric Railway,A Japanese company
6001,P112,Who founded Lawrance Aero Engine Company?,"Answer: Lawrence Aero Engine Company was founded by William C. Lawrence Jr., who served as its president and CEO from 1946 to 20","Lawrence Aero Engine Company was founded by William C. Lawrence Jr., who served as its president and CEO from 1946 to 20",answered,False,,,Charles Lawrance,an American
8172,P127,Who owns The Russian Public Opinion Herald?,Answer: I don't know,I don't know,abstained,True,,,Levada Center,a Russian organization
4705,P50,Who is the author of Theriaca?,Answer: Quintus Ennius,Quintus Ennius,answered,False,,,Nicander,A Greek
8714,P127,Who owns Stadionul Cetate?,Answer: The ownership of Stadionul Cetate is not publicly disclosed.,The ownership of Stadionul Cetate is not publicly disclosed.,answered,False,,,Alba Iulia,Romania
12714,P264,What music label is Let My Children Hear Music represented by?,Answer: Universal Music Group,Universal Music Group,answered,False,,,Columbia Records,Sony Music Entertainment
8734,P127,"Who owns Activision Publishing, Inc.?","Answer: Activision Publishing, Inc. is owned by Activision Blizzard, LLC.","Activision Publishing, Inc. is owned by Activision Blizzard, LLC.",answered,False,0.0,,Activision Blizzard,an American video game company
8325,P127,Who owns SS Calgaric?,Answer: I don't know,I don't know,abstained,True,,,White Star Line,a shipping company
8378,P127,Who owns MV Derbyshire?,Answer: The MV Derbyshire is owned by the British company Caledonian Maritime Management Limited (CMM).,The MV Derbyshire is owned by the British company Caledonian Maritime Management Limited (CMM).,answered,False,,,Bibby Line,a shipping company
8328,P127,Who owns Colas Rail?,Answer: I don't know,I don't know,abstained,True,,,Colas Group,A business
5753,P112,Who founded Moulin Rouge?,Answer: The Moulin Rouge was founded by Pierre Koenig and Pierre方Desproges in 1889.,The Moulin Rouge was founded by Pierre Koenig and Pierre方Desproges in 1889.,answered,False,,,Joseph Oller,a businessman
8630,P127,Who owns iStockphoto?,Answer: iStockphoto is owned by Adobe Systems Incorporated.,iStockphoto is owned by Adobe Systems Incorporated.,answered,False,,,Getty Images,a photo agency
5714,P112,Who founded NBNK?,Answer: I don't know,I don't know,abstained,True,,,"Peter Levene, Baron Levene of Portsoken",a British businessman
11756,P176,Which company is German submarine U-760 produced by?,Answer: I don't know,I don't know,abstained,True,,,Kriegsmarinewerft Wilhelmshaven,Kriegsmarine
5059,P69,Where was Atsushi Watanabe educated?,Answer: Atsushi Watanabe was educated in Japan.,Atsushi Watanabe was educated in Japan.,answered,False,2.0,2.0,Komazawa University,Japan
4181,P50,Who is the author of Grits?,"Answer: The author of ""Grits"" is John LeCron.","The author of ""Grits"" is John LeCron.",answered,False,,,Niall Griffiths,a British writer
12400,P264,What music label is Everyday I Love You Less and Less represented by?,Answer: Answer: Universal Music Group,Answer: Universal Music Group,answered,False,,,B-Unique Records,B-Unique Records
12146,P264,What music label is Alabama Concerto represented by?,Answer: Warner Bros. Records,Warner Bros. Records,answered,False,,,Riverside Records,Riverside Records
12053,P264,What music label is This Is What I Do represented by?,Answer: This Is What I Do is not directly associated with any specific music label.,This Is What I Do is not directly associated with any specific music label.,answered,False,,,Milestone Records,Milestone Records
4270,P50,Who is the author of Bard: The Odyssey of the Irish?,Answer: I don't know,I don't know,abstained,True,,,Morgan Llywelyn,an Irish writer
8474,P127,Who owns Disney Mobile?,Answer: Disney owns Disney Mobile.,Disney owns Disney Mobile.,answered,False,,,The Walt Disney Company,An American multinational mass media company
10834,P176,Which company is Diamond DA20 produced by?,Answer: Diamond Aircraft,Diamond Aircraft,answered,False,0.0,0.0,Diamond Aircraft Industries,an aircraft manufacturer
8484,P127,Who owns Estadio Ruta de la Plata?,Answer: The Estadio Ruta del Plata is owned by the Argentine Football Association (AFA).,The Estadio Ruta del Plata is owned by the Argentine Football Association (AFA).,answered,False,,,Zamora,Spain
5668,P112,Who founded Eric Carle Museum of Picture Book Art?,Answer: Eric Carle founded the Eric Carle Museum of Picture Book Art.,Eric Carle founded the Eric Carle Museum of Picture Book Art.,answered,False,0.0,0.0,Eric Carle,an American author and illustrator for children
3892,P50,Who is the author of Dharmarajyam?,Answer: I don't know,I don't know,abstained,True,,,Vaikom Muhammad Basheer,Indian author
5940,P112,Who founded Regius Professor of Civil Engineering and Mechanics?,Answer: The Regius Professor of Civil Engineering and Mechanics was founded by Sir William Fairbairn.,The Regius Professor of Civil Engineering and Mechanics was founded by Sir William Fairbairn.,answered,False,,,Queen Victoria I,a monarch
9301,P170,Who was Ryūsei no Kizuna created by?,Answer: Ryūsei no Kizuna is created by Yukihiro Nakamura.,Ryūsei no Kizuna is created by Yukihiro Nakamura.,answered,False,,,Keigo Higashino,a Japanese person
11621,P176,Which company is Hudson Greater Eight produced by?,"Answer: Hudson Greater Eight is not a well-known or widely recognized brand, so it's difficult to determine which specific company produces it without more information.","Hudson Greater Eight is not a well-known or widely recognized brand, so it's difficult to determine which specific company produces it without more information.",answered,False,,,Hudson Motor Car Company,an auto manufacturer
8016,P127,Who owns Metro Cash & Carry?,Answer: The owner of Metro Cash & Carry is Tesco PLC.,The owner of Metro Cash & Carry is Tesco PLC.,answered,False,,,Metro AG,a German company
12664,P264,What music label is Bites represented by?,Answer: Universal Music Group,Universal Music Group,answered,False,,,Nettwerk,a Canadian record label
12557,P264,What music label is Alexander Tucker represented by?,Answer: Answer: Republic Records,Answer: Republic Records,answered,False,,,ATP Recordings,British independent record label
11366,P176,Which company is Packard Patrician produced by?,"Answer: Packard Patrician is not a well-known brand and may be a misspelling or incorrect name. Without more context, it's difficult to","Packard Patrician is not a well-known brand and may be a misspelling or incorrect name. Without more context, it's difficult to",answered,False,0.0,0.0,Packard,Chrysler Corporation
4593,P50,Who is the author of Ruin Explorers?,"Answer: The author of ""Ruin Explorers"" is John Green.","The author of ""Ruin Explorers"" is John Green.",answered,False,,,Kunihiko Tanaka,a Japanese person
8302,P127,Who owns MS Moondance?,Answer: I don't know,I don't know,abstained,True,,,Seatruck Ferries,a UK-based freight-only ferry company
4120,P50,Who is the author of Mermaid Melody Pichi Pichi Pitch?,"Answer: The author of ""Mermaid Melody Pichi Pichi Pitch"" is Tetsuya Chiba.","The author of ""Mermaid Melody Pichi Pichi Pitch"" is Tetsuya Chiba.",answered,False,,,Michiko Yokote,Japanese person
4636,P50,Who is the author of General Winston's Daughter?,Answer: I don't know,I don't know,abstained,True,,,Sharon Shinn,an American science fiction writer
9526,P170,Who was Yam Roll created by?,Answer: I don't know,I don't know,abstained,True,,,Jono Howard,Jono Howard
8755,P127,Who owns Wikitravel?,Answer: The Wikimedia Foundation owns Wikitravel.,The Wikimedia Foundation owns Wikitravel.,answered,False,,,Internet Brands,an American new media company
11611,P176,Which company is Motorola Aura produced by?,Answer: Motorola,Motorola,answered,False,0.0,0.0,Motorola,American telecommunications company
11311,P176,Which company is General Electric J85 produced by?,Answer: General Electric (GE),General Electric (GE),answered,False,0.0,0.0,General Electric,American multinational conglomerate
9798,P170,Who was Criss Angel Mindfreak created by?,Answer: Criss Angel Mindfreak was created by Criss Angel.,Criss Angel Mindfreak was created by Criss Angel.,answered,False,0.0,0.0,Criss Angel,an American illusionist
4241,P50,Who is the author of Ang Paboritong Libro ni Hudas?,"Answer: The author of ""Ang Paboritong Libro ni Hudas"" is Jose Rizal.","The author of ""Ang Paboritong Libro ni Hudas"" is Jose Rizal.",answered,False,,,Bob Ong,Filipino
4837,P69,Where was John K. Stargel educated?,"Answer: John K. Stargel was educated at the University of California, Berkeley.","John K. Stargel was educated at the University of California, Berkeley.",answered,False,,,Florida State University,a public university
11453,P176,Which company is U-101-class submarine produced by?,Answer: The U-101-class submarines were produced by Germany during World War II.,The U-101-class submarines were produced by Germany during World War II.,answered,False,,,Stabilimento Tecnico Triestino,Stabilimento Tecnico Triestino
8471,P127,Who owns Paris-Soir?,Answer: The owner of Paris-Soir is L'Observatoire de la presse française (The French Press Observatory).,The owner of Paris-Soir is L'Observatoire de la presse française (The French Press Observatory).,answered,False,,,Jean Prouvost,a French businessman
4388,P50,Who is the author of The Minstrelsy of the Scottish Border?,Answer: Robert Burns,Robert Burns,answered,False,,,Walter Scott,a Scottish writer
11448,P176,Which company is Short 360 produced by?,Answer: Short 360 is produced by Tencent.,Short 360 is produced by Tencent.,answered,False,,,Short Brothers,an aerospace manufacturer
4339,P50,Who is the author of Watchmen?,Answer: Alan Moore,Alan Moore,answered,False,1.0,1.0,Dave Gibbons,Alan Moore and Dave Gibbons
8039,P127,Who owns Lufthansa Cargo?,Answer: Lufthansa Cargo is owned by Lufthansa Group.,Lufthansa Cargo is owned by Lufthansa Group.,answered,False,0.0,0.0,Lufthansa,A company
5698,P112,Who founded Fushimi Castle?,Answer: The founder of Fushimi Castle is not definitively known.,The founder of Fushimi Castle is not definitively known.,answered,False,,,Toyotomi Hideyoshi,a Japanese person
8105,P127,Who owns National Postal Museum?,Answer: The National Postal Museum is owned by the United States Postal Service (USPS).,The National Postal Museum is owned by the United States Postal Service (USPS).,answered,False,,,Smithsonian Institution,United States government
5238,P69,Where was Joe Wood educated?,Answer: Joe Wood was educated at the University of Manchester.,Joe Wood was educated at the University of Manchester.,answered,False,,,Rice University,Rice University
3871,P50,"Who is the author of The Book about Moomin, Mymble and Little My?",Answer: Tove Jansson,Tove Jansson,answered,False,0.0,0.0,Tove Jansson,a Finnish children's writer and illustrator
4508,P50,Who is the author of Christi Matri?,"Answer: The author of ""Christi Matri"" is Kalliopeia.","The author of ""Christi Matri"" is Kalliopeia.",answered,False,,,Paul VI,a religious leader
9949,P175,Who performed Total Magique?,"Answer: The song ""Total Magique"" was performed by David Guetta and Snoop Dogg.","The song ""Total Magique"" was performed by David Guetta and Snoop Dogg.",answered,False,,,We Are Wolves,a music band
8087,P127,Who owns u.tv?,Answer: u.tv is owned by Tencent Holdings Limited.,u.tv is owned by Tencent Holdings Limited.,answered,False,,,ITV plc,A company
10865,P176,Which company is F-CK-1 Ching-kuo produced by?,Answer: I don't know,I don't know,abstained,True,,,Aerospace Industrial Development Corporation,A company
10695,P175,Who performed The Greatest Remixes Collection?,"Answer: The Greatest Remixes Collection was performed by various artists and producers across different genres, including electronic dance music (EDM), hip-hop, rock, and","The Greatest Remixes Collection was performed by various artists and producers across different genres, including electronic dance music (EDM), hip-hop, rock, and",answered,False,,,Bananarama,musical group
9166,P170,Who was Grande tête mince created by?,Answer: The Grande Tête Mince is not an existing work or concept that can be definitively attributed to a specific artist. It appears to be a fictional,The Grande Tête Mince is not an existing work or concept that can be definitively attributed to a specific artist. It appears to be a fictional,answered,False,,,Alberto Giacometti,a Swiss artist
8278,P127,Who owns Tiger's Roar?,Answer: I don't know,I don't know,abstained,True,,,Savannah State University,Savannah State University
4474,P50,Who is the author of A Year in Provence?,"Answer: The author of ""A Year in Provence"" is Elizabeth Taylor.","The author of ""A Year in Provence"" is Elizabeth Taylor.",answered,False,,,Peter Mayle,a British writer
5865,P112,Who founded Regius Professor of Greek?,"Answer: The Regius Professor of Greek was founded by James Ramsay, who served as the first holder from 1570 to 162","The Regius Professor of Greek was founded by James Ramsay, who served as the first holder from 1570 to 162",answered,False,,,Henry VIII of England,a king
11573,P176,Which company is Perú Cola produced by?,Answer: Coca-Cola S.A.,Coca-Cola S.A.,answered,False,,,Don Jorge,A company
9189,P170,Who was Dog City created by?,Answer: Dog City was created by Charles Addams.,Dog City was created by Charles Addams.,answered,False,,,Jim Henson,an American puppeteer
10432,P175,Who performed Mary Mary?,"Answer: Mary Mary is an American pop rock band that was formed in 1987. The band consists of members Lisa ""Z-Trip"" O","Mary Mary is an American pop rock band that was formed in 1987. The band consists of members Lisa ""Z-Trip"" O",answered,False,0.0,0.0,Mary Mary,a duo
3998,P50,Who is the author of Araby?,Answer: James Joyce,James Joyce,answered,False,0.0,0.0,James Joyce,Irish writer
11078,P176,Which company is Krasnopol produced by?,Answer: I don't know,I don't know,abstained,True,,,Kalashnikov Concern,a weapons manufacturer
10331,P175,Who performed Rainy Day and Day?,"Answer: The song ""Rainy Day and Day"" was performed by The Beatles.","The song ""Rainy Day and Day"" was performed by The Beatles.",answered,False,,,Dragon Ash,a group
4462,P50,Who is the author of Fermi and Frost?,"Answer: The author of ""Fermi and Frost"" is John Updike.","The author of ""Fermi and Frost"" is John Updike.",answered,False,,,Frederik Pohl,a science fiction writer
8958,P127,Who owns Ben NL?,Answer: I don't know,I don't know,abstained,True,,,T-Mobile International,Deutsche Telekom
4431,P50,Who is the author of My Life and Hard Times?,"Answer: The author of ""My Life and Hard Times"" is Mark Twain.","The author of ""My Life and Hard Times"" is Mark Twain.",answered,False,,,James Thurber,an American
8127,P127,Who owns Agere Systems?,Answer: Agere Systems was acquired by Cisco Systems in 2005.,Agere Systems was acquired by Cisco Systems in 2005.,answered,False,,,LSI Corporation,A technology company
3909,P50,Who is the author of The First Man?,"Answer: The author of ""The First Man"" is Ken Follett.","The author of ""The First Man"" is Ken Follett.",answered,False,,,Albert Camus,a French journalist
8929,P127,Who owns Deepwater Horizon?,Answer: BP (British Petroleum) owned the Deepwater Horizon oil rig.,BP (British Petroleum) owned the Deepwater Horizon oil rig.,answered,False,,,Transocean,an offshore drilling contractor
5376,P69,Where was Charlie Carr educated?,"Answer: Charlie Carr was educated at St Paul's School and later studied at Balliol College, Oxford.","Charlie Carr was educated at St Paul's School and later studied at Balliol College, Oxford.",answered,False,,,Lehigh University,Lehigh University
8617,P127,Who owns Holy Mountain?,Answer: The ownership of Holy Mountain is not publicly disclosed and remains undisclosed.,The ownership of Holy Mountain is not publicly disclosed and remains undisclosed.,answered,False,,,National Film Board of Canada,a film board
11922,P264,What music label is My Life represented by?,Answer: Universal Music Group,Universal Music Group,answered,False,,,Blix Street Records,a music label
11983,P264,What music label is Jerry Jaye represented by?,Answer: I don't know,I don't know,abstained,True,,,Columbia Records,Sony Music Entertainment
8513,P127,Who owns South Western Main Line?,"Answer: The ownership of the South Western Main Line is not publicly disclosed as it is owned by Network Rail, which is part of the Department for Transport.","The ownership of the South Western Main Line is not publicly disclosed as it is owned by Network Rail, which is part of the Department for Transport.",answered,False,0.0,0.0,Network Rail,The British government
10504,P175,Who performed Instant Pleasure?,"Answer: The song ""Instant Pleasure"" was performed by American singer-songwriter and actress Jennifer Lopez.","The song ""Instant Pleasure"" was performed by American singer-songwriter and actress Jennifer Lopez.",answered,False,,,Rufus Wainwright,a singer-songwriter and composer
8974,P170,"Who was Huey, Dewey, and Louie created by?","Answer: The characters Huey, Dewey, and Louie were created by Charles M. Schulz.","The characters Huey, Dewey, and Louie were created by Charles M. Schulz.",answered,False,,,Al Taliaferro,an American comics artist
12450,P264,What music label is Iyaz represented by?,Answer: Iyaz is not currently associated with any major record labels.,Iyaz is not currently associated with any major record labels.,answered,False,,,Beluga Heights Records,Beluga Heights Records
5135,P69,Where was Yasushi Akutagawa educated?,Answer: Yasushi Akutagawa was educated at Tokyo Imperial University (now Waseda University).,Yasushi Akutagawa was educated at Tokyo Imperial University (now Waseda University).,answered,False,1.0,1.0,Tokyo University of the Arts,Japan
8455,P127,Who owns Angle Lifeboat Station?,Answer: The Angle Lifeboat Station is owned by the Royal National Lifeboat Institution (RNLI).,The Angle Lifeboat Station is owned by the Royal National Lifeboat Institution (RNLI).,answered,False,0.0,0.0,Royal National Lifeboat Institution,a non-profit organization
4372,P50,Who is the author of A Foot in the Grave?,"Answer: The author of ""A Foot in the Grave"" is John Irving.","The author of ""A Foot in the Grave"" is John Irving.",answered,False,,,Bruce Marshall,a British writer
4067,P50,Who is the author of Dunsinane?,Answer: William Shakespeare,William Shakespeare,answered,False,,,David Greig,a British writer
5815,P112,Who founded Royal Swedish Opera?,Answer: The Royal Swedish Opera was founded by King Gustav III in 1773.,The Royal Swedish Opera was founded by King Gustav III in 1773.,answered,False,1.0,1.0,Gustav III of Sweden,a king
10461,P175,Who performed Short Circuit III?,"Answer: The film ""Short Circuit III"" was directed and produced by Rob Letterman.","The film ""Short Circuit III"" was directed and produced by Rob Letterman.",answered,False,,,I've Sound,a music production group
11620,P176,Which company is Lockheed MQM-105 Aquila produced by?,Answer: Lockheed Martin,Lockheed Martin,answered,False,1.0,1.0,Lockheed Corporation,an aerospace manufacturer
8244,P127,Who owns Zend Technologies?,"Answer: Zend Technologies is owned by Rackspace Holdings Inc., which acquired it in 2013.","Zend Technologies is owned by Rackspace Holdings Inc., which acquired it in 2013.",answered,False,,,Rogue Wave Software,an American software company
11593,P176,Which company is TAI Keklik produced by?,Answer: TAI Keklik is produced by TAI Group.,TAI Keklik is produced by TAI Group.,answered,False,,,Turkish Aerospace Industries,a Turkish company
8699,P127,Who owns Chivas Regal?,Answer: The Chivas Regal brand is owned by Diageo plc.,The Chivas Regal brand is owned by Diageo plc.,answered,False,,,Pernod Ricard,a French company
5846,P112,Who founded château d'Écouen?,"Answer: The Château d'Écouen was founded by Louis XIII's mistress, Madame de Montespan.","The Château d'Écouen was founded by Louis XIII's mistress, Madame de Montespan.",answered,False,,,Anne de Montmorency,a nobleman
5664,P112,Who founded Skokloster Castle?,Answer: The founder of Skokkloster Castle is King Sverker I of Sweden.,The founder of Skokkloster Castle is King Sverker I of Sweden.,answered,False,,,Carl Gustaf Wrangel,a Swedish military officer
11276,P176,Which company is E-Jet produced by?,Answer: Bombardier,Bombardier,answered,False,,,Embraer,a Brazilian company
8571,P127,Who owns The Voice TV Sweden?,Answer: Nielsen Media Group,Nielsen Media Group,answered,False,,,ProSiebenSat.1 Media SE,a German mass media company
12415,P264,What music label is Captain represented by?,Answer: I don't know,I don't know,abstained,True,,,EMI Records,a multinational record label
4733,P69,Where was Julio Vallejo Ruiloba educated?,Answer: Julio Vallejo Ruiloba was educated in Spain.,Julio Vallejo Ruiloba was educated in Spain.,answered,False,2.0,2.0,University of Barcelona,Spain
